arm,backbone,polarity,protocol,subject,budget_minutes,usable_minutes,elapsed_minutes,trainable_parameters,stored_bytes,mae,rmse,pearson,n_test_windows,alpha,rank,seed,hyperparameters,commit,timestamp,notes
reproduction,p,asis,papagei-9-3-3,S1+S2+S3,,,,0,0,9.5967,12.6726,0.6835,13069,0.1,,0,"{""cv"": 4, ""criterion"": ""mse"", ""validation_held_out"": ""S4+S5+S6""}",019ad93,2026-09-29T04:02:53+00:00,"bootstrap_mae_ci=[9.4749,9.7554]"
reproduction,p,asis,papagei-9-3-3,S1+S2+S4,,,,0,0,9.913,12.8638,0.6495,13274,0.1,,0,"{""cv"": 4, ""criterion"": ""mse"", ""validation_held_out"": ""S3+S5+S6""}",019ad93,2026-09-29T04:02:54+00:00,"bootstrap_mae_ci=[9.7809,10.0443]"
reproduction,p,asis,papagei-9-3-3,S1+S2+S5,,,,0,0,15.7461,21.7444,0.6661,13351,0.1,,0,"{""cv"": 4, ""criterion"": ""mse"", ""validation_held_out"": ""S3+S4+S6""}",019ad93,2026-09-29T04:02:55+00:00,"bootstrap_mae_ci=[15.4888,15.9829]"
reproduction,p,asis,papagei-9-3-3,S1+S2+S6,,,,0,0,12.6474,16.9588,0.7272,11324,0.1,,0,"{""cv"": 4, ""criterion"": ""mse"", ""validation_held_out"": ""S3+S4+S5""}",019ad93,2026-09-29T04:02:55+00:00,"bootstrap_mae_ci=[12.4439,12.8510]"
reproduction,p,asis,papagei-9-3-3,S1+S2+S7,,,,0,0,9.9497,13.0604,0.7447,13370,0.1,,0,"{""cv"": 4, ""criterion"": ""mse"", ""validation_held_out"": ""S3+S4+S5""}",019ad93,2026-09-29T04:02:56+00:00,"bootstrap_mae_ci=[9.8117,10.1034]"
reproduction,p,asis,papagei-9-3-3,S1+S2+S8,,,,0,0,12.1508,15.2804,0.6394,12739,0.1,,0,"{""cv"": 4, ""criterion"": ""mse"", ""validation_held_out"": ""S3+S4+S5""}",019ad93,2026-09-29T04:02:57+00:00,"bootstrap_mae_ci=[11.9851,12.3015]"
reproduction,p,asis,papagei-9-3-3,S1+S2+S9,,,,0,0,12.2722,15.7778,0.6009,12979,0.1,,0,"{""cv"": 4, ""criterion"": ""mse"", ""validation_held_out"": ""S3+S4+S5""}",019ad93,2026-09-29T04:02:57+00:00,"bootstrap_mae_ci=[12.1086,12.4497]"
reproduction,p,asis,papagei-9-3-3,S1+S2+S10,,,,0,0,11.0081,14.5872,0.5908,14023,0.1,,0,"{""cv"": 4, ""criterion"": ""mse"", ""validation_held_out"": ""S3+S4+S5""}",019ad93,2026-09-29T04:02:58+00:00,"bootstrap_mae_ci=[10.8623,11.1578]"
reproduction,p,asis,papagei-9-3-3,S1+S2+S11,,,,0,0,11.9769,16.0807,0.6812,13223,0.1,,0,"{""cv"": 4, ""criterion"": ""mse"", ""validation_held_out"": ""S3+S4+S5""}",019ad93,2026-09-29T04:02:58+00:00,"bootstrap_mae_ci=[11.7979,12.1435]"
reproduction,p,asis,papagei-9-3-3,S1+S2+S12,,,,0,0,12.297,15.205,0.6701,12656,0.1,,0,"{""cv"": 4, ""criterion"": ""mse"", ""validation_held_out"": ""S3+S4+S5""}",019ad93,2026-09-29T04:02:59+00:00,"bootstrap_mae_ci=[12.1364,12.4440]"
reproduction,p,asis,papagei-9-3-3,S1+S2+S13,,,,0,0,10.2121,13.4098,0.7504,13267,0.1,,0,"{""cv"": 4, ""criterion"": ""mse"", ""validation_held_out"": ""S3+S4+S5""}",019ad93,2026-09-29T04:03:00+00:00,"bootstrap_mae_ci=[10.0743,10.3663]"
reproduction,p,asis,papagei-9-3-3,S1+S2+S14,,,,0,0,10.1435,13.2627,0.7254,13178,0.1,,0,"{""cv"": 4, ""criterion"": ""mse"", ""validation_held_out"": ""S3+S4+S5""}",019ad93,2026-09-29T04:03:00+00:00,"bootstrap_mae_ci=[10.0011,10.2795]"
reproduction,p,asis,papagei-9-3-3,S1+S2+S15,,,,0,0,10.9898,14.1265,0.6726,12668,0.1,,0,"{""cv"": 4, ""criterion"": ""mse"", ""validation_held_out"": ""S3+S4+S5""}",019ad93,2026-09-29T04:03:01+00:00,"bootstrap_mae_ci=[10.8549,11.1403]"
reproduction,p,asis,papagei-9-3-3,S1+S3+S4,,,,0,0,8.4952,11.4842,0.7205,13542,0.1,,0,"{""cv"": 4, ""criterion"": ""mse"", ""validation_held_out"": ""S2+S5+S6""}",019ad93,2026-09-29T04:03:01+00:00,"bootstrap_mae_ci=[8.3776,8.6192]"
reproduction,p,asis,papagei-9-3-3,S1+S3+S5,,,,0,0,14.2216,20.8175,0.7284,13619,0.1,,0,"{""cv"": 4, ""criterion"": ""mse"", ""validation_held_out"": ""S2+S4+S6""}",019ad93,2026-09-29T04:03:02+00:00,"bootstrap_mae_ci=[13.9715,14.4743]"
reproduction,p,asis,papagei-9-3-3,S1+S3+S6,,,,0,0,10.928,15.6696,0.7892,11592,0.1,,0,"{""cv"": 4, ""criterion"": ""mse"", ""validation_held_out"": ""S2+S4+S5""}",019ad93,2026-09-29T04:03:03+00:00,"bootstrap_mae_ci=[10.7189,11.1446]"
reproduction,p,asis,papagei-9-3-3,S1+S3+S7,,,,0,0,8.2052,11.1356,0.7988,13638,0.1,,0,"{""cv"": 4, ""criterion"": ""mse"", ""validation_held_out"": ""S2+S4+S5""}",019ad93,2026-09-29T04:03:03+00:00,"bootstrap_mae_ci=[8.0766,8.3245]"
reproduction,p,asis,papagei-9-3-3,S1+S3+S8,,,,0,0,10.0808,13.3136,0.6847,13007,0.1,,0,"{""cv"": 4, ""criterion"": ""mse"", ""validation_held_out"": ""S2+S4+S5""}",019ad93,2026-09-29T04:03:04+00:00,"bootstrap_mae_ci=[9.9330,10.2267]"
reproduction,p,asis,papagei-9-3-3,S1+S3+S9,,,,0,0,10.3427,13.9947,0.6754,13247,0.1,,0,"{""cv"": 4, ""criterion"": ""mse"", ""validation_held_out"": ""S2+S4+S5""}",019ad93,2026-09-29T04:03:04+00:00,"bootstrap_mae_ci=[10.1861,10.5103]"
reproduction,p,asis,papagei-9-3-3,S1+S3+S10,,,,0,0,9.3899,13.0348,0.6686,14291,0.1,,0,"{""cv"": 4, ""criterion"": ""mse"", ""validation_held_out"": ""S2+S4+S5""}",019ad93,2026-09-29T04:03:05+00:00,"bootstrap_mae_ci=[9.2567,9.5332]"
reproduction,p,asis,papagei-9-3-3,S1+S3+S11,,,,0,0,10.5482,14.9041,0.7524,13491,0.1,,0,"{""cv"": 4, ""criterion"": ""mse"", ""validation_held_out"": ""S2+S4+S5""}",019ad93,2026-09-29T04:03:06+00:00,"bootstrap_mae_ci=[10.3709,10.7259]"
reproduction,p,asis,papagei-9-3-3,S1+S3+S12,,,,0,0,10.4151,13.4899,0.7137,12924,0.1,,0,"{""cv"": 4, ""criterion"": ""mse"", ""validation_held_out"": ""S2+S4+S5""}",019ad93,2026-09-29T04:03:06+00:00,"bootstrap_mae_ci=[10.2624,10.5617]"
reproduction,p,asis,papagei-9-3-3,S1+S3+S13,,,,0,0,8.5184,11.6364,0.8046,13535,0.1,,0,"{""cv"": 4, ""criterion"": ""mse"", ""validation_held_out"": ""S2+S4+S5""}",019ad93,2026-09-29T04:03:07+00:00,"bootstrap_mae_ci=[8.3856,8.6681]"
reproduction,p,asis,papagei-9-3-3,S1+S3+S14,,,,0,0,8.4203,11.4009,0.788,13446,0.1,,0,"{""cv"": 4, ""criterion"": ""mse"", ""validation_held_out"": ""S2+S4+S5""}",019ad93,2026-09-29T04:03:07+00:00,"bootstrap_mae_ci=[8.3203,8.5447]"
reproduction,p,asis,papagei-9-3-3,S1+S3+S15,,,,0,0,9.0378,12.137,0.7438,12936,0.1,,0,"{""cv"": 4, ""criterion"": ""mse"", ""validation_held_out"": ""S2+S4+S5""}",019ad93,2026-09-29T04:03:08+00:00,"bootstrap_mae_ci=[8.8981,9.1778]"
reproduction,p,asis,papagei-9-3-3,S1+S4+S5,,,,0,0,14.4567,20.8329,0.696,13824,0.1,,0,"{""cv"": 4, ""criterion"": ""mse"", ""validation_held_out"": ""S2+S3+S6""}",019ad93,2026-09-29T04:03:08+00:00,"bootstrap_mae_ci=[14.1753,14.7360]"
reproduction,p,asis,papagei-9-3-3,S1+S4+S6,,,,0,0,11.2607,15.7973,0.7567,11797,0.1,,0,"{""cv"": 4, ""criterion"": ""mse"", ""validation_held_out"": ""S2+S3+S5""}",019ad93,2026-09-29T04:03:09+00:00,"bootstrap_mae_ci=[11.0651,11.4564]"
reproduction,p,asis,papagei-9-3-3,S1+S4+S7,,,,0,0,8.6438,11.5371,0.772,13843,0.1,,0,"{""cv"": 4, ""criterion"": ""mse"", ""validation_held_out"": ""S2+S3+S5""}",019ad93,2026-09-29T04:03:10+00:00,"bootstrap_mae_ci=[8.5204,8.7691]"
reproduction,p,asis,papagei-9-3-3,S1+S4+S8,,,,0,0,10.621,13.7293,0.6584,13212,0.1,,0,"{""cv"": 4, ""criterion"": ""mse"", ""validation_held_out"": ""S2+S3+S5""}",019ad93,2026-09-29T04:03:10+00:00,"bootstrap_mae_ci=[10.4773,10.7718]"
reproduction,p,asis,papagei-9-3-3,S1+S4+S9,,,,0,0,10.8084,14.3262,0.6358,13452,0.1,,0,"{""cv"": 4, ""criterion"": ""mse"", ""validation_held_out"": ""S2+S3+S5""}",019ad93,2026-09-29T04:03:11+00:00,"bootstrap_mae_ci=[10.6568,10.9691]"
reproduction,p,asis,papagei-9-3-3,S1+S4+S10,,,,0,0,9.7765,13.3218,0.6249,14496,0.1,,0,"{""cv"": 4, ""criterion"": ""mse"", ""validation_held_out"": ""S2+S3+S5""}",019ad93,2026-09-29T04:03:11+00:00,"bootstrap_mae_ci=[9.6394,9.9247]"
reproduction,p,asis,papagei-9-3-3,S1+S4+S11,,,,0,0,10.7768,15.0045,0.7186,13696,0.1,,0,"{""cv"": 4, ""criterion"": ""mse"", ""validation_held_out"": ""S2+S3+S5""}",019ad93,2026-09-29T04:03:12+00:00,"bootstrap_mae_ci=[10.6022,10.9554]"
reproduction,p,asis,papagei-9-3-3,S1+S4+S12,,,,0,0,10.907,13.8535,0.6838,13129,0.1,,0,"{""cv"": 4, ""criterion"": ""mse"", ""validation_held_out"": ""S2+S3+S5""}",019ad93,2026-09-29T04:03:13+00:00,"bootstrap_mae_ci=[10.7563,11.0439]"
reproduction,p,asis,papagei-9-3-3,S1+S4+S13,,,,0,0,8.9267,11.9818,0.7782,13740,0.1,,0,"{""cv"": 4, ""criterion"": ""mse"", ""validation_held_out"": ""S2+S3+S5""}",019ad93,2026-09-29T04:03:13+00:00,"bootstrap_mae_ci=[8.7873,9.0492]"
reproduction,p,asis,papagei-9-3-3,S1+S4+S14,,,,0,0,8.8463,11.7772,0.7571,13651,0.1,,0,"{""cv"": 4, ""criterion"": ""mse"", ""validation_held_out"": ""S2+S3+S5""}",019ad93,2026-09-29T04:03:14+00:00,"bootstrap_mae_ci=[8.7218,8.9702]"
reproduction,p,asis,papagei-9-3-3,S1+S4+S15,,,,0,0,9.4906,12.5133,0.7093,13141,0.1,,0,"{""cv"": 4, ""criterion"": ""mse"", ""validation_held_out"": ""S2+S3+S5""}",019ad93,2026-09-29T04:03:14+00:00,"bootstrap_mae_ci=[9.3473,9.6156]"
reproduction,p,asis,papagei-9-3-3,S1+S5+S6,,,,0,0,17.8107,24.384,0.7231,11874,0.1,,0,"{""cv"": 4, ""criterion"": ""mse"", ""validation_held_out"": ""S2+S3+S4""}",019ad93,2026-09-29T04:03:15+00:00,"bootstrap_mae_ci=[17.5254,18.1122]"
reproduction,p,asis,papagei-9-3-3,S1+S5+S7,,,,0,0,13.5505,19.686,0.7434,13920,0.1,,0,"{""cv"": 4, ""criterion"": ""mse"", ""validation_held_out"": ""S2+S3+S4""}",019ad93,2026-09-29T04:03:15+00:00,"bootstrap_mae_ci=[13.3183,13.8121]"
reproduction,p,asis,papagei-9-3-3,S1+S5+S8,,,,0,0,15.3852,20.8708,0.7135,13289,0.1,,0,"{""cv"": 4, ""criterion"": ""mse"", ""validation_held_out"": ""S2+S3+S4""}",019ad93,2026-09-29T04:03:16+00:00,"bootstrap_mae_ci=[15.1582,15.6432]"
reproduction,p,asis,papagei-9-3-3,S1+S5+S9,,,,0,0,15.6453,21.384,0.6922,13529,0.1,,0,"{""cv"": 4, ""criterion"": ""mse"", ""validation_held_out"": ""S2+S3+S4""}",019ad93,2026-09-29T04:03:17+00:00,"bootstrap_mae_ci=[15.4195,15.8846]"
reproduction,p,asis,papagei-9-3-3,S1+S5+S10,,,,0,0,14.4491,20.5063,0.6857,14573,0.1,,0,"{""cv"": 4, ""criterion"": ""mse"", ""validation_held_out"": ""S2+S3+S4""}",019ad93,2026-09-29T04:03:17+00:00,"bootstrap_mae_ci=[14.2236,14.6742]"
reproduction,p,asis,papagei-9-3-3,S1+S5+S11,,,,0,0,16.4912,22.8307,0.702,13773,0.1,,0,"{""cv"": 4, ""criterion"": ""mse"", ""validation_held_out"": ""S2+S3+S4""}",019ad93,2026-09-29T04:03:18+00:00,"bootstrap_mae_ci=[16.2426,16.7653]"
reproduction,p,asis,papagei-9-3-3,S1+S5+S12,,,,0,0,15.8672,21.1225,0.7386,13206,0.1,,0,"{""cv"": 4, ""criterion"": ""mse"", ""validation_held_out"": ""S2+S3+S4""}",019ad93,2026-09-29T04:03:18+00:00,"bootstrap_mae_ci=[15.6419,16.1010]"
reproduction,p,asis,papagei-9-3-3,S1+S5+S13,,,,0,0,14.0418,20.2149,0.7482,13817,0.1,,0,"{""cv"": 4, ""criterion"": ""mse"", ""validation_held_out"": ""S2+S3+S4""}",019ad93,2026-09-29T04:03:19+00:00,"bootstrap_mae_ci=[13.8306,14.2880]"
reproduction,p,asis,papagei-9-3-3,S1+S5+S14,,,,0,0,13.8855,20.0108,0.7361,13728,0.1,,0,"{""cv"": 4, ""criterion"": ""mse"", ""validation_held_out"": ""S2+S3+S4""}",019ad93,2026-09-29T04:03:20+00:00,"bootstrap_mae_ci=[13.6708,14.1564]"
reproduction,p,asis,papagei-9-3-3,S1+S5+S15,,,,0,0,14.618,20.5602,0.7414,13218,0.1,,0,"{""cv"": 4, ""criterion"": ""mse"", ""validation_held_out"": ""S2+S3+S4""}",019ad93,2026-09-29T04:03:20+00:00,"bootstrap_mae_ci=[14.3797,14.8599]"
reproduction,p,asis,papagei-9-3-3,S1+S6+S7,,,,0,0,10.6233,14.734,0.8104,11893,0.1,,0,"{""cv"": 4, ""criterion"": ""mse"", ""validation_held_out"": ""S2+S3+S4""}",019ad93,2026-09-29T04:03:21+00:00,"bootstrap_mae_ci=[10.4534,10.7978]"
reproduction,p,asis,papagei-9-3-3,S1+S6+S8,,,,0,0,13.1151,17.0886,0.7502,11262,0.1,,0,"{""cv"": 4, ""criterion"": ""mse"", ""validation_held_out"": ""S2+S3+S4""}",019ad93,2026-09-29T04:03:21+00:00,"bootstrap_mae_ci=[12.9324,13.3178]"
reproduction,p,asis,papagei-9-3-3,S1+S6+S9,,,,0,0,13.3432,17.5613,0.7342,11502,0.1,,0,"{""cv"": 4, ""criterion"": ""mse"", ""validation_held_out"": ""S2+S3+S4""}",019ad93,2026-09-29T04:03:22+00:00,"bootstrap_mae_ci=[13.1323,13.5356]"
reproduction,p,asis,papagei-9-3-3,S1+S6+S10,,,,0,0,11.8392,16.1447,0.7385,12546,0.1,,0,"{""cv"": 4, ""criterion"": ""mse"", ""validation_held_out"": ""S2+S3+S4""}",019ad93,2026-09-29T04:03:23+00:00,"bootstrap_mae_ci=[11.6402,12.0216]"
reproduction,p,asis,papagei-9-3-3,S1+S6+S11,,,,0,0,12.995,17.9372,0.7785,11746,0.1,,0,"{""cv"": 4, ""criterion"": ""mse"", ""validation_held_out"": ""S2+S3+S4""}",019ad93,2026-09-29T04:03:23+00:00,"bootstrap_mae_ci=[12.7925,13.2270]"
reproduction,p,asis,papagei-9-3-3,S1+S6+S12,,,,0,0,13.6771,17.4155,0.7765,11179,0.1,,0,"{""cv"": 4, ""criterion"": ""mse"", ""validation_held_out"": ""S2+S3+S4""}",019ad93,2026-09-29T04:03:24+00:00,"bootstrap_mae_ci=[13.4992,13.8682]"
reproduction,p,asis,papagei-9-3-3,S1+S6+S13,,,,0,0,10.9258,15.0976,0.8188,11790,0.1,,0,"{""cv"": 4, ""criterion"": ""mse"", ""validation_held_out"": ""S2+S3+S4""}",019ad93,2026-09-29T04:03:24+00:00,"bootstrap_mae_ci=[10.7543,11.1370]"
reproduction,p,asis,papagei-9-3-3,S1+S6+S14,,,,0,0,10.8425,14.9698,0.8049,11701,0.1,,0,"{""cv"": 4, ""criterion"": ""mse"", ""validation_held_out"": ""S2+S3+S4""}",019ad93,2026-09-29T04:03:25+00:00,"bootstrap_mae_ci=[10.6642,11.0393]"
reproduction,p,asis,papagei-9-3-3,S1+S6+S15,,,,0,0,11.7388,15.8234,0.7919,11191,0.1,,0,"{""cv"": 4, ""criterion"": ""mse"", ""validation_held_out"": ""S2+S3+S4""}",019ad93,2026-09-29T04:03:25+00:00,"bootstrap_mae_ci=[11.5263,11.9536]"
reproduction,p,asis,papagei-9-3-3,S1+S7+S8,,,,0,0,11.154,14.6357,0.7397,13308,0.1,,0,"{""cv"": 4, ""criterion"": ""mse"", ""validation_held_out"": ""S2+S3+S4""}",019ad93,2026-09-29T04:03:26+00:00,"bootstrap_mae_ci=[11.0097,11.3052]"
reproduction,p,asis,papagei-9-3-3,S1+S7+S9,,,,0,0,11.3097,15.0767,0.7183,13548,0.1,,0,"{""cv"": 4, ""criterion"": ""mse"", ""validation_held_out"": ""S2+S3+S4""}",019ad93,2026-09-29T04:03:27+00:00,"bootstrap_mae_ci=[11.1491,11.4760]"
reproduction,p,asis,papagei-9-3-3,S1+S7+S10,,,,0,0,10.1773,13.7286,0.7219,14592,0.1,,0,"{""cv"": 4, ""criterion"": ""mse"", ""validation_held_out"": ""S2+S3+S4""}",019ad93,2026-09-29T04:03:27+00:00,"bootstrap_mae_ci=[10.0233,10.3289]"
reproduction,p,asis,papagei-9-3-3,S1+S7+S11,,,,0,0,10.2871,14.1543,0.7837,13792,0.1,,0,"{""cv"": 4, ""criterion"": ""mse"", ""validation_held_out"": ""S2+S3+S4""}",019ad93,2026-09-29T04:03:28+00:00,"bootstrap_mae_ci=[10.1395,10.4651]"
reproduction,p,asis,papagei-9-3-3,S1+S7+S12,,,,0,0,11.5901,14.8945,0.752,13225,0.1,,0,"{""cv"": 4, ""criterion"": ""mse"", ""validation_held_out"": ""S2+S3+S4""}",019ad93,2026-09-29T04:03:28+00:00,"bootstrap_mae_ci=[11.4151,11.7623]"
reproduction,p,asis,papagei-9-3-3,S1+S7+S13,,,,0,0,9.1963,12.2178,0.8308,13836,0.1,,0,"{""cv"": 4, ""criterion"": ""mse"", ""validation_held_out"": ""S2+S3+S4""}",019ad93,2026-09-29T04:03:29+00:00,"bootstrap_mae_ci=[9.0562,9.3294]"
reproduction,p,asis,papagei-9-3-3,S1+S7+S14,,,,0,0,9.0953,12.1299,0.8173,13747,0.1,,0,"{""cv"": 4, ""criterion"": ""mse"", ""validation_held_out"": ""S2+S3+S4""}",019ad93,2026-09-29T04:03:30+00:00,"bootstrap_mae_ci=[8.9619,9.2159]"
reproduction,p,asis,papagei-9-3-3,S1+S7+S15,,,,0,0,9.9407,13.092,0.7821,13237,0.1,,0,"{""cv"": 4, ""criterion"": ""mse"", ""validation_held_out"": ""S2+S3+S4""}",019ad93,2026-09-29T04:03:30+00:00,"bootstrap_mae_ci=[9.7892,10.0914]"
reproduction,p,asis,papagei-9-3-3,S1+S8+S9,,,,0,0,15.3863,19.166,0.605,12917,0.1,,0,"{""cv"": 4, ""criterion"": ""mse"", ""validation_held_out"": ""S2+S3+S4""}",019ad93,2026-09-29T04:03:31+00:00,"bootstrap_mae_ci=[15.1958,15.5731]"
reproduction,p,asis,papagei-9-3-3,S1+S8+S10,,,,0,0,12.4893,16.2625,0.5995,13961,0.1,,0,"{""cv"": 4, ""criterion"": ""mse"", ""validation_held_out"": ""S2+S3+S4""}",019ad93,2026-09-29T04:03:31+00:00,"bootstrap_mae_ci=[12.3149,12.6827]"
reproduction,p,asis,papagei-9-3-3,S1+S8+S11,,,,0,0,12.2039,16.0635,0.7168,13161,0.1,,0,"{""cv"": 4, ""criterion"": ""mse"", ""validation_held_out"": ""S2+S3+S4""}",019ad93,2026-09-29T04:03:32+00:00,"bootstrap_mae_ci=[12.0352,12.3770]"
reproduction,p,asis,papagei-9-3-3,S1+S8+S12,,,,0,0,14.9897,18.3161,0.622,12594,0.1,,0,"{""cv"": 4, ""criterion"": ""mse"", ""validation_held_out"": ""S2+S3+S4""}",019ad93,2026-09-29T04:03:32+00:00,"bootstrap_mae_ci=[14.8040,15.1808]"
reproduction,p,asis,papagei-9-3-3,S1+S8+S13,,,,0,0,11.4409,14.9078,0.7479,13205,0.1,,0,"{""cv"": 4, ""criterion"": ""mse"", ""validation_held_out"": ""S2+S3+S4""}",019ad93,2026-09-29T04:03:33+00:00,"bootstrap_mae_ci=[11.2766,11.5968]"
reproduction,p,asis,papagei-9-3-3,S1+S8+S14,,,,0,0,11.3878,14.8713,0.7237,13116,0.1,,0,"{""cv"": 4, ""criterion"": ""mse"", ""validation_held_out"": ""S2+S3+S4""}",019ad93,2026-09-29T04:03:34+00:00,"bootstrap_mae_ci=[11.2337,11.5475]"
reproduction,p,asis,papagei-9-3-3,S1+S8+S15,,,,0,0,12.4609,15.9066,0.6617,12606,0.1,,0,"{""cv"": 4, ""criterion"": ""mse"", ""validation_held_out"": ""S2+S3+S4""}",019ad93,2026-09-29T04:03:34+00:00,"bootstrap_mae_ci=[12.2918,12.6320]"
reproduction,p,asis,papagei-9-3-3,S1+S9+S10,,,,0,0,12.6312,16.6309,0.5925,14201,0.1,,0,"{""cv"": 4, ""criterion"": ""mse"", ""validation_held_out"": ""S2+S3+S4""}",019ad93,2026-09-29T04:03:35+00:00,"bootstrap_mae_ci=[12.4566,12.7914]"
reproduction,p,asis,papagei-9-3-3,S1+S9+S11,,,,0,0,12.5363,16.6706,0.7002,13401,0.1,,0,"{""cv"": 4, ""criterion"": ""mse"", ""validation_held_out"": ""S2+S3+S4""}",019ad93,2026-09-29T04:03:35+00:00,"bootstrap_mae_ci=[12.3460,12.7387]"
reproduction,p,asis,papagei-9-3-3,S1+S9+S12,,,,0,0,14.432,17.931,0.6415,12834,0.1,,0,"{""cv"": 4, ""criterion"": ""mse"", ""validation_held_out"": ""S2+S3+S4""}",019ad93,2026-09-29T04:03:36+00:00,"bootstrap_mae_ci=[14.2618,14.6072]"
reproduction,p,asis,papagei-9-3-3,S1+S9+S13,,,,0,0,11.567,15.3247,0.7327,13445,0.1,,0,"{""cv"": 4, ""criterion"": ""mse"", ""validation_held_out"": ""S2+S3+S4""}",019ad93,2026-09-29T04:03:37+00:00,"bootstrap_mae_ci=[11.4141,11.7413]"
reproduction,p,asis,papagei-9-3-3,S1+S9+S14,,,,0,0,11.5383,15.2964,0.704,13356,0.1,,0,"{""cv"": 4, ""criterion"": ""mse"", ""validation_held_out"": ""S2+S3+S4""}",019ad93,2026-09-29T04:03:37+00:00,"bootstrap_mae_ci=[11.3682,11.6984]"
reproduction,p,asis,papagei-9-3-3,S1+S9+S15,,,,0,0,12.4929,16.2225,0.6613,12846,0.1,,0,"{""cv"": 4, ""criterion"": ""mse"", ""validation_held_out"": ""S2+S3+S4""}",019ad93,2026-09-29T04:03:38+00:00,"bootstrap_mae_ci=[12.3273,12.6847]"
reproduction,p,asis,papagei-9-3-3,S1+S10+S11,,,,0,0,11.4078,15.6211,0.6997,14445,0.1,,0,"{""cv"": 4, ""criterion"": ""mse"", ""validation_held_out"": ""S2+S3+S4""}",019ad93,2026-09-29T04:03:38+00:00,"bootstrap_mae_ci=[11.2239,11.5745]"
reproduction,p,asis,papagei-9-3-3,S1+S10+S12,,,,0,0,12.564,16.0168,0.633,13878,0.1,,0,"{""cv"": 4, ""criterion"": ""mse"", ""validation_held_out"": ""S2+S3+S4""}",019ad93,2026-09-29T04:03:39+00:00,"bootstrap_mae_ci=[12.3930,12.7263]"
reproduction,p,asis,papagei-9-3-3,S1+S10+S13,,,,0,0,10.2972,13.8709,0.7393,14489,0.1,,0,"{""cv"": 4, ""criterion"": ""mse"", ""validation_held_out"": ""S2+S3+S4""}",019ad93,2026-09-29T04:03:40+00:00,"bootstrap_mae_ci=[10.1429,10.4472]"
reproduction,p,asis,papagei-9-3-3,S1+S10+S14,,,,0,0,10.3838,13.9371,0.7036,14400,0.1,,0,"{""cv"": 4, ""criterion"": ""mse"", ""validation_held_out"": ""S2+S3+S4""}",019ad93,2026-09-29T04:03:40+00:00,"bootstrap_mae_ci=[10.2313,10.5249]"
reproduction,p,asis,papagei-9-3-3,S1+S10+S15,,,,0,0,11.0623,14.7178,0.6595,13890,0.1,,0,"{""cv"": 4, ""criterion"": ""mse"", ""validation_held_out"": ""S2+S3+S4""}",019ad93,2026-09-29T04:03:41+00:00,"bootstrap_mae_ci=[10.8994,11.2166]"
reproduction,p,asis,papagei-9-3-3,S1+S11+S12,,,,0,0,12.5987,16.2223,0.739,13078,0.1,,0,"{""cv"": 4, ""criterion"": ""mse"", ""validation_held_out"": ""S2+S3+S4""}",019ad93,2026-09-29T04:03:42+00:00,"bootstrap_mae_ci=[12.4105,12.7807]"
reproduction,p,asis,papagei-9-3-3,S1+S11+S13,,,,0,0,10.5264,14.4289,0.7944,13689,0.1,,0,"{""cv"": 4, ""criterion"": ""mse"", ""validation_held_out"": ""S2+S3+S4""}",019ad93,2026-09-29T04:03:42+00:00,"bootstrap_mae_ci=[10.3540,10.6921]"
reproduction,p,asis,papagei-9-3-3,S1+S11+S14,,,,0,0,10.4973,14.3458,0.779,13600,0.1,,0,"{""cv"": 4, ""criterion"": ""mse"", ""validation_held_out"": ""S2+S3+S4""}",019ad93,2026-09-29T04:03:43+00:00,"bootstrap_mae_ci=[10.3241,10.6539]"
reproduction,p,asis,papagei-9-3-3,S1+S11+S15,,,,0,0,11.1495,15.043,0.7591,13090,0.1,,0,"{""cv"": 4, ""criterion"": ""mse"", ""validation_held_out"": ""S2+S3+S4""}",019ad93,2026-09-29T04:03:44+00:00,"bootstrap_mae_ci=[10.9855,11.3252]"
reproduction,p,asis,papagei-9-3-3,S1+S12+S13,,,,0,0,11.9098,15.1978,0.7618,13122,0.1,,0,"{""cv"": 4, ""criterion"": ""mse"", ""validation_held_out"": ""S2+S3+S4""}",019ad93,2026-09-29T04:03:44+00:00,"bootstrap_mae_ci=[11.7500,12.0633]"
reproduction,p,asis,papagei-9-3-3,S1+S12+S14,,,,0,0,11.8634,15.1476,0.7438,13033,0.1,,0,"{""cv"": 4, ""criterion"": ""mse"", ""validation_held_out"": ""S2+S3+S4""}",019ad93,2026-09-29T04:03:45+00:00,"bootstrap_mae_ci=[11.6978,12.0207]"
reproduction,p,asis,papagei-9-3-3,S1+S12+S15,,,,0,0,13.2055,16.4097,0.6786,12523,0.1,,0,"{""cv"": 4, ""criterion"": ""mse"", ""validation_held_out"": ""S2+S3+S4""}",019ad93,2026-09-29T04:03:46+00:00,"bootstrap_mae_ci=[13.0350,13.3607]"
reproduction,p,asis,papagei-9-3-3,S1+S13+S14,,,,0,0,9.2536,12.3287,0.821,13644,0.1,,0,"{""cv"": 4, ""criterion"": ""mse"", ""validation_held_out"": ""S2+S3+S4""}",019ad93,2026-09-29T04:03:46+00:00,"bootstrap_mae_ci=[9.1213,9.3872]"
reproduction,p,asis,papagei-9-3-3,S1+S13+S15,,,,0,0,10.0859,13.2583,0.7931,13134,0.1,,0,"{""cv"": 4, ""criterion"": ""mse"", ""validation_held_out"": ""S2+S3+S4""}",019ad93,2026-09-29T04:03:47+00:00,"bootstrap_mae_ci=[9.9283,10.2274]"
reproduction,p,asis,papagei-9-3-3,S1+S14+S15,,,,0,0,10.0137,13.2,0.7723,13045,0.1,,0,"{""cv"": 4, ""criterion"": ""mse"", ""validation_held_out"": ""S2+S3+S4""}",019ad93,2026-09-29T04:03:47+00:00,"bootstrap_mae_ci=[9.8621,10.1677]"
reproduction,p,asis,papagei-9-3-3,S2+S3+S4,,,,0,0,9.2088,12.1479,0.5956,13038,0.1,,0,"{""cv"": 4, ""criterion"": ""mse"", ""validation_held_out"": ""S1+S5+S6""}",019ad93,2026-09-29T04:03:48+00:00,"bootstrap_mae_ci=[9.0730,9.3432]"
reproduction,p,asis,papagei-9-3-3,S2+S3+S5,,,,0,0,15.151,21.4604,0.6096,13115,0.1,,0,"{""cv"": 4, ""criterion"": ""mse"", ""validation_held_out"": ""S1+S4+S6""}",019ad93,2026-09-29T04:03:49+00:00,"bootstrap_mae_ci=[14.8854,15.4301]"
reproduction,p,asis,papagei-9-3-3,S2+S3+S6,,,,0,0,11.8776,16.4058,0.6899,11088,0.1,,0,"{""cv"": 4, ""criterion"": ""mse"", ""validation_held_out"": ""S1+S4+S5""}",019ad93,2026-09-29T04:03:49+00:00,"bootstrap_mae_ci=[11.6586,12.0759]"
reproduction,p,asis,papagei-9-3-3,S2+S3+S7,,,,0,0,9.1628,12.209,0.7198,13134,0.1,,0,"{""cv"": 4, ""criterion"": ""mse"", ""validation_held_out"": ""S1+S4+S5""}",019ad93,2026-09-29T04:03:50+00:00,"bootstrap_mae_ci=[9.0376,9.2878]"
reproduction,p,asis,papagei-9-3-3,S2+S3+S8,,,,0,0,11.1224,14.3104,0.6057,12503,0.1,,0,"{""cv"": 4, ""criterion"": ""mse"", ""validation_held_out"": ""S1+S4+S5""}",019ad93,2026-09-29T04:03:50+00:00,"bootstrap_mae_ci=[10.9752,11.2792]"
reproduction,p,asis,papagei-9-3-3,S2+S3+S9,,,,0,0,11.4711,15.0651,0.5454,12743,0.1,,0,"{""cv"": 4, ""criterion"": ""mse"", ""validation_held_out"": ""S1+S4+S5""}",019ad93,2026-09-29T04:03:51+00:00,"bootstrap_mae_ci=[11.3186,11.6325]"
reproduction,p,asis,papagei-9-3-3,S2+S3+S10,,,,0,0,10.3056,13.9106,0.5365,13787,0.1,,0,"{""cv"": 4, ""criterion"": ""mse"", ""validation_held_out"": ""S1+S4+S5""}",019ad93,2026-09-29T04:03:52+00:00,"bootstrap_mae_ci=[10.1462,10.4683]"
reproduction,p,asis,papagei-9-3-3,S2+S3+S11,,,,0,0,11.5564,15.7442,0.6418,12987,0.1,,0,"{""cv"": 4, ""criterion"": ""mse"", ""validation_held_out"": ""S1+S4+S5""}",019ad93,2026-09-29T04:03:52+00:00,"bootstrap_mae_ci=[11.3705,11.7337]"
reproduction,p,asis,papagei-9-3-3,S2+S3+S12,,,,0,0,11.0622,14.0577,0.6635,12420,0.1,,0,"{""cv"": 4, ""criterion"": ""mse"", ""validation_held_out"": ""S1+S4+S5""}",019ad93,2026-09-29T04:03:53+00:00,"bootstrap_mae_ci=[10.9041,11.2016]"
reproduction,p,asis,papagei-9-3-3,S2+S3+S13,,,,0,0,9.4217,12.5785,0.7323,13031,0.1,,0,"{""cv"": 4, ""criterion"": ""mse"", ""validation_held_out"": ""S1+S4+S5""}",019ad93,2026-09-29T04:03:53+00:00,"bootstrap_mae_ci=[9.2785,9.5573]"
reproduction,p,asis,papagei-9-3-3,S2+S3+S14,,,,0,0,9.3749,12.4342,0.6977,12942,0.1,,0,"{""cv"": 4, ""criterion"": ""mse"", ""validation_held_out"": ""S1+S4+S5""}",019ad93,2026-09-29T04:03:54+00:00,"bootstrap_mae_ci=[9.2323,9.5223]"
reproduction,p,asis,papagei-9-3-3,S2+S3+S15,,,,0,0,10.1369,13.2813,0.6539,12432,0.1,,0,"{""cv"": 4, ""criterion"": ""mse"", ""validation_held_out"": ""S1+S4+S5""}",019ad93,2026-09-29T04:03:54+00:00,"bootstrap_mae_ci=[9.9907,10.2863]"
reproduction,p,asis,papagei-9-3-3,S2+S4+S5,,,,0,0,15.3807,21.4662,0.5667,13320,0.1,,0,"{""cv"": 4, ""criterion"": ""mse"", ""validation_held_out"": ""S1+S3+S6""}",019ad93,2026-09-29T04:03:55+00:00,"bootstrap_mae_ci=[15.1284,15.6274]"
reproduction,p,asis,papagei-9-3-3,S2+S4+S6,,,,0,0,12.208,16.5202,0.6471,11293,0.1,,0,"{""cv"": 4, ""criterion"": ""mse"", ""validation_held_out"": ""S1+S3+S5""}",019ad93,2026-09-29T04:03:56+00:00,"bootstrap_mae_ci=[12.0018,12.4325]"
reproduction,p,asis,papagei-9-3-3,S2+S4+S7,,,,0,0,9.6032,12.5747,0.6836,13339,0.1,,0,"{""cv"": 4, ""criterion"": ""mse"", ""validation_held_out"": ""S1+S3+S5""}",019ad93,2026-09-29T04:03:56+00:00,"bootstrap_mae_ci=[9.4794,9.7420]"
reproduction,p,asis,papagei-9-3-3,S2+S4+S8,,,,0,0,11.6671,14.6981,0.5692,12708,0.1,,0,"{""cv"": 4, ""criterion"": ""mse"", ""validation_held_out"": ""S1+S3+S5""}",019ad93,2026-09-29T04:03:57+00:00,"bootstrap_mae_ci=[11.5228,11.8105]"
reproduction,p,asis,papagei-9-3-3,S2+S4+S9,,,,0,0,11.9371,15.3694,0.4848,12948,0.1,,0,"{""cv"": 4, ""criterion"": ""mse"", ""validation_held_out"": ""S1+S3+S5""}",019ad93,2026-09-29T04:03:57+00:00,"bootstrap_mae_ci=[11.7680,12.1123]"
reproduction,p,asis,papagei-9-3-3,S2+S4+S10,,,,0,0,10.6926,14.1773,0.4685,13992,0.1,,0,"{""cv"": 4, ""criterion"": ""mse"", ""validation_held_out"": ""S1+S3+S5""}",019ad93,2026-09-29T04:03:58+00:00,"bootstrap_mae_ci=[10.5410,10.8374]"
reproduction,p,asis,papagei-9-3-3,S2+S4+S11,,,,0,0,11.778,15.8302,0.5971,13192,0.1,,0,"{""cv"": 4, ""criterion"": ""mse"", ""validation_held_out"": ""S1+S3+S5""}",019ad93,2026-09-29T04:03:59+00:00,"bootstrap_mae_ci=[11.5986,11.9772]"
reproduction,p,asis,papagei-9-3-3,S2+S4+S12,,,,0,0,11.5633,14.4119,0.6256,12625,0.1,,0,"{""cv"": 4, ""criterion"": ""mse"", ""validation_held_out"": ""S1+S3+S5""}",019ad93,2026-09-29T04:03:59+00:00,"bootstrap_mae_ci=[11.4110,11.7070]"
reproduction,p,asis,papagei-9-3-3,S2+S4+S13,,,,0,0,9.8315,12.897,0.6987,13236,0.1,,0,"{""cv"": 4, ""criterion"": ""mse"", ""validation_held_out"": ""S1+S3+S5""}",019ad93,2026-09-29T04:04:00+00:00,"bootstrap_mae_ci=[9.6684,9.9849]"
reproduction,p,asis,papagei-9-3-3,S2+S4+S14,,,,0,0,9.8023,12.7782,0.6552,13147,0.1,,0,"{""cv"": 4, ""criterion"": ""mse"", ""validation_held_out"": ""S1+S3+S5""}",019ad93,2026-09-29T04:04:00+00:00,"bootstrap_mae_ci=[9.6751,9.9382]"
reproduction,p,asis,papagei-9-3-3,S2+S4+S15,,,,0,0,10.5899,13.6222,0.6089,12637,0.1,,0,"{""cv"": 4, ""criterion"": ""mse"", ""validation_held_out"": ""S1+S3+S5""}",019ad93,2026-09-29T04:04:01+00:00,"bootstrap_mae_ci=[10.4561,10.7318]"
reproduction,p,asis,papagei-9-3-3,S2+S5+S6,,,,0,0,19.0419,25.161,0.5503,11370,0.1,,0,"{""cv"": 4, ""criterion"": ""mse"", ""validation_held_out"": ""S1+S3+S4""}",019ad93,2026-09-29T04:04:02+00:00,"bootstrap_mae_ci=[18.7788,19.3595]"
reproduction,p,asis,papagei-9-3-3,S2+S5+S7,,,,0,0,14.6887,20.5419,0.6446,13416,0.1,,0,"{""cv"": 4, ""criterion"": ""mse"", ""validation_held_out"": ""S1+S3+S4""}",019ad93,2026-09-29T04:04:02+00:00,"bootstrap_mae_ci=[14.4472,14.9364]"
reproduction,p,asis,papagei-9-3-3,S2+S5+S8,,,,0,0,16.6129,21.7418,0.6277,12785,0.1,,0,"{""cv"": 4, ""criterion"": ""mse"", ""validation_held_out"": ""S1+S3+S4""}",019ad93,2026-09-29T04:04:03+00:00,"bootstrap_mae_ci=[16.3801,16.8404]"
reproduction,p,asis,papagei-9-3-3,S2+S5+S9,,,,0,0,16.9544,22.3119,0.5658,13025,0.1,,0,"{""cv"": 4, ""criterion"": ""mse"", ""validation_held_out"": ""S1+S3+S4""}",019ad93,2026-09-29T04:04:04+00:00,"bootstrap_mae_ci=[16.7163,17.1952]"
reproduction,p,asis,papagei-9-3-3,S2+S5+S10,,,,0,0,15.5276,21.2747,0.564,14069,0.1,,0,"{""cv"": 4, ""criterion"": ""mse"", ""validation_held_out"": ""S1+S3+S4""}",019ad93,2026-09-29T04:04:04+00:00,"bootstrap_mae_ci=[15.2888,15.7633]"
reproduction,p,asis,papagei-9-3-3,S2+S5+S11,,,,0,0,17.7037,23.6178,0.5585,13269,0.1,,0,"{""cv"": 4, ""criterion"": ""mse"", ""validation_held_out"": ""S1+S3+S4""}",019ad93,2026-09-29T04:04:05+00:00,"bootstrap_mae_ci=[17.4427,17.9912]"
reproduction,p,asis,papagei-9-3-3,S2+S5+S12,,,,0,0,16.7163,21.7241,0.6779,12702,0.1,,0,"{""cv"": 4, ""criterion"": ""mse"", ""validation_held_out"": ""S1+S3+S4""}",019ad93,2026-09-29T04:04:06+00:00,"bootstrap_mae_ci=[16.4909,16.9434]"
reproduction,p,asis,papagei-9-3-3,S2+S5+S13,,,,0,0,15.1351,21.0075,0.6518,13313,0.1,,0,"{""cv"": 4, ""criterion"": ""mse"", ""validation_held_out"": ""S1+S3+S4""}",019ad93,2026-09-29T04:04:06+00:00,"bootstrap_mae_ci=[14.8592,15.3858]"
reproduction,p,asis,papagei-9-3-3,S2+S5+S14,,,,0,0,15.028,20.8529,0.6251,13224,0.1,,0,"{""cv"": 4, ""criterion"": ""mse"", ""validation_held_out"": ""S1+S3+S4""}",019ad93,2026-09-29T04:04:07+00:00,"bootstrap_mae_ci=[14.7884,15.3040]"
reproduction,p,asis,papagei-9-3-3,S2+S5+S15,,,,0,0,15.914,21.496,0.6456,12714,0.1,,0,"{""cv"": 4, ""criterion"": ""mse"", ""validation_held_out"": ""S1+S3+S4""}",019ad93,2026-09-29T04:04:08+00:00,"bootstrap_mae_ci=[15.6745,16.1456]"
reproduction,p,asis,papagei-9-3-3,S2+S6+S7,,,,0,0,11.9268,15.9525,0.7329,11389,0.1,,0,"{""cv"": 4, ""criterion"": ""mse"", ""validation_held_out"": ""S1+S3+S4""}",019ad93,2026-09-29T04:04:08+00:00,"bootstrap_mae_ci=[11.7251,12.1298]"
reproduction,p,asis,papagei-9-3-3,S2+S6+S8,,,,0,0,14.5633,18.2834,0.6844,10758,0.1,,0,"{""cv"": 4, ""criterion"": ""mse"", ""validation_held_out"": ""S1+S3+S4""}",019ad93,2026-09-29T04:04:09+00:00,"bootstrap_mae_ci=[14.3475,14.7813]"
reproduction,p,asis,papagei-9-3-3,S2+S6+S9,,,,0,0,14.9264,18.8661,0.628,10998,0.1,,0,"{""cv"": 4, ""criterion"": ""mse"", ""validation_held_out"": ""S1+S3+S4""}",019ad93,2026-09-29T04:04:10+00:00,"bootstrap_mae_ci=[14.7178,15.1221]"
reproduction,p,asis,papagei-9-3-3,S2+S6+S10,,,,0,0,13.1123,17.2242,0.6312,12042,0.1,,0,"{""cv"": 4, ""criterion"": ""mse"", ""validation_held_out"": ""S1+S3+S4""}",019ad93,2026-09-29T04:04:10+00:00,"bootstrap_mae_ci=[12.9176,13.3220]"
reproduction,p,asis,papagei-9-3-3,S2+S6+S11,,,,0,0,14.3858,18.9985,0.6562,11242,0.1,,0,"{""cv"": 4, ""criterion"": ""mse"", ""validation_held_out"": ""S1+S3+S4""}",019ad93,2026-09-29T04:04:11+00:00,"bootstrap_mae_ci=[14.1584,14.6172]"
reproduction,p,asis,papagei-9-3-3,S2+S6+S12,,,,0,0,14.6275,18.1665,0.7353,10675,0.1,,0,"{""cv"": 4, ""criterion"": ""mse"", ""validation_held_out"": ""S1+S3+S4""}",019ad93,2026-09-29T04:04:12+00:00,"bootstrap_mae_ci=[14.4240,14.8318]"
reproduction,p,asis,papagei-9-3-3,S2+S6+S13,,,,0,0,12.1843,16.2276,0.745,11286,0.1,,0,"{""cv"": 4, ""criterion"": ""mse"", ""validation_held_out"": ""S1+S3+S4""}",019ad93,2026-09-29T04:04:12+00:00,"bootstrap_mae_ci=[11.9811,12.3562]"
reproduction,p,asis,papagei-9-3-3,S2+S6+S14,,,,0,0,12.1471,16.162,0.7162,11197,0.1,,0,"{""cv"": 4, ""criterion"": ""mse"", ""validation_held_out"": ""S1+S3+S4""}",019ad93,2026-09-29T04:04:13+00:00,"bootstrap_mae_ci=[11.9535,12.3362]"
reproduction,p,asis,papagei-9-3-3,S2+S6+S15,,,,0,0,13.2227,17.1155,0.7157,10687,0.1,,0,"{""cv"": 4, ""criterion"": ""mse"", ""validation_held_out"": ""S1+S3+S4""}",019ad93,2026-09-29T04:04:13+00:00,"bootstrap_mae_ci=[13.0275,13.4415]"
reproduction,p,asis,papagei-9-3-3,S2+S7+S8,,,,0,0,12.4908,15.9919,0.6878,12804,0.1,,0,"{""cv"": 4, ""criterion"": ""mse"", ""validation_held_out"": ""S1+S3+S4""}",019ad93,2026-09-29T04:04:14+00:00,"bootstrap_mae_ci=[12.3414,12.6751]"
reproduction,p,asis,papagei-9-3-3,S2+S7+S9,,,,0,0,12.7836,16.5608,0.6277,13044,0.1,,0,"{""cv"": 4, ""criterion"": ""mse"", ""validation_held_out"": ""S1+S3+S4""}",019ad93,2026-09-29T04:04:15+00:00,"bootstrap_mae_ci=[12.5926,12.9659]"
reproduction,p,asis,papagei-9-3-3,S2+S7+S10,,,,0,0,11.3981,14.9956,0.6314,14088,0.1,,0,"{""cv"": 4, ""criterion"": ""mse"", ""validation_held_out"": ""S1+S3+S4""}",019ad93,2026-09-29T04:04:15+00:00,"bootstrap_mae_ci=[11.2330,11.5662]"
reproduction,p,asis,papagei-9-3-3,S2+S7+S11,,,,0,0,11.5789,15.428,0.6987,13288,0.1,,0,"{""cv"": 4, ""criterion"": ""mse"", ""validation_held_out"": ""S1+S3+S4""}",019ad93,2026-09-29T04:04:16+00:00,"bootstrap_mae_ci=[11.4178,11.7601]"
reproduction,p,asis,papagei-9-3-3,S2+S7+S12,,,,0,0,12.473,15.7409,0.7184,12721,0.1,,0,"{""cv"": 4, ""criterion"": ""mse"", ""validation_held_out"": ""S1+S3+S4""}",019ad93,2026-09-29T04:04:17+00:00,"bootstrap_mae_ci=[12.3045,12.6548]"
reproduction,p,asis,papagei-9-3-3,S2+S7+S13,,,,0,0,10.4164,13.6281,0.7762,13332,0.1,,0,"{""cv"": 4, ""criterion"": ""mse"", ""validation_held_out"": ""S1+S3+S4""}",019ad93,2026-09-29T04:04:17+00:00,"bootstrap_mae_ci=[10.2706,10.5539]"
reproduction,p,asis,papagei-9-3-3,S2+S7+S14,,,,0,0,10.3211,13.5753,0.7518,13243,0.1,,0,"{""cv"": 4, ""criterion"": ""mse"", ""validation_held_out"": ""S1+S3+S4""}",019ad93,2026-09-29T04:04:18+00:00,"bootstrap_mae_ci=[10.1561,10.4610]"
reproduction,p,asis,papagei-9-3-3,S2+S7+S15,,,,0,0,11.3376,14.6287,0.7192,12733,0.1,,0,"{""cv"": 4, ""criterion"": ""mse"", ""validation_held_out"": ""S1+S3+S4""}",019ad93,2026-09-29T04:04:19+00:00,"bootstrap_mae_ci=[11.1727,11.4845]"
reproduction,p,asis,papagei-9-3-3,S2+S8+S9,,,,0,0,17.1117,20.6268,0.5288,12413,0.1,,0,"{""cv"": 4, ""criterion"": ""mse"", ""validation_held_out"": ""S1+S3+S4""}",019ad93,2026-09-29T04:04:19+00:00,"bootstrap_mae_ci=[16.9366,17.3075]"
reproduction,p,asis,papagei-9-3-3,S2+S8+S10,,,,0,0,13.7913,17.4499,0.5133,13457,0.1,,0,"{""cv"": 4, ""criterion"": ""mse"", ""validation_held_out"": ""S1+S3+S4""}",019ad93,2026-09-29T04:04:20+00:00,"bootstrap_mae_ci=[13.6112,13.9680]"
reproduction,p,asis,papagei-9-3-3,S2+S8+S11,,,,0,0,13.5822,17.2914,0.6389,12657,0.1,,0,"{""cv"": 4, ""criterion"": ""mse"", ""validation_held_out"": ""S1+S3+S4""}",019ad93,2026-09-29T04:04:20+00:00,"bootstrap_mae_ci=[13.4210,13.7686]"
reproduction,p,asis,papagei-9-3-3,S2+S8+S12,,,,0,0,15.8698,19.017,0.6096,12090,0.1,,0,"{""cv"": 4, ""criterion"": ""mse"", ""validation_held_out"": ""S1+S3+S4""}",019ad93,2026-09-29T04:04:21+00:00,"bootstrap_mae_ci=[15.6861,16.0509]"
reproduction,p,asis,papagei-9-3-3,S2+S8+S13,,,,0,0,12.7261,16.1717,0.7011,12701,0.1,,0,"{""cv"": 4, ""criterion"": ""mse"", ""validation_held_out"": ""S1+S3+S4""}",019ad93,2026-09-29T04:04:21+00:00,"bootstrap_mae_ci=[12.5566,12.9091]"
reproduction,p,asis,papagei-9-3-3,S2+S8+S14,,,,0,0,12.6962,16.177,0.664,12612,0.1,,0,"{""cv"": 4, ""criterion"": ""mse"", ""validation_held_out"": ""S1+S3+S4""}",019ad93,2026-09-29T04:04:22+00:00,"bootstrap_mae_ci=[12.5264,12.8675]"
reproduction,p,asis,papagei-9-3-3,S2+S8+S15,,,,0,0,13.9367,17.2933,0.6132,12102,0.1,,0,"{""cv"": 4, ""criterion"": ""mse"", ""validation_held_out"": ""S1+S3+S4""}",019ad93,2026-09-29T04:04:23+00:00,"bootstrap_mae_ci=[13.7692,14.1210]"
reproduction,p,asis,papagei-9-3-3,S2+S9+S10,,,,0,0,14.0814,17.9622,0.4554,13697,0.1,,0,"{""cv"": 4, ""criterion"": ""mse"", ""validation_held_out"": ""S1+S3+S4""}",019ad93,2026-09-29T04:04:23+00:00,"bootstrap_mae_ci=[13.8972,14.2540]"
reproduction,p,asis,papagei-9-3-3,S2+S9+S11,,,,0,0,14.0494,18.0049,0.5827,12897,0.1,,0,"{""cv"": 4, ""criterion"": ""mse"", ""validation_held_out"": ""S1+S3+S4""}",019ad93,2026-09-29T04:04:24+00:00,"bootstrap_mae_ci=[13.8447,14.2400]"
reproduction,p,asis,papagei-9-3-3,S2+S9+S12,,,,0,0,15.5651,18.8932,0.5889,12330,0.1,,0,"{""cv"": 4, ""criterion"": ""mse"", ""validation_held_out"": ""S1+S3+S4""}",019ad93,2026-09-29T04:04:24+00:00,"bootstrap_mae_ci=[15.3814,15.7596]"
reproduction,p,asis,papagei-9-3-3,S2+S9+S13,,,,0,0,13.0048,16.7288,0.6521,12941,0.1,,0,"{""cv"": 4, ""criterion"": ""mse"", ""validation_held_out"": ""S1+S3+S4""}",019ad93,2026-09-29T04:04:25+00:00,"bootstrap_mae_ci=[12.8191,13.1939]"
reproduction,p,asis,papagei-9-3-3,S2+S9+S14,,,,0,0,12.9974,16.7407,0.6021,12852,0.1,,0,"{""cv"": 4, ""criterion"": ""mse"", ""validation_held_out"": ""S1+S3+S4""}",019ad93,2026-09-29T04:04:26+00:00,"bootstrap_mae_ci=[12.8161,13.1845]"
reproduction,p,asis,papagei-9-3-3,S2+S9+S15,,,,0,0,14.1241,17.7558,0.5694,12342,0.1,,0,"{""cv"": 4, ""criterion"": ""mse"", ""validation_held_out"": ""S1+S3+S4""}",019ad93,2026-09-29T04:04:26+00:00,"bootstrap_mae_ci=[13.9422,14.2967]"
reproduction,p,asis,papagei-9-3-3,S2+S10+S11,,,,0,0,12.6551,16.7326,0.584,13941,0.1,,0,"{""cv"": 4, ""criterion"": ""mse"", ""validation_held_out"": ""S1+S3+S4""}",019ad93,2026-09-29T04:04:27+00:00,"bootstrap_mae_ci=[12.4771,12.8255]"
reproduction,p,asis,papagei-9-3-3,S2+S10+S12,,,,0,0,13.4432,16.7958,0.5724,13374,0.1,,0,"{""cv"": 4, ""criterion"": ""mse"", ""validation_held_out"": ""S1+S3+S4""}",019ad93,2026-09-29T04:04:28+00:00,"bootstrap_mae_ci=[13.2769,13.5982]"
reproduction,p,asis,papagei-9-3-3,S2+S10+S13,,,,0,0,11.4724,15.0597,0.6586,13985,0.1,,0,"{""cv"": 4, ""criterion"": ""mse"", ""validation_held_out"": ""S1+S3+S4""}",019ad93,2026-09-29T04:04:28+00:00,"bootstrap_mae_ci=[11.3096,11.6311]"
reproduction,p,asis,papagei-9-3-3,S2+S10+S14,,,,0,0,11.5794,15.1513,0.6008,13896,0.1,,0,"{""cv"": 4, ""criterion"": ""mse"", ""validation_held_out"": ""S1+S3+S4""}",019ad93,2026-09-29T04:04:29+00:00,"bootstrap_mae_ci=[11.4215,11.7280]"
reproduction,p,asis,papagei-9-3-3,S2+S10+S15,,,,0,0,12.3852,15.9972,0.5647,13386,0.1,,0,"{""cv"": 4, ""criterion"": ""mse"", ""validation_held_out"": ""S1+S3+S4""}",019ad93,2026-09-29T04:04:29+00:00,"bootstrap_mae_ci=[12.2327,12.5523]"
reproduction,p,asis,papagei-9-3-3,S2+S11+S12,,,,0,0,13.5523,17.0431,0.6843,12574,0.1,,0,"{""cv"": 4, ""criterion"": ""mse"", ""validation_held_out"": ""S1+S3+S4""}",019ad93,2026-09-29T04:04:30+00:00,"bootstrap_mae_ci=[13.3600,13.7300]"
reproduction,p,asis,papagei-9-3-3,S2+S11+S13,,,,0,0,11.763,15.6049,0.7155,13185,0.1,,0,"{""cv"": 4, ""criterion"": ""mse"", ""validation_held_out"": ""S1+S3+S4""}",019ad93,2026-09-29T04:04:31+00:00,"bootstrap_mae_ci=[11.5821,11.9236]"
reproduction,p,asis,papagei-9-3-3,S2+S11+S14,,,,0,0,11.7815,15.5889,0.6855,13096,0.1,,0,"{""cv"": 4, ""criterion"": ""mse"", ""validation_held_out"": ""S1+S3+S4""}",019ad93,2026-09-29T04:04:31+00:00,"bootstrap_mae_ci=[11.6179,11.9532]"
reproduction,p,asis,papagei-9-3-3,S2+S11+S15,,,,0,0,12.5824,16.3719,0.6724,12586,0.1,,0,"{""cv"": 4, ""criterion"": ""mse"", ""validation_held_out"": ""S1+S3+S4""}",019ad93,2026-09-29T04:04:32+00:00,"bootstrap_mae_ci=[12.4048,12.7689]"
reproduction,p,asis,papagei-9-3-3,S2+S12+S13,,,,0,0,12.7482,15.9719,0.7313,12618,0.1,,0,"{""cv"": 4, ""criterion"": ""mse"", ""validation_held_out"": ""S1+S3+S4""}",019ad93,2026-09-29T04:04:32+00:00,"bootstrap_mae_ci=[12.5856,12.9064]"
reproduction,p,asis,papagei-9-3-3,S2+S12+S14,,,,0,0,12.6931,15.921,0.7063,12529,0.1,,0,"{""cv"": 4, ""criterion"": ""mse"", ""validation_held_out"": ""S1+S3+S4""}",019ad93,2026-09-29T04:04:33+00:00,"bootstrap_mae_ci=[12.5105,12.8607]"
reproduction,p,asis,papagei-9-3-3,S2+S12+S15,,,,0,0,14.1238,17.2073,0.6508,12019,0.1,,0,"{""cv"": 4, ""criterion"": ""mse"", ""validation_held_out"": ""S1+S3+S4""}",019ad93,2026-09-29T04:04:34+00:00,"bootstrap_mae_ci=[13.9429,14.3207]"
reproduction,p,asis,papagei-9-3-3,S2+S13+S14,,,,0,0,10.432,13.6687,0.7599,13140,0.1,,0,"{""cv"": 4, ""criterion"": ""mse"", ""validation_held_out"": ""S1+S3+S4""}",019ad93,2026-09-29T04:04:34+00:00,"bootstrap_mae_ci=[10.2972,10.5771]"
reproduction,p,asis,papagei-9-3-3,S2+S13+S15,,,,0,0,11.4166,14.6795,0.7367,12630,0.1,,0,"{""cv"": 4, ""criterion"": ""mse"", ""validation_held_out"": ""S1+S3+S4""}",019ad93,2026-09-29T04:04:35+00:00,"bootstrap_mae_ci=[11.2601,11.5870]"
reproduction,p,asis,papagei-9-3-3,S2+S14+S15,,,,0,0,11.3666,14.6665,0.7032,12541,0.1,,0,"{""cv"": 4, ""criterion"": ""mse"", ""validation_held_out"": ""S1+S3+S4""}",019ad93,2026-09-29T04:04:36+00:00,"bootstrap_mae_ci=[11.2045,11.5152]"
reproduction,p,asis,papagei-9-3-3,S3+S4+S5,,,,0,0,13.86,20.5304,0.6508,13588,0.1,,0,"{""cv"": 4, ""criterion"": ""mse"", ""validation_held_out"": ""S1+S2+S6""}",019ad93,2026-09-29T04:04:36+00:00,"bootstrap_mae_ci=[13.6170,14.1107]"
reproduction,p,asis,papagei-9-3-3,S3+S4+S6,,,,0,0,10.4941,15.2013,0.7357,11561,0.1,,0,"{""cv"": 4, ""criterion"": ""mse"", ""validation_held_out"": ""S1+S2+S5""}",019ad93,2026-09-29T04:04:37+00:00,"bootstrap_mae_ci=[10.3023,10.7050]"
reproduction,p,asis,papagei-9-3-3,S3+S4+S7,,,,0,0,7.8615,10.5683,0.7679,13607,0.1,,0,"{""cv"": 4, ""criterion"": ""mse"", ""validation_held_out"": ""S1+S2+S5""}",019ad93,2026-09-29T04:04:37+00:00,"bootstrap_mae_ci=[7.7418,7.9748]"
reproduction,p,asis,papagei-9-3-3,S3+S4+S8,,,,0,0,9.6022,12.6499,0.6474,12976,0.1,,0,"{""cv"": 4, ""criterion"": ""mse"", ""validation_held_out"": ""S1+S2+S5""}",019ad93,2026-09-29T04:04:38+00:00,"bootstrap_mae_ci=[9.4680,9.7490]"
reproduction,p,asis,papagei-9-3-3,S3+S4+S9,,,,0,0,10.0099,13.5375,0.597,13216,0.1,,0,"{""cv"": 4, ""criterion"": ""mse"", ""validation_held_out"": ""S1+S2+S5""}",019ad93,2026-09-29T04:04:39+00:00,"bootstrap_mae_ci=[9.8690,10.1584]"
reproduction,p,asis,papagei-9-3-3,S3+S4+S10,,,,0,0,9.0769,12.5795,0.5901,14260,0.1,,0,"{""cv"": 4, ""criterion"": ""mse"", ""validation_held_out"": ""S1+S2+S5""}",019ad93,2026-09-29T04:04:39+00:00,"bootstrap_mae_ci=[8.9256,9.2151]"
reproduction,p,asis,papagei-9-3-3,S3+S4+S11,,,,0,0,10.35,14.6361,0.6963,13460,0.1,,0,"{""cv"": 4, ""criterion"": ""mse"", ""validation_held_out"": ""S1+S2+S5""}",019ad93,2026-09-29T04:04:40+00:00,"bootstrap_mae_ci=[10.1542,10.5215]"
reproduction,p,asis,papagei-9-3-3,S3+S4+S12,,,,0,0,9.6921,12.604,0.6937,12893,0.1,,0,"{""cv"": 4, ""criterion"": ""mse"", ""validation_held_out"": ""S1+S2+S5""}",019ad93,2026-09-29T04:04:40+00:00,"bootstrap_mae_ci=[9.5525,9.8358]"
reproduction,p,asis,papagei-9-3-3,S3+S4+S13,,,,0,0,8.1415,11.0491,0.7775,13504,0.1,,0,"{""cv"": 4, ""criterion"": ""mse"", ""validation_held_out"": ""S1+S2+S5""}",019ad93,2026-09-29T04:04:41+00:00,"bootstrap_mae_ci=[8.0234,8.2577]"
reproduction,p,asis,papagei-9-3-3,S3+S4+S14,,,,0,0,8.082,10.8402,0.7513,13415,0.1,,0,"{""cv"": 4, ""criterion"": ""mse"", ""validation_held_out"": ""S1+S2+S5""}",019ad93,2026-09-29T04:04:42+00:00,"bootstrap_mae_ci=[7.9605,8.2203]"
reproduction,p,asis,papagei-9-3-3,S3+S4+S15,,,,0,0,8.6415,11.5533,0.7124,12905,0.1,,0,"{""cv"": 4, ""criterion"": ""mse"", ""validation_held_out"": ""S1+S2+S5""}",019ad93,2026-09-29T04:04:42+00:00,"bootstrap_mae_ci=[8.5124,8.7733]"
reproduction,p,asis,papagei-9-3-3,S3+S5+S6,,,,0,0,17.182,24.15,0.6554,11638,0.1,,0,"{""cv"": 4, ""criterion"": ""mse"", ""validation_held_out"": ""S1+S2+S4""}",019ad93,2026-09-29T04:04:43+00:00,"bootstrap_mae_ci=[16.9084,17.5489]"
reproduction,p,asis,papagei-9-3-3,S3+S5+S7,,,,0,0,12.8573,19.2518,0.7183,13684,0.1,,0,"{""cv"": 4, ""criterion"": ""mse"", ""validation_held_out"": ""S1+S2+S4""}",019ad93,2026-09-29T04:04:44+00:00,"bootstrap_mae_ci=[12.6316,13.1173]"
reproduction,p,asis,papagei-9-3-3,S3+S5+S8,,,,0,0,14.4586,20.2917,0.6927,13053,0.1,,0,"{""cv"": 4, ""criterion"": ""mse"", ""validation_held_out"": ""S1+S2+S4""}",019ad93,2026-09-29T04:04:44+00:00,"bootstrap_mae_ci=[14.2093,14.7116]"
reproduction,p,asis,papagei-9-3-3,S3+S5+S9,,,,0,0,14.9373,20.9738,0.6434,13293,0.1,,0,"{""cv"": 4, ""criterion"": ""mse"", ""validation_held_out"": ""S1+S2+S4""}",019ad93,2026-09-29T04:04:45+00:00,"bootstrap_mae_ci=[14.7049,15.2079]"
reproduction,p,asis,papagei-9-3-3,S3+S5+S10,,,,0,0,13.8302,20.1342,0.6427,14337,0.1,,0,"{""cv"": 4, ""criterion"": ""mse"", ""validation_held_out"": ""S1+S2+S4""}",019ad93,2026-09-29T04:04:45+00:00,"bootstrap_mae_ci=[13.6152,14.0692]"
reproduction,p,asis,papagei-9-3-3,S3+S5+S11,,,,0,0,16.1664,22.7056,0.6512,13537,0.1,,0,"{""cv"": 4, ""criterion"": ""mse"", ""validation_held_out"": ""S1+S2+S4""}",019ad93,2026-09-29T04:04:46+00:00,"bootstrap_mae_ci=[15.9222,16.4596]"
reproduction,p,asis,papagei-9-3-3,S3+S5+S12,,,,0,0,14.7497,20.4432,0.7274,12970,0.1,,0,"{""cv"": 4, ""criterion"": ""mse"", ""validation_held_out"": ""S1+S2+S4""}",019ad93,2026-09-29T04:04:47+00:00,"bootstrap_mae_ci=[14.5371,15.0067]"
reproduction,p,asis,papagei-9-3-3,S3+S5+S13,,,,0,0,13.35,19.7962,0.7239,13581,0.1,,0,"{""cv"": 4, ""criterion"": ""mse"", ""validation_held_out"": ""S1+S2+S4""}",019ad93,2026-09-29T04:04:47+00:00,"bootstrap_mae_ci=[13.1023,13.6024]"
reproduction,p,asis,papagei-9-3-3,S3+S5+S14,,,,0,0,13.2137,19.5944,0.7055,13492,0.1,,0,"{""cv"": 4, ""criterion"": ""mse"", ""validation_held_out"": ""S1+S2+S4""}",019ad93,2026-09-29T04:04:48+00:00,"bootstrap_mae_ci=[12.9611,13.4575]"
reproduction,p,asis,papagei-9-3-3,S3+S5+S15,,,,0,0,13.8672,20.1145,0.7228,12982,0.1,,0,"{""cv"": 4, ""criterion"": ""mse"", ""validation_held_out"": ""S1+S2+S4""}",019ad93,2026-09-29T04:04:49+00:00,"bootstrap_mae_ci=[13.6430,14.1233]"
reproduction,p,asis,papagei-9-3-3,S3+S6+S7,,,,0,0,9.462,13.6202,0.8081,11657,0.1,,0,"{""cv"": 4, ""criterion"": ""mse"", ""validation_held_out"": ""S1+S2+S4""}",019ad93,2026-09-29T04:04:49+00:00,"bootstrap_mae_ci=[9.3180,9.6465]"
reproduction,p,asis,papagei-9-3-3,S3+S6+S8,,,,0,0,11.6749,15.8673,0.7464,11026,0.1,,0,"{""cv"": 4, ""criterion"": ""mse"", ""validation_held_out"": ""S1+S2+S4""}",019ad93,2026-09-29T04:04:50+00:00,"bootstrap_mae_ci=[11.4770,11.8800]"
reproduction,p,asis,papagei-9-3-3,S3+S6+S9,,,,0,0,12.1376,16.5938,0.7014,11266,0.1,,0,"{""cv"": 4, ""criterion"": ""mse"", ""validation_held_out"": ""S1+S2+S4""}",019ad93,2026-09-29T04:04:51+00:00,"bootstrap_mae_ci=[11.9370,12.3574]"
reproduction,p,asis,papagei-9-3-3,S3+S6+S10,,,,0,0,10.7709,15.2183,0.7187,12310,0.1,,0,"{""cv"": 4, ""criterion"": ""mse"", ""validation_held_out"": ""S1+S2+S4""}",019ad93,2026-09-29T04:04:51+00:00,"bootstrap_mae_ci=[10.5900,10.9564]"
reproduction,p,asis,papagei-9-3-3,S3+S6+S11,,,,0,0,12.1437,17.3426,0.7573,11510,0.1,,0,"{""cv"": 4, ""criterion"": ""mse"", ""validation_held_out"": ""S1+S2+S4""}",019ad93,2026-09-29T04:04:52+00:00,"bootstrap_mae_ci=[11.9401,12.3683]"
reproduction,p,asis,papagei-9-3-3,S3+S6+S12,,,,0,0,12.0039,16.0386,0.7818,10943,0.1,,0,"{""cv"": 4, ""criterion"": ""mse"", ""validation_held_out"": ""S1+S2+S4""}",019ad93,2026-09-29T04:04:53+00:00,"bootstrap_mae_ci=[11.8133,12.1886]"
reproduction,p,asis,papagei-9-3-3,S3+S6+S13,,,,0,0,9.7372,13.9949,0.8195,11554,0.1,,0,"{""cv"": 4, ""criterion"": ""mse"", ""validation_held_out"": ""S1+S2+S4""}",019ad93,2026-09-29T04:04:53+00:00,"bootstrap_mae_ci=[9.5498,9.9411]"
reproduction,p,asis,papagei-9-3-3,S3+S6+S14,,,,0,0,9.6753,13.8647,0.8003,11465,0.1,,0,"{""cv"": 4, ""criterion"": ""mse"", ""validation_held_out"": ""S1+S2+S4""}",019ad93,2026-09-29T04:04:54+00:00,"bootstrap_mae_ci=[9.4956,9.8578]"
reproduction,p,asis,papagei-9-3-3,S3+S6+S15,,,,0,0,10.4752,14.7041,0.7952,10955,0.1,,0,"{""cv"": 4, ""criterion"": ""mse"", ""validation_held_out"": ""S1+S2+S4""}",019ad93,2026-09-29T04:04:55+00:00,"bootstrap_mae_ci=[10.2981,10.6541]"
reproduction,p,asis,papagei-9-3-3,S3+S7+S8,,,,0,0,9.8556,13.254,0.7444,13072,0.1,,0,"{""cv"": 4, ""criterion"": ""mse"", ""validation_held_out"": ""S1+S2+S4""}",019ad93,2026-09-29T04:04:55+00:00,"bootstrap_mae_ci=[9.7093,10.0113]"
reproduction,p,asis,papagei-9-3-3,S3+S7+S9,,,,0,0,10.204,13.9584,0.704,13312,0.1,,0,"{""cv"": 4, ""criterion"": ""mse"", ""validation_held_out"": ""S1+S2+S4""}",019ad93,2026-09-29T04:04:56+00:00,"bootstrap_mae_ci=[10.0423,10.3564]"
reproduction,p,asis,papagei-9-3-3,S3+S7+S10,,,,0,0,9.1793,12.621,0.7176,14356,0.1,,0,"{""cv"": 4, ""criterion"": ""mse"", ""validation_held_out"": ""S1+S2+S4""}",019ad93,2026-09-29T04:04:57+00:00,"bootstrap_mae_ci=[9.0482,9.3151]"
reproduction,p,asis,papagei-9-3-3,S3+S7+S11,,,,0,0,9.45,13.3015,0.7809,13556,0.1,,0,"{""cv"": 4, ""criterion"": ""mse"", ""validation_held_out"": ""S1+S2+S4""}",019ad93,2026-09-29T04:04:57+00:00,"bootstrap_mae_ci=[9.2880,9.5956]"
reproduction,p,asis,papagei-9-3-3,S3+S7+S12,,,,0,0,10.1044,13.3467,0.7645,12989,0.1,,0,"{""cv"": 4, ""criterion"": ""mse"", ""validation_held_out"": ""S1+S2+S4""}",019ad93,2026-09-29T04:04:58+00:00,"bootstrap_mae_ci=[9.9548,10.2427]"
reproduction,p,asis,papagei-9-3-3,S3+S7+S13,,,,0,0,8.1064,10.8471,0.8407,13600,0.1,,0,"{""cv"": 4, ""criterion"": ""mse"", ""validation_held_out"": ""S1+S2+S4""}",019ad93,2026-09-29T04:04:59+00:00,"bootstrap_mae_ci=[7.9860,8.2199]"
reproduction,p,asis,papagei-9-3-3,S3+S7+S14,,,,0,0,8.0242,10.7556,0.8258,13511,0.1,,0,"{""cv"": 4, ""criterion"": ""mse"", ""validation_held_out"": ""S1+S2+S4""}",019ad93,2026-09-29T04:04:59+00:00,"bootstrap_mae_ci=[7.8923,8.1479]"
reproduction,p,asis,papagei-9-3-3,S3+S7+S15,,,,0,0,8.791,11.7455,0.7924,13001,0.1,,0,"{""cv"": 4, ""criterion"": ""mse"", ""validation_held_out"": ""S1+S2+S4""}",019ad93,2026-09-29T04:05:00+00:00,"bootstrap_mae_ci=[8.6695,8.9265]"
reproduction,p,asis,papagei-9-3-3,S3+S8+S9,,,,0,0,13.9888,18.0151,0.5643,12681,0.1,,0,"{""cv"": 4, ""criterion"": ""mse"", ""validation_held_out"": ""S1+S2+S4""}",019ad93,2026-09-29T04:05:01+00:00,"bootstrap_mae_ci=[13.7974,14.1961]"
reproduction,p,asis,papagei-9-3-3,S3+S8+S10,,,,0,0,11.2372,15.067,0.5916,13725,0.1,,0,"{""cv"": 4, ""criterion"": ""mse"", ""validation_held_out"": ""S1+S2+S4""}",019ad93,2026-09-29T04:05:01+00:00,"bootstrap_mae_ci=[11.0842,11.3949]"
reproduction,p,asis,papagei-9-3-3,S3+S8+S11,,,,0,0,11.1291,15.0802,0.7144,12925,0.1,,0,"{""cv"": 4, ""criterion"": ""mse"", ""validation_held_out"": ""S1+S2+S4""}",019ad93,2026-09-29T04:05:02+00:00,"bootstrap_mae_ci=[10.9513,11.2930]"
reproduction,p,asis,papagei-9-3-3,S3+S8+S12,,,,0,0,13.1349,16.7191,0.6332,12358,0.1,,0,"{""cv"": 4, ""criterion"": ""mse"", ""validation_held_out"": ""S1+S2+S4""}",019ad93,2026-09-29T04:05:03+00:00,"bootstrap_mae_ci=[12.9583,13.3300]"
reproduction,p,asis,papagei-9-3-3,S3+S8+S13,,,,0,0,10.1085,13.5202,0.755,12969,0.1,,0,"{""cv"": 4, ""criterion"": ""mse"", ""validation_held_out"": ""S1+S2+S4""}",019ad93,2026-09-29T04:05:03+00:00,"bootstrap_mae_ci=[9.9522,10.2699]"
reproduction,p,asis,papagei-9-3-3,S3+S8+S14,,,,0,0,10.0736,13.485,0.7277,12880,0.1,,0,"{""cv"": 4, ""criterion"": ""mse"", ""validation_held_out"": ""S1+S2+S4""}",019ad93,2026-09-29T04:05:04+00:00,"bootstrap_mae_ci=[9.9097,10.2431]"
reproduction,p,asis,papagei-9-3-3,S3+S8+S15,,,,0,0,11.0398,14.5198,0.6747,12370,0.1,,0,"{""cv"": 4, ""criterion"": ""mse"", ""validation_held_out"": ""S1+S2+S4""}",019ad93,2026-09-29T04:05:05+00:00,"bootstrap_mae_ci=[10.8748,11.1933]"
reproduction,p,asis,papagei-9-3-3,S3+S9+S10,,,,0,0,11.5823,15.6693,0.5551,13965,0.1,,0,"{""cv"": 4, ""criterion"": ""mse"", ""validation_held_out"": ""S1+S2+S4""}",019ad93,2026-09-29T04:05:06+00:00,"bootstrap_mae_ci=[11.4199,11.7540]"
reproduction,p,asis,papagei-9-3-3,S3+S9+S11,,,,0,0,11.6589,15.9114,0.6701,13165,0.1,,0,"{""cv"": 4, ""criterion"": ""mse"", ""validation_held_out"": ""S1+S2+S4""}",019ad93,2026-09-29T04:05:06+00:00,"bootstrap_mae_ci=[11.4910,11.8495]"
reproduction,p,asis,papagei-9-3-3,S3+S9+S12,,,,0,0,12.8823,16.6019,0.6387,12598,0.1,,0,"{""cv"": 4, ""criterion"": ""mse"", ""validation_held_out"": ""S1+S2+S4""}",019ad93,2026-09-29T04:05:07+00:00,"bootstrap_mae_ci=[12.6955,13.0667]"
reproduction,p,asis,papagei-9-3-3,S3+S9+S13,,,,0,0,10.4357,14.1978,0.7211,13209,0.1,,0,"{""cv"": 4, ""criterion"": ""mse"", ""validation_held_out"": ""S1+S2+S4""}",019ad93,2026-09-29T04:05:08+00:00,"bootstrap_mae_ci=[10.2666,10.5887]"
reproduction,p,asis,papagei-9-3-3,S3+S9+S14,,,,0,0,10.4344,14.1846,0.6851,13120,0.1,,0,"{""cv"": 4, ""criterion"": ""mse"", ""validation_held_out"": ""S1+S2+S4""}",019ad93,2026-09-29T04:05:09+00:00,"bootstrap_mae_ci=[10.2679,10.5990]"
reproduction,p,asis,papagei-9-3-3,S3+S9+S15,,,,0,0,11.3035,15.1033,0.6528,12610,0.1,,0,"{""cv"": 4, ""criterion"": ""mse"", ""validation_held_out"": ""S1+S2+S4""}",019ad93,2026-09-29T04:05:10+00:00,"bootstrap_mae_ci=[11.1269,11.4902]"
reproduction,p,asis,papagei-9-3-3,S3+S10+S11,,,,0,0,10.6416,14.9221,0.6795,14209,0.1,,0,"{""cv"": 4, ""criterion"": ""mse"", ""validation_held_out"": ""S1+S2+S4""}",019ad93,2026-09-29T04:05:10+00:00,"bootstrap_mae_ci=[10.4697,10.8184]"
reproduction,p,asis,papagei-9-3-3,S3+S10+S12,,,,0,0,11.1428,14.6556,0.6433,13642,0.1,,0,"{""cv"": 4, ""criterion"": ""mse"", ""validation_held_out"": ""S1+S2+S4""}",019ad93,2026-09-29T04:05:11+00:00,"bootstrap_mae_ci=[10.9867,11.2923]"
reproduction,p,asis,papagei-9-3-3,S3+S10+S13,,,,0,0,9.2727,12.7466,0.7369,14253,0.1,,0,"{""cv"": 4, ""criterion"": ""mse"", ""validation_held_out"": ""S1+S2+S4""}",019ad93,2026-09-29T04:05:12+00:00,"bootstrap_mae_ci=[9.1303,9.4169]"
reproduction,p,asis,papagei-9-3-3,S3+S10+S14,,,,0,0,9.3916,12.8441,0.6958,14164,0.1,,0,"{""cv"": 4, ""criterion"": ""mse"", ""validation_held_out"": ""S1+S2+S4""}",019ad93,2026-09-29T04:05:13+00:00,"bootstrap_mae_ci=[9.2604,9.5297]"
reproduction,p,asis,papagei-9-3-3,S3+S10+S15,,,,0,0,9.9838,13.6122,0.6629,13654,0.1,,0,"{""cv"": 4, ""criterion"": ""mse"", ""validation_held_out"": ""S1+S2+S4""}",019ad93,2026-09-29T04:05:13+00:00,"bootstrap_mae_ci=[9.8432,10.1323]"
reproduction,p,asis,papagei-9-3-3,S3+S11+S12,,,,0,0,11.3318,15.0915,0.7448,12842,0.1,,0,"{""cv"": 4, ""criterion"": ""mse"", ""validation_held_out"": ""S1+S2+S4""}",019ad93,2026-09-29T04:05:14+00:00,"bootstrap_mae_ci=[11.1427,11.4970]"
reproduction,p,asis,papagei-9-3-3,S3+S11+S13,,,,0,0,9.6666,13.5758,0.795,13453,0.1,,0,"{""cv"": 4, ""criterion"": ""mse"", ""validation_held_out"": ""S1+S2+S4""}",019ad93,2026-09-29T04:05:15+00:00,"bootstrap_mae_ci=[9.5096,9.8247]"
reproduction,p,asis,papagei-9-3-3,S3+S11+S14,,,,0,0,9.6676,13.5073,0.7765,13364,0.1,,0,"{""cv"": 4, ""criterion"": ""mse"", ""validation_held_out"": ""S1+S2+S4""}",019ad93,2026-09-29T04:05:16+00:00,"bootstrap_mae_ci=[9.5182,9.8369]"
reproduction,p,asis,papagei-9-3-3,S3+S11+S15,,,,0,0,10.2454,14.1839,0.7617,12854,0.1,,0,"{""cv"": 4, ""criterion"": ""mse"", ""validation_held_out"": ""S1+S2+S4""}",019ad93,2026-09-29T04:05:17+00:00,"bootstrap_mae_ci=[10.0864,10.4206]"
reproduction,p,asis,papagei-9-3-3,S3+S12+S13,,,,0,0,10.3802,13.6559,0.7751,12886,0.1,,0,"{""cv"": 4, ""criterion"": ""mse"", ""validation_held_out"": ""S1+S2+S4""}",019ad93,2026-09-29T04:05:17+00:00,"bootstrap_mae_ci=[10.2329,10.5338]"
reproduction,p,asis,papagei-9-3-3,S3+S12+S14,,,,0,0,10.33,13.5666,0.7547,12797,0.1,,0,"{""cv"": 4, ""criterion"": ""mse"", ""validation_held_out"": ""S1+S2+S4""}",019ad93,2026-09-29T04:05:18+00:00,"bootstrap_mae_ci=[10.1718,10.4811]"
reproduction,p,asis,papagei-9-3-3,S3+S12+S15,,,,0,0,11.526,14.8358,0.7014,12287,0.1,,0,"{""cv"": 4, ""criterion"": ""mse"", ""validation_held_out"": ""S1+S2+S4""}",019ad93,2026-09-29T04:05:19+00:00,"bootstrap_mae_ci=[11.3747,11.6908]"
reproduction,p,asis,papagei-9-3-3,S3+S13+S14,,,,0,0,8.1592,10.9543,0.8313,13408,0.1,,0,"{""cv"": 4, ""criterion"": ""mse"", ""validation_held_out"": ""S1+S2+S4""}",019ad93,2026-09-29T04:05:20+00:00,"bootstrap_mae_ci=[8.0393,8.2812]"
reproduction,p,asis,papagei-9-3-3,S3+S13+S15,,,,0,0,8.9022,11.8977,0.8059,12898,0.1,,0,"{""cv"": 4, ""criterion"": ""mse"", ""validation_held_out"": ""S1+S2+S4""}",019ad93,2026-09-29T04:05:21+00:00,"bootstrap_mae_ci=[8.7684,9.0227]"
reproduction,p,asis,papagei-9-3-3,S3+S14+S15,,,,0,0,8.8539,11.8453,0.7844,12809,0.1,,0,"{""cv"": 4, ""criterion"": ""mse"", ""validation_held_out"": ""S1+S2+S4""}",019ad93,2026-09-29T04:05:22+00:00,"bootstrap_mae_ci=[8.7045,9.0052]"
reproduction,p,asis,papagei-9-3-3,S4+S5+S6,,,,0,0,17.4052,24.1118,0.5967,11843,0.1,,0,"{""cv"": 4, ""criterion"": ""mse"", ""validation_held_out"": ""S1+S2+S3""}",019ad93,2026-09-29T04:05:23+00:00,"bootstrap_mae_ci=[17.1274,17.6921]"
reproduction,p,asis,papagei-9-3-3,S4+S5+S7,,,,0,0,13.2257,19.3923,0.6802,13889,0.1,,0,"{""cv"": 4, ""criterion"": ""mse"", ""validation_held_out"": ""S1+S2+S3""}",019ad93,2026-09-29T04:05:23+00:00,"bootstrap_mae_ci=[12.9959,13.4683]"
reproduction,p,asis,papagei-9-3-3,S4+S5+S8,,,,0,0,14.9292,20.4776,0.6554,13258,0.1,,0,"{""cv"": 4, ""criterion"": ""mse"", ""validation_held_out"": ""S1+S2+S3""}",019ad93,2026-09-29T04:05:25+00:00,"bootstrap_mae_ci=[14.7024,15.1722]"
reproduction,p,asis,papagei-9-3-3,S4+S5+S9,,,,0,0,15.3316,21.108,0.5978,13498,0.1,,0,"{""cv"": 4, ""criterion"": ""mse"", ""validation_held_out"": ""S1+S2+S3""}",019ad93,2026-09-29T04:05:25+00:00,"bootstrap_mae_ci=[15.1218,15.5945]"
reproduction,p,asis,papagei-9-3-3,S4+S5+S10,,,,0,0,14.1529,20.2388,0.5976,14542,0.1,,0,"{""cv"": 4, ""criterion"": ""mse"", ""validation_held_out"": ""S1+S2+S3""}",019ad93,2026-09-29T04:05:26+00:00,"bootstrap_mae_ci=[13.9307,14.3719]"
reproduction,p,asis,papagei-9-3-3,S4+S5+S11,,,,0,0,16.3104,22.6751,0.6044,13742,0.1,,0,"{""cv"": 4, ""criterion"": ""mse"", ""validation_held_out"": ""S1+S2+S3""}",019ad93,2026-09-29T04:05:27+00:00,"bootstrap_mae_ci=[16.0339,16.5826]"
reproduction,p,asis,papagei-9-3-3,S4+S5+S12,,,,0,0,15.1726,20.5951,0.6977,13175,0.1,,0,"{""cv"": 4, ""criterion"": ""mse"", ""validation_held_out"": ""S1+S2+S3""}",019ad93,2026-09-29T04:05:28+00:00,"bootstrap_mae_ci=[14.9593,15.4269]"
reproduction,p,asis,papagei-9-3-3,S4+S5+S13,,,,0,0,13.685,19.9049,0.6867,13786,0.1,,0,"{""cv"": 4, ""criterion"": ""mse"", ""validation_held_out"": ""S1+S2+S3""}",019ad93,2026-09-29T04:05:28+00:00,"bootstrap_mae_ci=[13.4519,13.9216]"
reproduction,p,asis,papagei-9-3-3,S4+S5+S14,,,,0,0,13.5665,19.7188,0.6638,13697,0.1,,0,"{""cv"": 4, ""criterion"": ""mse"", ""validation_held_out"": ""S1+S2+S3""}",019ad93,2026-09-29T04:05:29+00:00,"bootstrap_mae_ci=[13.3344,13.8423]"
reproduction,p,asis,papagei-9-3-3,S4+S5+S15,,,,0,0,14.2434,20.2444,0.6851,13187,0.1,,0,"{""cv"": 4, ""criterion"": ""mse"", ""validation_held_out"": ""S1+S2+S3""}",019ad93,2026-09-29T04:05:30+00:00,"bootstrap_mae_ci=[14.0296,14.4828]"
reproduction,p,asis,papagei-9-3-3,S4+S6+S7,,,,0,0,10.3039,14.2723,0.7647,11862,0.1,,0,"{""cv"": 4, ""criterion"": ""mse"", ""validation_held_out"": ""S1+S2+S3""}",019ad93,2026-09-29T04:05:31+00:00,"bootstrap_mae_ci=[10.1193,10.4870]"
reproduction,p,asis,papagei-9-3-3,S4+S6+S8,,,,0,0,12.6902,16.5662,0.7055,11231,0.1,,0,"{""cv"": 4, ""criterion"": ""mse"", ""validation_held_out"": ""S1+S2+S3""}",019ad93,2026-09-29T04:05:32+00:00,"bootstrap_mae_ci=[12.4943,12.8915]"
reproduction,p,asis,papagei-9-3-3,S4+S6+S9,,,,0,0,13.0897,17.2169,0.6484,11471,0.1,,0,"{""cv"": 4, ""criterion"": ""mse"", ""validation_held_out"": ""S1+S2+S3""}",019ad93,2026-09-29T04:05:32+00:00,"bootstrap_mae_ci=[12.8783,13.2746]"
reproduction,p,asis,papagei-9-3-3,S4+S6+S10,,,,0,0,11.5677,15.7615,0.6623,12515,0.1,,0,"{""cv"": 4, ""criterion"": ""mse"", ""validation_held_out"": ""S1+S2+S3""}",019ad93,2026-09-29T04:05:33+00:00,"bootstrap_mae_ci=[11.3802,11.7451]"
reproduction,p,asis,papagei-9-3-3,S4+S6+S11,,,,0,0,12.7986,17.6693,0.6965,11715,0.1,,0,"{""cv"": 4, ""criterion"": ""mse"", ""validation_held_out"": ""S1+S2+S3""}",019ad93,2026-09-29T04:05:34+00:00,"bootstrap_mae_ci=[12.5906,13.0307]"
reproduction,p,asis,papagei-9-3-3,S4+S6+S12,,,,0,0,12.9146,16.6307,0.749,11148,0.1,,0,"{""cv"": 4, ""criterion"": ""mse"", ""validation_held_out"": ""S1+S2+S3""}",019ad93,2026-09-29T04:05:35+00:00,"bootstrap_mae_ci=[12.7178,13.1070]"
reproduction,p,asis,papagei-9-3-3,S4+S6+S13,,,,0,0,10.574,14.6116,0.7763,11759,0.1,,0,"{""cv"": 4, ""criterion"": ""mse"", ""validation_held_out"": ""S1+S2+S3""}",019ad93,2026-09-29T04:05:35+00:00,"bootstrap_mae_ci=[10.4138,10.7601]"
reproduction,p,asis,papagei-9-3-3,S4+S6+S14,,,,0,0,10.5233,14.5045,0.7508,11670,0.1,,0,"{""cv"": 4, ""criterion"": ""mse"", ""validation_held_out"": ""S1+S2+S3""}",019ad93,2026-09-29T04:05:36+00:00,"bootstrap_mae_ci=[10.3480,10.7245]"
reproduction,p,asis,papagei-9-3-3,S4+S6+S15,,,,0,0,11.3553,15.3285,0.7504,11160,0.1,,0,"{""cv"": 4, ""criterion"": ""mse"", ""validation_held_out"": ""S1+S2+S3""}",019ad93,2026-09-29T04:05:37+00:00,"bootstrap_mae_ci=[11.1677,11.5540]"
reproduction,p,asis,papagei-9-3-3,S4+S7+S8,,,,0,0,10.8284,14.1426,0.7152,13277,0.1,,0,"{""cv"": 4, ""criterion"": ""mse"", ""validation_held_out"": ""S1+S2+S3""}",019ad93,2026-09-29T04:05:37+00:00,"bootstrap_mae_ci=[10.6858,11.0030]"
reproduction,p,asis,papagei-9-3-3,S4+S7+S9,,,,0,0,11.1518,14.7817,0.6613,13517,0.1,,0,"{""cv"": 4, ""criterion"": ""mse"", ""validation_held_out"": ""S1+S2+S3""}",019ad93,2026-09-29T04:05:38+00:00,"bootstrap_mae_ci=[10.9637,11.3109]"
reproduction,p,asis,papagei-9-3-3,S4+S7+S10,,,,0,0,9.9781,13.3598,0.6705,14561,0.1,,0,"{""cv"": 4, ""criterion"": ""mse"", ""validation_held_out"": ""S1+S2+S3""}",019ad93,2026-09-29T04:05:39+00:00,"bootstrap_mae_ci=[9.8377,10.1207]"
reproduction,p,asis,papagei-9-3-3,S4+S7+S11,,,,0,0,10.1513,13.8803,0.7377,13761,0.1,,0,"{""cv"": 4, ""criterion"": ""mse"", ""validation_held_out"": ""S1+S2+S3""}",019ad93,2026-09-29T04:05:40+00:00,"bootstrap_mae_ci=[9.9917,10.3168]"
reproduction,p,asis,papagei-9-3-3,S4+S7+S12,,,,0,0,10.9782,14.1169,0.7361,13194,0.1,,0,"{""cv"": 4, ""criterion"": ""mse"", ""validation_held_out"": ""S1+S2+S3""}",019ad93,2026-09-29T04:05:40+00:00,"bootstrap_mae_ci=[10.8147,11.1228]"
reproduction,p,asis,papagei-9-3-3,S4+S7+S13,,,,0,0,8.9363,11.7351,0.8094,13805,0.1,,0,"{""cv"": 4, ""criterion"": ""mse"", ""validation_held_out"": ""S1+S2+S3""}",019ad93,2026-09-29T04:05:41+00:00,"bootstrap_mae_ci=[8.8129,9.0653]"
reproduction,p,asis,papagei-9-3-3,S4+S7+S14,,,,0,0,8.8497,11.6599,0.7896,13716,0.1,,0,"{""cv"": 4, ""criterion"": ""mse"", ""validation_held_out"": ""S1+S2+S3""}",019ad93,2026-09-29T04:05:42+00:00,"bootstrap_mae_ci=[8.7373,8.9757]"
reproduction,p,asis,papagei-9-3-3,S4+S7+S15,,,,0,0,9.6473,12.604,0.7577,13206,0.1,,0,"{""cv"": 4, ""criterion"": ""mse"", ""validation_held_out"": ""S1+S2+S3""}",019ad93,2026-09-29T04:05:42+00:00,"bootstrap_mae_ci=[9.4886,9.7868]"
reproduction,p,asis,papagei-9-3-3,S4+S8+S9,,,,0,0,15.3142,19.0008,0.5398,12886,0.1,,0,"{""cv"": 4, ""criterion"": ""mse"", ""validation_held_out"": ""S1+S2+S3""}",019ad93,2026-09-29T04:05:43+00:00,"bootstrap_mae_ci=[15.1290,15.5041]"
reproduction,p,asis,papagei-9-3-3,S4+S8+S10,,,,0,0,12.2038,15.846,0.5474,13930,0.1,,0,"{""cv"": 4, ""criterion"": ""mse"", ""validation_held_out"": ""S1+S2+S3""}",019ad93,2026-09-29T04:05:44+00:00,"bootstrap_mae_ci=[12.0223,12.3581]"
reproduction,p,asis,papagei-9-3-3,S4+S8+S11,,,,0,0,11.974,15.717,0.671,13130,0.1,,0,"{""cv"": 4, ""criterion"": ""mse"", ""validation_held_out"": ""S1+S2+S3""}",019ad93,2026-09-29T04:05:44+00:00,"bootstrap_mae_ci=[11.8042,12.1423]"
reproduction,p,asis,papagei-9-3-3,S4+S8+S12,,,,0,0,14.1738,17.4708,0.6167,12563,0.1,,0,"{""cv"": 4, ""criterion"": ""mse"", ""validation_held_out"": ""S1+S2+S3""}",019ad93,2026-09-29T04:05:45+00:00,"bootstrap_mae_ci=[13.9961,14.3663]"
reproduction,p,asis,papagei-9-3-3,S4+S8+S13,,,,0,0,11.0797,14.386,0.7265,13174,0.1,,0,"{""cv"": 4, ""criterion"": ""mse"", ""validation_held_out"": ""S1+S2+S3""}",019ad93,2026-09-29T04:05:46+00:00,"bootstrap_mae_ci=[10.9303,11.2345]"
reproduction,p,asis,papagei-9-3-3,S4+S8+S14,,,,0,0,11.045,14.362,0.6933,13085,0.1,,0,"{""cv"": 4, ""criterion"": ""mse"", ""validation_held_out"": ""S1+S2+S3""}",019ad93,2026-09-29T04:05:46+00:00,"bootstrap_mae_ci=[10.8905,11.2059]"
reproduction,p,asis,papagei-9-3-3,S4+S8+S15,,,,0,0,12.0498,15.3656,0.6451,12575,0.1,,0,"{""cv"": 4, ""criterion"": ""mse"", ""validation_held_out"": ""S1+S2+S3""}",019ad93,2026-09-29T04:05:47+00:00,"bootstrap_mae_ci=[11.8855,12.2166]"
reproduction,p,asis,papagei-9-3-3,S4+S9+S10,,,,0,0,12.5233,16.4045,0.4941,14170,0.1,,0,"{""cv"": 4, ""criterion"": ""mse"", ""validation_held_out"": ""S1+S2+S3""}",019ad93,2026-09-29T04:05:48+00:00,"bootstrap_mae_ci=[12.3386,12.6827]"
reproduction,p,asis,papagei-9-3-3,S4+S9+S11,,,,0,0,12.4612,16.482,0.6164,13370,0.1,,0,"{""cv"": 4, ""criterion"": ""mse"", ""validation_held_out"": ""S1+S2+S3""}",019ad93,2026-09-29T04:05:48+00:00,"bootstrap_mae_ci=[12.2858,12.6307]"
reproduction,p,asis,papagei-9-3-3,S4+S9+S12,,,,0,0,13.9049,17.3541,0.6072,12803,0.1,,0,"{""cv"": 4, ""criterion"": ""mse"", ""validation_held_out"": ""S1+S2+S3""}",019ad93,2026-09-29T04:05:49+00:00,"bootstrap_mae_ci=[13.7344,14.0803]"
reproduction,p,asis,papagei-9-3-3,S4+S9+S13,,,,0,0,11.3867,15.0061,0.6815,13414,0.1,,0,"{""cv"": 4, ""criterion"": ""mse"", ""validation_held_out"": ""S1+S2+S3""}",019ad93,2026-09-29T04:05:50+00:00,"bootstrap_mae_ci=[11.2214,11.5390]"
reproduction,p,asis,papagei-9-3-3,S4+S9+S14,,,,0,0,11.3753,14.9944,0.6369,13325,0.1,,0,"{""cv"": 4, ""criterion"": ""mse"", ""validation_held_out"": ""S1+S2+S3""}",019ad93,2026-09-29T04:05:50+00:00,"bootstrap_mae_ci=[11.2110,11.5558]"
reproduction,p,asis,papagei-9-3-3,S4+S9+S15,,,,0,0,12.29,15.8977,0.6084,12815,0.1,,0,"{""cv"": 4, ""criterion"": ""mse"", ""validation_held_out"": ""S1+S2+S3""}",019ad93,2026-09-29T04:05:51+00:00,"bootstrap_mae_ci=[12.1259,12.4628]"
reproduction,p,asis,papagei-9-3-3,S4+S10+S11,,,,0,0,11.3014,15.397,0.6231,14414,0.1,,0,"{""cv"": 4, ""criterion"": ""mse"", ""validation_held_out"": ""S1+S2+S3""}",019ad93,2026-09-29T04:05:52+00:00,"bootstrap_mae_ci=[11.1201,11.4787]"
reproduction,p,asis,papagei-9-3-3,S4+S10+S12,,,,0,0,12.0062,15.3452,0.5996,13847,0.1,,0,"{""cv"": 4, ""criterion"": ""mse"", ""validation_held_out"": ""S1+S2+S3""}",019ad93,2026-09-29T04:05:52+00:00,"bootstrap_mae_ci=[11.8323,12.1741]"
reproduction,p,asis,papagei-9-3-3,S4+S10+S13,,,,0,0,10.0691,13.4702,0.6935,14458,0.1,,0,"{""cv"": 4, ""criterion"": ""mse"", ""validation_held_out"": ""S1+S2+S3""}",019ad93,2026-09-29T04:05:53+00:00,"bootstrap_mae_ci=[9.9212,10.2173]"
reproduction,p,asis,papagei-9-3-3,S4+S10+S14,,,,0,0,10.1875,13.5718,0.6416,14369,0.1,,0,"{""cv"": 4, ""criterion"": ""mse"", ""validation_held_out"": ""S1+S2+S3""}",019ad93,2026-09-29T04:05:53+00:00,"bootstrap_mae_ci=[10.0384,10.3333]"
reproduction,p,asis,papagei-9-3-3,S4+S10+S15,,,,0,0,10.8176,14.3216,0.611,13859,0.1,,0,"{""cv"": 4, ""criterion"": ""mse"", ""validation_held_out"": ""S1+S2+S3""}",019ad93,2026-09-29T04:05:54+00:00,"bootstrap_mae_ci=[10.6538,10.9768]"
reproduction,p,asis,papagei-9-3-3,S4+S11+S12,,,,0,0,12.0914,15.6399,0.7078,13047,0.1,,0,"{""cv"": 4, ""criterion"": ""mse"", ""validation_held_out"": ""S1+S2+S3""}",019ad93,2026-09-29T04:05:55+00:00,"bootstrap_mae_ci=[11.9352,12.2677]"
reproduction,p,asis,papagei-9-3-3,S4+S11+S13,,,,0,0,10.3576,14.1235,0.753,13658,0.1,,0,"{""cv"": 4, ""criterion"": ""mse"", ""validation_held_out"": ""S1+S2+S3""}",019ad93,2026-09-29T04:05:55+00:00,"bootstrap_mae_ci=[10.2011,10.5113]"
reproduction,p,asis,papagei-9-3-3,S4+S11+S14,,,,0,0,10.3612,14.0695,0.7287,13569,0.1,,0,"{""cv"": 4, ""criterion"": ""mse"", ""validation_held_out"": ""S1+S2+S3""}",019ad93,2026-09-29T04:05:56+00:00,"bootstrap_mae_ci=[10.2083,10.5218]"
reproduction,p,asis,papagei-9-3-3,S4+S11+S15,,,,0,0,10.9713,14.7403,0.7161,13059,0.1,,0,"{""cv"": 4, ""criterion"": ""mse"", ""validation_held_out"": ""S1+S2+S3""}",019ad93,2026-09-29T04:05:57+00:00,"bootstrap_mae_ci=[10.8002,11.1361]"
reproduction,p,asis,papagei-9-3-3,S4+S12+S13,,,,0,0,11.2541,14.3929,0.7481,13091,0.1,,0,"{""cv"": 4, ""criterion"": ""mse"", ""validation_held_out"": ""S1+S2+S3""}",019ad93,2026-09-29T04:05:57+00:00,"bootstrap_mae_ci=[11.1041,11.4054]"
reproduction,p,asis,papagei-9-3-3,S4+S12+S14,,,,0,0,11.2067,14.3273,0.7233,13002,0.1,,0,"{""cv"": 4, ""criterion"": ""mse"", ""validation_held_out"": ""S1+S2+S3""}",019ad93,2026-09-29T04:05:58+00:00,"bootstrap_mae_ci=[11.0585,11.3652]"
reproduction,p,asis,papagei-9-3-3,S4+S12+S15,,,,0,0,12.4212,15.5414,0.6707,12492,0.1,,0,"{""cv"": 4, ""criterion"": ""mse"", ""validation_held_out"": ""S1+S2+S3""}",019ad93,2026-09-29T04:05:59+00:00,"bootstrap_mae_ci=[12.2565,12.6005]"
reproduction,p,asis,papagei-9-3-3,S4+S13+S14,,,,0,0,8.9808,11.8258,0.7957,13613,0.1,,0,"{""cv"": 4, ""criterion"": ""mse"", ""validation_held_out"": ""S1+S2+S3""}",019ad93,2026-09-29T04:05:59+00:00,"bootstrap_mae_ci=[8.8530,9.1056]"
reproduction,p,asis,papagei-9-3-3,S4+S13+S15,,,,0,0,9.7543,12.7292,0.7725,13103,0.1,,0,"{""cv"": 4, ""criterion"": ""mse"", ""validation_held_out"": ""S1+S2+S3""}",019ad93,2026-09-29T04:06:00+00:00,"bootstrap_mae_ci=[9.6202,9.8965]"
reproduction,p,asis,papagei-9-3-3,S4+S14+S15,,,,0,0,9.7093,12.6941,0.745,13014,0.1,,0,"{""cv"": 4, ""criterion"": ""mse"", ""validation_held_out"": ""S1+S2+S3""}",019ad93,2026-09-29T04:06:01+00:00,"bootstrap_mae_ci=[9.5433,9.8478]"
reproduction,p,asis,papagei-9-3-3,S5+S6+S7,,,,0,0,16.7882,23.8897,0.682,11939,0.1,,0,"{""cv"": 4, ""criterion"": ""mse"", ""validation_held_out"": ""S1+S2+S3""}",019ad93,2026-09-29T04:06:01+00:00,"bootstrap_mae_ci=[16.4662,17.1286]"
reproduction,p,asis,papagei-9-3-3,S5+S6+S8,,,,0,0,18.5293,24.6775,0.6767,11308,0.1,,0,"{""cv"": 4, ""criterion"": ""mse"", ""validation_held_out"": ""S1+S2+S3""}",019ad93,2026-09-29T04:06:02+00:00,"bootstrap_mae_ci=[18.2466,18.8311]"
reproduction,p,asis,papagei-9-3-3,S5+S6+S9,,,,0,0,19.2894,25.5279,0.5931,11548,0.1,,0,"{""cv"": 4, ""criterion"": ""mse"", ""validation_held_out"": ""S1+S2+S3""}",019ad93,2026-09-29T04:06:02+00:00,"bootstrap_mae_ci=[18.9703,19.5888]"
reproduction,p,asis,papagei-9-3-3,S5+S6+S10,,,,0,0,17.4965,24.3428,0.5985,12592,0.1,,0,"{""cv"": 4, ""criterion"": ""mse"", ""validation_held_out"": ""S1+S2+S3""}",019ad93,2026-09-29T04:06:03+00:00,"bootstrap_mae_ci=[17.2158,17.7777]"
reproduction,p,asis,papagei-9-3-3,S5+S6+S11,,,,0,0,21.6252,28.3538,0.5642,11792,0.1,,0,"{""cv"": 4, ""criterion"": ""mse"", ""validation_held_out"": ""S1+S2+S3""}",019ad93,2026-09-29T04:06:04+00:00,"bootstrap_mae_ci=[21.2785,21.9238]"
reproduction,p,asis,papagei-9-3-3,S5+S6+S12,,,,0,0,19.0525,25.0086,0.7182,11225,0.1,,0,"{""cv"": 4, ""criterion"": ""mse"", ""validation_held_out"": ""S1+S2+S3""}",019ad93,2026-09-29T04:06:04+00:00,"bootstrap_mae_ci=[18.7356,19.3346]"
reproduction,p,asis,papagei-9-3-3,S5+S6+S13,,,,0,0,17.6392,24.6969,0.6861,11836,0.1,,0,"{""cv"": 4, ""criterion"": ""mse"", ""validation_held_out"": ""S1+S2+S3""}",019ad93,2026-09-29T04:06:05+00:00,"bootstrap_mae_ci=[17.3400,17.9432]"
reproduction,p,asis,papagei-9-3-3,S5+S6+S14,,,,0,0,17.3517,24.4069,0.658,11747,0.1,,0,"{""cv"": 4, ""criterion"": ""mse"", ""validation_held_out"": ""S1+S2+S3""}",019ad93,2026-09-29T04:06:06+00:00,"bootstrap_mae_ci=[17.0371,17.6523]"
reproduction,p,asis,papagei-9-3-3,S5+S6+S15,,,,0,0,18.1441,24.8786,0.7034,11237,0.1,,0,"{""cv"": 4, ""criterion"": ""mse"", ""validation_held_out"": ""S1+S2+S3""}",019ad93,2026-09-29T04:06:06+00:00,"bootstrap_mae_ci=[17.8222,18.4538]"
reproduction,p,asis,papagei-9-3-3,S5+S7+S8,,,,0,0,14.2083,20.1157,0.7105,13354,0.1,,0,"{""cv"": 4, ""criterion"": ""mse"", ""validation_held_out"": ""S1+S2+S3""}",019ad93,2026-09-29T04:06:07+00:00,"bootstrap_mae_ci=[13.9899,14.4383]"
reproduction,p,asis,papagei-9-3-3,S5+S7+S9,,,,0,0,14.67,20.8203,0.6694,13594,0.1,,0,"{""cv"": 4, ""criterion"": ""mse"", ""validation_held_out"": ""S1+S2+S3""}",019ad93,2026-09-29T04:06:08+00:00,"bootstrap_mae_ci=[14.4069,14.9137]"
reproduction,p,asis,papagei-9-3-3,S5+S7+S10,,,,0,0,13.5701,19.9454,0.6644,14638,0.1,,0,"{""cv"": 4, ""criterion"": ""mse"", ""validation_held_out"": ""S1+S2+S3""}",019ad93,2026-09-29T04:06:08+00:00,"bootstrap_mae_ci=[13.3341,13.7770]"
reproduction,p,asis,papagei-9-3-3,S5+S7+S11,,,,0,0,15.7326,22.4016,0.6726,13838,0.1,,0,"{""cv"": 4, ""criterion"": ""mse"", ""validation_held_out"": ""S1+S2+S3""}",019ad93,2026-09-29T04:06:09+00:00,"bootstrap_mae_ci=[15.4648,15.9803]"
reproduction,p,asis,papagei-9-3-3,S5+S7+S12,,,,0,0,14.5644,20.3228,0.7363,13271,0.1,,0,"{""cv"": 4, ""criterion"": ""mse"", ""validation_held_out"": ""S1+S2+S3""}",019ad93,2026-09-29T04:06:10+00:00,"bootstrap_mae_ci=[14.3275,14.8007]"
reproduction,p,asis,papagei-9-3-3,S5+S7+S13,,,,0,0,13.1958,19.6598,0.7358,13882,0.1,,0,"{""cv"": 4, ""criterion"": ""mse"", ""validation_held_out"": ""S1+S2+S3""}",019ad93,2026-09-29T04:06:10+00:00,"bootstrap_mae_ci=[12.9509,13.4450]"
reproduction,p,asis,papagei-9-3-3,S5+S7+S14,,,,0,0,12.9637,19.4111,0.7209,13793,0.1,,0,"{""cv"": 4, ""criterion"": ""mse"", ""validation_held_out"": ""S1+S2+S3""}",019ad93,2026-09-29T04:06:11+00:00,"bootstrap_mae_ci=[12.7294,13.2125]"
reproduction,p,asis,papagei-9-3-3,S5+S7+S15,,,,0,0,13.6768,19.9528,0.7317,13283,0.1,,0,"{""cv"": 4, ""criterion"": ""mse"", ""validation_held_out"": ""S1+S2+S3""}",019ad93,2026-09-29T04:06:11+00:00,"bootstrap_mae_ci=[13.4474,13.9347]"
reproduction,p,asis,papagei-9-3-3,S5+S8+S9,,,,0,0,16.903,22.1254,0.636,12963,0.1,,0,"{""cv"": 4, ""criterion"": ""mse"", ""validation_held_out"": ""S1+S2+S3""}",019ad93,2026-09-29T04:06:12+00:00,"bootstrap_mae_ci=[16.6530,17.1423]"
reproduction,p,asis,papagei-9-3-3,S5+S8+S10,,,,0,0,15.1289,20.9235,0.6415,14007,0.1,,0,"{""cv"": 4, ""criterion"": ""mse"", ""validation_held_out"": ""S1+S2+S3""}",019ad93,2026-09-29T04:06:13+00:00,"bootstrap_mae_ci=[14.8785,15.3716]"
reproduction,p,asis,papagei-9-3-3,S5+S8+S11,,,,0,0,17.0145,22.994,0.6648,13207,0.1,,0,"{""cv"": 4, ""criterion"": ""mse"", ""validation_held_out"": ""S1+S2+S3""}",019ad93,2026-09-29T04:06:13+00:00,"bootstrap_mae_ci=[16.7399,17.2930]"
reproduction,p,asis,papagei-9-3-3,S5+S8+S12,,,,0,0,16.9652,21.8682,0.7053,12640,0.1,,0,"{""cv"": 4, ""criterion"": ""mse"", ""validation_held_out"": ""S1+S2+S3""}",019ad93,2026-09-29T04:06:14+00:00,"bootstrap_mae_ci=[16.7181,17.1732]"
reproduction,p,asis,papagei-9-3-3,S5+S8+S13,,,,0,0,14.78,20.6595,0.7134,13251,0.1,,0,"{""cv"": 4, ""criterion"": ""mse"", ""validation_held_out"": ""S1+S2+S3""}",019ad93,2026-09-29T04:06:15+00:00,"bootstrap_mae_ci=[14.5522,15.0009]"
reproduction,p,asis,papagei-9-3-3,S5+S8+S14,,,,0,0,14.5796,20.4399,0.6976,13162,0.1,,0,"{""cv"": 4, ""criterion"": ""mse"", ""validation_held_out"": ""S1+S2+S3""}",019ad93,2026-09-29T04:06:15+00:00,"bootstrap_mae_ci=[14.3299,14.8081]"
reproduction,p,asis,papagei-9-3-3,S5+S8+S15,,,,0,0,15.4901,21.0983,0.705,12652,0.1,,0,"{""cv"": 4, ""criterion"": ""mse"", ""validation_held_out"": ""S1+S2+S3""}",019ad93,2026-09-29T04:06:16+00:00,"bootstrap_mae_ci=[15.2400,15.6996]"
reproduction,p,asis,papagei-9-3-3,S5+S9+S10,,,,0,0,15.5098,21.544,0.5935,14247,0.1,,0,"{""cv"": 4, ""criterion"": ""mse"", ""validation_held_out"": ""S1+S2+S3""}",019ad93,2026-09-29T04:06:17+00:00,"bootstrap_mae_ci=[15.2879,15.7408]"
reproduction,p,asis,papagei-9-3-3,S5+S9+S11,,,,0,0,17.6893,23.8003,0.6022,13447,0.1,,0,"{""cv"": 4, ""criterion"": ""mse"", ""validation_held_out"": ""S1+S2+S3""}",019ad93,2026-09-29T04:06:17+00:00,"bootstrap_mae_ci=[17.3956,17.9665]"
reproduction,p,asis,papagei-9-3-3,S5+S9+S12,,,,0,0,16.8672,22.084,0.6901,12880,0.1,,0,"{""cv"": 4, ""criterion"": ""mse"", ""validation_held_out"": ""S1+S2+S3""}",019ad93,2026-09-29T04:06:18+00:00,"bootstrap_mae_ci=[16.6152,17.1098]"
reproduction,p,asis,papagei-9-3-3,S5+S9+S13,,,,0,0,15.2025,21.3302,0.6744,13491,0.1,,0,"{""cv"": 4, ""criterion"": ""mse"", ""validation_held_out"": ""S1+S2+S3""}",019ad93,2026-09-29T04:06:18+00:00,"bootstrap_mae_ci=[14.9490,15.4489]"
reproduction,p,asis,papagei-9-3-3,S5+S9+S14,,,,0,0,15.0435,21.1342,0.6514,13402,0.1,,0,"{""cv"": 4, ""criterion"": ""mse"", ""validation_held_out"": ""S1+S2+S3""}",019ad93,2026-09-29T04:06:19+00:00,"bootstrap_mae_ci=[14.7982,15.2816]"
reproduction,p,asis,papagei-9-3-3,S5+S9+S15,,,,0,0,15.8589,21.7308,0.6731,12892,0.1,,0,"{""cv"": 4, ""criterion"": ""mse"", ""validation_held_out"": ""S1+S2+S3""}",019ad93,2026-09-29T04:06:20+00:00,"bootstrap_mae_ci=[15.6032,16.1240]"
reproduction,p,asis,papagei-9-3-3,S5+S10+S11,,,,0,0,16.4872,23.043,0.5928,14491,0.1,,0,"{""cv"": 4, ""criterion"": ""mse"", ""validation_held_out"": ""S1+S2+S3""}",019ad93,2026-09-29T04:06:20+00:00,"bootstrap_mae_ci=[16.2254,16.7475]"
reproduction,p,asis,papagei-9-3-3,S5+S10+S12,,,,0,0,15.2767,20.9093,0.688,13924,0.1,,0,"{""cv"": 4, ""criterion"": ""mse"", ""validation_held_out"": ""S1+S2+S3""}",019ad93,2026-09-29T04:06:21+00:00,"bootstrap_mae_ci=[15.0276,15.5037]"
reproduction,p,asis,papagei-9-3-3,S5+S10+S13,,,,0,0,13.9828,20.4054,0.6702,14535,0.1,,0,"{""cv"": 4, ""criterion"": ""mse"", ""validation_held_out"": ""S1+S2+S3""}",019ad93,2026-09-29T04:06:22+00:00,"bootstrap_mae_ci=[13.7487,14.2334]"
reproduction,p,asis,papagei-9-3-3,S5+S10+S14,,,,0,0,13.9219,20.2876,0.6452,14446,0.1,,0,"{""cv"": 4, ""criterion"": ""mse"", ""validation_held_out"": ""S1+S2+S3""}",019ad93,2026-09-29T04:06:22+00:00,"bootstrap_mae_ci=[13.6911,14.1614]"
reproduction,p,asis,papagei-9-3-3,S5+S10+S15,,,,0,0,14.5232,20.7686,0.6688,13936,0.1,,0,"{""cv"": 4, ""criterion"": ""mse"", ""validation_held_out"": ""S1+S2+S3""}",019ad93,2026-09-29T04:06:23+00:00,"bootstrap_mae_ci=[14.2651,14.7606]"
reproduction,p,asis,papagei-9-3-3,S5+S11+S12,,,,0,0,17.3717,23.1738,0.6959,13124,0.1,,0,"{""cv"": 4, ""criterion"": ""mse"", ""validation_held_out"": ""S1+S2+S3""}",019ad93,2026-09-29T04:06:23+00:00,"bootstrap_mae_ci=[17.1103,17.6233]"
reproduction,p,asis,papagei-9-3-3,S5+S11+S13,,,,0,0,16.4564,23.0925,0.6738,13735,0.1,,0,"{""cv"": 4, ""criterion"": ""mse"", ""validation_held_out"": ""S1+S2+S3""}",019ad93,2026-09-29T04:06:24+00:00,"bootstrap_mae_ci=[16.1931,16.7244]"
reproduction,p,asis,papagei-9-3-3,S5+S11+S14,,,,0,0,16.2634,22.8563,0.6538,13646,0.1,,0,"{""cv"": 4, ""criterion"": ""mse"", ""validation_held_out"": ""S1+S2+S3""}",019ad93,2026-09-29T04:06:25+00:00,"bootstrap_mae_ci=[16.0405,16.5007]"
reproduction,p,asis,papagei-9-3-3,S5+S11+S15,,,,0,0,16.8108,23.2344,0.6854,13136,0.1,,0,"{""cv"": 4, ""criterion"": ""mse"", ""validation_held_out"": ""S1+S2+S3""}",019ad93,2026-09-29T04:06:26+00:00,"bootstrap_mae_ci=[16.5549,17.0846]"
reproduction,p,asis,papagei-9-3-3,S5+S12+S13,,,,0,0,15.283,20.9762,0.7382,13168,0.1,,0,"{""cv"": 4, ""criterion"": ""mse"", ""validation_held_out"": ""S1+S2+S3""}",019ad93,2026-09-29T04:06:26+00:00,"bootstrap_mae_ci=[15.0234,15.5117]"
reproduction,p,asis,papagei-9-3-3,S5+S12+S14,,,,0,0,14.883,20.5963,0.7278,13079,0.1,,0,"{""cv"": 4, ""criterion"": ""mse"", ""validation_held_out"": ""S1+S2+S3""}",019ad93,2026-09-29T04:06:27+00:00,"bootstrap_mae_ci=[14.6506,15.1127]"
reproduction,p,asis,papagei-9-3-3,S5+S12+S15,,,,0,0,16.0108,21.374,0.7325,12569,0.1,,0,"{""cv"": 4, ""criterion"": ""mse"", ""validation_held_out"": ""S1+S2+S3""}",019ad93,2026-09-29T04:06:27+00:00,"bootstrap_mae_ci=[15.7698,16.2607]"
reproduction,p,asis,papagei-9-3-3,S5+S13+S14,,,,0,0,13.5102,20.0128,0.7238,13690,0.1,,0,"{""cv"": 4, ""criterion"": ""mse"", ""validation_held_out"": ""S1+S2+S3""}",019ad93,2026-09-29T04:06:28+00:00,"bootstrap_mae_ci=[13.2523,13.7627]"
reproduction,p,asis,papagei-9-3-3,S5+S13+S15,,,,0,0,14.1941,20.4934,0.7373,13180,0.1,,0,"{""cv"": 4, ""criterion"": ""mse"", ""validation_held_out"": ""S1+S2+S3""}",019ad93,2026-09-29T04:06:29+00:00,"bootstrap_mae_ci=[13.9366,14.4313]"
reproduction,p,asis,papagei-9-3-3,S5+S14+S15,,,,0,0,13.9979,20.281,0.7231,13091,0.1,,0,"{""cv"": 4, ""criterion"": ""mse"", ""validation_held_out"": ""S1+S2+S3""}",019ad93,2026-09-29T04:06:29+00:00,"bootstrap_mae_ci=[13.7453,14.2449]"
reproduction,p,asis,papagei-9-3-3,S6+S7+S8,,,,0,0,11.4207,15.5816,0.775,11327,0.1,,0,"{""cv"": 4, ""criterion"": ""mse"", ""validation_held_out"": ""S1+S2+S3""}",019ad93,2026-09-29T04:06:30+00:00,"bootstrap_mae_ci=[11.2345,11.6087]"
reproduction,p,asis,papagei-9-3-3,S6+S7+S9,,,,0,0,11.799,16.2727,0.7397,11567,0.1,,0,"{""cv"": 4, ""criterion"": ""mse"", ""validation_held_out"": ""S1+S2+S3""}",019ad93,2026-09-29T04:06:31+00:00,"bootstrap_mae_ci=[11.6053,12.0381]"
reproduction,p,asis,papagei-9-3-3,S6+S7+S10,,,,0,0,10.5915,15.0633,0.7463,12611,0.1,,0,"{""cv"": 4, ""criterion"": ""mse"", ""validation_held_out"": ""S1+S2+S3""}",019ad93,2026-09-29T04:06:31+00:00,"bootstrap_mae_ci=[10.3972,10.7726]"
reproduction,p,asis,papagei-9-3-3,S6+S7+S11,,,,0,0,11.9118,17.128,0.7721,11811,0.1,,0,"{""cv"": 4, ""criterion"": ""mse"", ""validation_held_out"": ""S1+S2+S3""}",019ad93,2026-09-29T04:06:32+00:00,"bootstrap_mae_ci=[11.7026,12.1195]"
reproduction,p,asis,papagei-9-3-3,S6+S7+S12,,,,0,0,11.8911,15.9396,0.7958,11244,0.1,,0,"{""cv"": 4, ""criterion"": ""mse"", ""validation_held_out"": ""S1+S2+S3""}",019ad93,2026-09-29T04:06:32+00:00,"bootstrap_mae_ci=[11.7042,12.1202]"
reproduction,p,asis,papagei-9-3-3,S6+S7+S13,,,,0,0,9.7133,13.9043,0.8304,11855,0.1,,0,"{""cv"": 4, ""criterion"": ""mse"", ""validation_held_out"": ""S1+S2+S3""}",019ad93,2026-09-29T04:06:33+00:00,"bootstrap_mae_ci=[9.5305,9.8804]"
reproduction,p,asis,papagei-9-3-3,S6+S7+S14,,,,0,0,9.5551,13.7351,0.816,11766,0.1,,0,"{""cv"": 4, ""criterion"": ""mse"", ""validation_held_out"": ""S1+S2+S3""}",019ad93,2026-09-29T04:06:34+00:00,"bootstrap_mae_ci=[9.3776,9.7233]"
reproduction,p,asis,papagei-9-3-3,S6+S7+S15,,,,0,0,10.4433,14.6387,0.8072,11256,0.1,,0,"{""cv"": 4, ""criterion"": ""mse"", ""validation_held_out"": ""S1+S2+S3""}",019ad93,2026-09-29T04:06:34+00:00,"bootstrap_mae_ci=[10.2786,10.6434]"
reproduction,p,asis,papagei-9-3-3,S6+S8+S9,,,,0,0,14.9615,18.9553,0.6794,10936,0.1,,0,"{""cv"": 4, ""criterion"": ""mse"", ""validation_held_out"": ""S1+S2+S3""}",019ad93,2026-09-29T04:06:35+00:00,"bootstrap_mae_ci=[14.7369,15.1672]"
reproduction,p,asis,papagei-9-3-3,S6+S8+S10,,,,0,0,12.6738,16.9699,0.69,11980,0.1,,0,"{""cv"": 4, ""criterion"": ""mse"", ""validation_held_out"": ""S1+S2+S3""}",019ad93,2026-09-29T04:06:36+00:00,"bootstrap_mae_ci=[12.4623,12.8638]"
reproduction,p,asis,papagei-9-3-3,S6+S8+S11,,,,0,0,13.6794,18.4321,0.7384,11180,0.1,,0,"{""cv"": 4, ""criterion"": ""mse"", ""validation_held_out"": ""S1+S2+S3""}",019ad93,2026-09-29T04:06:36+00:00,"bootstrap_mae_ci=[13.4530,13.9269]"
reproduction,p,asis,papagei-9-3-3,S6+S8+S12,,,,0,0,15.0105,18.6904,0.7414,10613,0.1,,0,"{""cv"": 4, ""criterion"": ""mse"", ""validation_held_out"": ""S1+S2+S3""}",019ad93,2026-09-29T04:06:37+00:00,"bootstrap_mae_ci=[14.7611,15.2156]"
reproduction,p,asis,papagei-9-3-3,S6+S8+S13,,,,0,0,11.7921,15.9503,0.7836,11224,0.1,,0,"{""cv"": 4, ""criterion"": ""mse"", ""validation_held_out"": ""S1+S2+S3""}",019ad93,2026-09-29T04:06:38+00:00,"bootstrap_mae_ci=[11.6029,11.9937]"
reproduction,p,asis,papagei-9-3-3,S6+S8+S14,,,,0,0,11.6956,15.838,0.765,11135,0.1,,0,"{""cv"": 4, ""criterion"": ""mse"", ""validation_held_out"": ""S1+S2+S3""}",019ad93,2026-09-29T04:06:38+00:00,"bootstrap_mae_ci=[11.4904,11.8894]"
reproduction,p,asis,papagei-9-3-3,S6+S8+S15,,,,0,0,12.8182,16.8432,0.7523,10625,0.1,,0,"{""cv"": 4, ""criterion"": ""mse"", ""validation_held_out"": ""S1+S2+S3""}",019ad93,2026-09-29T04:06:39+00:00,"bootstrap_mae_ci=[12.6276,13.0189]"
reproduction,p,asis,papagei-9-3-3,S6+S9+S10,,,,0,0,12.9977,17.5591,0.6451,12220,0.1,,0,"{""cv"": 4, ""criterion"": ""mse"", ""validation_held_out"": ""S1+S2+S3""}",019ad93,2026-09-29T04:06:40+00:00,"bootstrap_mae_ci=[12.8006,13.2101]"
reproduction,p,asis,papagei-9-3-3,S6+S9+S11,,,,0,0,14.2811,19.2263,0.6832,11420,0.1,,0,"{""cv"": 4, ""criterion"": ""mse"", ""validation_held_out"": ""S1+S2+S3""}",019ad93,2026-09-29T04:06:41+00:00,"bootstrap_mae_ci=[14.0400,14.5212]"
reproduction,p,asis,papagei-9-3-3,S6+S9+S12,,,,0,0,14.7591,18.6601,0.7327,10853,0.1,,0,"{""cv"": 4, ""criterion"": ""mse"", ""validation_held_out"": ""S1+S2+S3""}",019ad93,2026-09-29T04:06:41+00:00,"bootstrap_mae_ci=[14.5677,14.9817]"
reproduction,p,asis,papagei-9-3-3,S6+S9+S13,,,,0,0,12.1319,16.6058,0.7516,11464,0.1,,0,"{""cv"": 4, ""criterion"": ""mse"", ""validation_held_out"": ""S1+S2+S3""}",019ad93,2026-09-29T04:06:42+00:00,"bootstrap_mae_ci=[11.9358,12.3376]"
reproduction,p,asis,papagei-9-3-3,S6+S9+S14,,,,0,0,12.0862,16.5301,0.7249,11375,0.1,,0,"{""cv"": 4, ""criterion"": ""mse"", ""validation_held_out"": ""S1+S2+S3""}",019ad93,2026-09-29T04:06:43+00:00,"bootstrap_mae_ci=[11.8773,12.2929]"
reproduction,p,asis,papagei-9-3-3,S6+S9+S15,,,,0,0,13.0904,17.4305,0.726,10865,0.1,,0,"{""cv"": 4, ""criterion"": ""mse"", ""validation_held_out"": ""S1+S2+S3""}",019ad93,2026-09-29T04:06:43+00:00,"bootstrap_mae_ci=[12.8815,13.2801]"
reproduction,p,asis,papagei-9-3-3,S6+S10+S11,,,,0,0,12.959,18.2562,0.6913,12464,0.1,,0,"{""cv"": 4, ""criterion"": ""mse"", ""validation_held_out"": ""S1+S2+S3""}",019ad93,2026-09-29T04:06:44+00:00,"bootstrap_mae_ci=[12.7288,13.2002]"
reproduction,p,asis,papagei-9-3-3,S6+S10+S12,,,,0,0,12.8164,16.895,0.7348,11897,0.1,,0,"{""cv"": 4, ""criterion"": ""mse"", ""validation_held_out"": ""S1+S2+S3""}",019ad93,2026-09-29T04:06:45+00:00,"bootstrap_mae_ci=[12.6234,13.0328]"
reproduction,p,asis,papagei-9-3-3,S6+S10+S13,,,,0,0,10.7786,15.3082,0.7616,12508,0.1,,0,"{""cv"": 4, ""criterion"": ""mse"", ""validation_held_out"": ""S1+S2+S3""}",019ad93,2026-09-29T04:06:45+00:00,"bootstrap_mae_ci=[10.6031,10.9859]"
reproduction,p,asis,papagei-9-3-3,S6+S10+S14,,,,0,0,10.8239,15.2841,0.735,12419,0.1,,0,"{""cv"": 4, ""criterion"": ""mse"", ""validation_held_out"": ""S1+S2+S3""}",019ad93,2026-09-29T04:06:46+00:00,"bootstrap_mae_ci=[10.6176,11.0167]"
reproduction,p,asis,papagei-9-3-3,S6+S10+S15,,,,0,0,11.5983,16.0973,0.7299,11909,0.1,,0,"{""cv"": 4, ""criterion"": ""mse"", ""validation_held_out"": ""S1+S2+S3""}",019ad93,2026-09-29T04:06:47+00:00,"bootstrap_mae_ci=[11.4091,11.8011]"
reproduction,p,asis,papagei-9-3-3,S6+S11+S12,,,,0,0,14.1277,18.6965,0.7672,11097,0.1,,0,"{""cv"": 4, ""criterion"": ""mse"", ""validation_held_out"": ""S1+S2+S3""}",019ad93,2026-09-29T04:06:47+00:00,"bootstrap_mae_ci=[13.9070,14.3447]"
reproduction,p,asis,papagei-9-3-3,S6+S11+S13,,,,0,0,12.3605,17.6327,0.7842,11708,0.1,,0,"{""cv"": 4, ""criterion"": ""mse"", ""validation_held_out"": ""S1+S2+S3""}",019ad93,2026-09-29T04:06:48+00:00,"bootstrap_mae_ci=[12.1312,12.5639]"
reproduction,p,asis,papagei-9-3-3,S6+S11+S14,,,,0,0,12.2556,17.4622,0.7651,11619,0.1,,0,"{""cv"": 4, ""criterion"": ""mse"", ""validation_held_out"": ""S1+S2+S3""}",019ad93,2026-09-29T04:06:49+00:00,"bootstrap_mae_ci=[12.0135,12.4655]"
reproduction,p,asis,papagei-9-3-3,S6+S11+S15,,,,0,0,12.9738,18.0868,0.7727,11109,0.1,,0,"{""cv"": 4, ""criterion"": ""mse"", ""validation_held_out"": ""S1+S2+S3""}",019ad93,2026-09-29T04:06:49+00:00,"bootstrap_mae_ci=[12.7267,13.1896]"
reproduction,p,asis,papagei-9-3-3,S6+S12+S13,,,,0,0,12.339,16.3991,0.8057,11141,0.1,,0,"{""cv"": 4, ""criterion"": ""mse"", ""validation_held_out"": ""S1+S2+S3""}",019ad93,2026-09-29T04:06:50+00:00,"bootstrap_mae_ci=[12.1552,12.5290]"
reproduction,p,asis,papagei-9-3-3,S6+S12+S14,,,,0,0,12.1386,16.1558,0.7918,11052,0.1,,0,"{""cv"": 4, ""criterion"": ""mse"", ""validation_held_out"": ""S1+S2+S3""}",019ad93,2026-09-29T04:06:51+00:00,"bootstrap_mae_ci=[11.9197,12.3293]"
reproduction,p,asis,papagei-9-3-3,S6+S12+S15,,,,0,0,13.5355,17.3807,0.777,10542,0.1,,0,"{""cv"": 4, ""criterion"": ""mse"", ""validation_held_out"": ""S1+S2+S3""}",019ad93,2026-09-29T04:06:51+00:00,"bootstrap_mae_ci=[13.3425,13.7521]"
reproduction,p,asis,papagei-9-3-3,S6+S13+S14,,,,0,0,9.8516,14.1352,0.825,11663,0.1,,0,"{""cv"": 4, ""criterion"": ""mse"", ""validation_held_out"": ""S1+S2+S3""}",019ad93,2026-09-29T04:06:52+00:00,"bootstrap_mae_ci=[9.6837,10.0321]"
reproduction,p,asis,papagei-9-3-3,S6+S13+S15,,,,0,0,10.695,14.9565,0.819,11153,0.1,,0,"{""cv"": 4, ""criterion"": ""mse"", ""validation_held_out"": ""S1+S2+S3""}",019ad93,2026-09-29T04:06:53+00:00,"bootstrap_mae_ci=[10.5083,10.8991]"
reproduction,p,asis,papagei-9-3-3,S6+S14+S15,,,,0,0,10.5975,14.8298,0.8026,11064,0.1,,0,"{""cv"": 4, ""criterion"": ""mse"", ""validation_held_out"": ""S1+S2+S3""}",019ad93,2026-09-29T04:06:53+00:00,"bootstrap_mae_ci=[10.3986,10.7880]"
reproduction,p,asis,papagei-9-3-3,S7+S8+S9,,,,0,0,12.687,16.5822,0.66,12982,0.1,,0,"{""cv"": 4, ""criterion"": ""mse"", ""validation_held_out"": ""S1+S2+S3""}",019ad93,2026-09-29T04:06:54+00:00,"bootstrap_mae_ci=[12.5009,12.8812]"
reproduction,p,asis,papagei-9-3-3,S7+S8+S10,,,,0,0,10.9242,14.7094,0.6702,14026,0.1,,0,"{""cv"": 4, ""criterion"": ""mse"", ""validation_held_out"": ""S1+S2+S3""}",019ad93,2026-09-29T04:06:55+00:00,"bootstrap_mae_ci=[10.7634,11.0699]"
reproduction,p,asis,papagei-9-3-3,S7+S8+S11,,,,0,0,10.8864,14.8026,0.7494,13226,0.1,,0,"{""cv"": 4, ""criterion"": ""mse"", ""validation_held_out"": ""S1+S2+S3""}",019ad93,2026-09-29T04:06:55+00:00,"bootstrap_mae_ci=[10.7373,11.0607]"
reproduction,p,asis,papagei-9-3-3,S7+S8+S12,,,,0,0,12.7479,16.3026,0.7062,12659,0.1,,0,"{""cv"": 4, ""criterion"": ""mse"", ""validation_held_out"": ""S1+S2+S3""}",019ad93,2026-09-29T04:06:56+00:00,"bootstrap_mae_ci=[12.5953,12.9346]"
reproduction,p,asis,papagei-9-3-3,S7+S8+S13,,,,0,0,9.9864,13.2728,0.7976,13270,0.1,,0,"{""cv"": 4, ""criterion"": ""mse"", ""validation_held_out"": ""S1+S2+S3""}",019ad93,2026-09-29T04:06:57+00:00,"bootstrap_mae_ci=[9.8384,10.1379]"
reproduction,p,asis,papagei-9-3-3,S7+S8+S14,,,,0,0,9.8557,13.2035,0.7814,13181,0.1,,0,"{""cv"": 4, ""criterion"": ""mse"", ""validation_held_out"": ""S1+S2+S3""}",019ad93,2026-09-29T04:06:57+00:00,"bootstrap_mae_ci=[9.7104,10.0100]"
reproduction,p,asis,papagei-9-3-3,S7+S8+S15,,,,0,0,10.8948,14.2939,0.7385,12671,0.1,,0,"{""cv"": 4, ""criterion"": ""mse"", ""validation_held_out"": ""S1+S2+S3""}",019ad93,2026-09-29T04:06:58+00:00,"bootstrap_mae_ci=[10.7416,11.0505]"
reproduction,p,asis,papagei-9-3-3,S7+S9+S10,,,,0,0,11.1342,15.2034,0.6308,14266,0.1,,0,"{""cv"": 4, ""criterion"": ""mse"", ""validation_held_out"": ""S1+S2+S3""}",019ad93,2026-09-29T04:06:59+00:00,"bootstrap_mae_ci=[10.9557,11.3050]"
reproduction,p,asis,papagei-9-3-3,S7+S9+S11,,,,0,0,11.3126,15.5711,0.7132,13466,0.1,,0,"{""cv"": 4, ""criterion"": ""mse"", ""validation_held_out"": ""S1+S2+S3""}",019ad93,2026-09-29T04:06:59+00:00,"bootstrap_mae_ci=[11.1190,11.4900]"
reproduction,p,asis,papagei-9-3-3,S7+S9+S12,,,,0,0,12.45,16.153,0.6948,12899,0.1,,0,"{""cv"": 4, ""criterion"": ""mse"", ""validation_held_out"": ""S1+S2+S3""}",019ad93,2026-09-29T04:07:00+00:00,"bootstrap_mae_ci=[12.2819,12.6314]"
reproduction,p,asis,papagei-9-3-3,S7+S9+S13,,,,0,0,10.156,13.8371,0.7644,13510,0.1,,0,"{""cv"": 4, ""criterion"": ""mse"", ""validation_held_out"": ""S1+S2+S3""}",019ad93,2026-09-29T04:07:01+00:00,"bootstrap_mae_ci=[9.9919,10.2988]"
reproduction,p,asis,papagei-9-3-3,S7+S9+S14,,,,0,0,10.1125,13.8194,0.7392,13421,0.1,,0,"{""cv"": 4, ""criterion"": ""mse"", ""validation_held_out"": ""S1+S2+S3""}",019ad93,2026-09-29T04:07:01+00:00,"bootstrap_mae_ci=[9.9580,10.2832]"
reproduction,p,asis,papagei-9-3-3,S7+S9+S15,,,,0,0,11.0233,14.7653,0.7087,12911,0.1,,0,"{""cv"": 4, ""criterion"": ""mse"", ""validation_held_out"": ""S1+S2+S3""}",019ad93,2026-09-29T04:07:02+00:00,"bootstrap_mae_ci=[10.8587,11.1996]"
reproduction,p,asis,papagei-9-3-3,S7+S10+S11,,,,0,0,10.4605,14.7552,0.713,14510,0.1,,0,"{""cv"": 4, ""criterion"": ""mse"", ""validation_held_out"": ""S1+S2+S3""}",019ad93,2026-09-29T04:07:03+00:00,"bootstrap_mae_ci=[10.3090,10.6266]"
reproduction,p,asis,papagei-9-3-3,S7+S10+S12,,,,0,0,10.9808,14.5144,0.7017,13943,0.1,,0,"{""cv"": 4, ""criterion"": ""mse"", ""validation_held_out"": ""S1+S2+S3""}",019ad93,2026-09-29T04:07:03+00:00,"bootstrap_mae_ci=[10.8348,11.1422]"
reproduction,p,asis,papagei-9-3-3,S7+S10+S13,,,,0,0,9.2173,12.6692,0.7742,14554,0.1,,0,"{""cv"": 4, ""criterion"": ""mse"", ""validation_held_out"": ""S1+S2+S3""}",019ad93,2026-09-29T04:07:04+00:00,"bootstrap_mae_ci=[9.0852,9.3410]"
reproduction,p,asis,papagei-9-3-3,S7+S10+S14,,,,0,0,9.2632,12.7262,0.7453,14465,0.1,,0,"{""cv"": 4, ""criterion"": ""mse"", ""validation_held_out"": ""S1+S2+S3""}",019ad93,2026-09-29T04:07:04+00:00,"bootstrap_mae_ci=[9.1379,9.3971]"
reproduction,p,asis,papagei-9-3-3,S7+S10+S15,,,,0,0,9.8966,13.5288,0.7159,13955,0.1,,0,"{""cv"": 4, ""criterion"": ""mse"", ""validation_held_out"": ""S1+S2+S3""}",019ad93,2026-09-29T04:07:05+00:00,"bootstrap_mae_ci=[9.7502,10.0575]"
reproduction,p,asis,papagei-9-3-3,S7+S11+S12,,,,0,0,11.2056,14.9814,0.7671,13143,0.1,,0,"{""cv"": 4, ""criterion"": ""mse"", ""validation_held_out"": ""S1+S2+S3""}",019ad93,2026-09-29T04:07:06+00:00,"bootstrap_mae_ci=[11.0547,11.3658]"
reproduction,p,asis,papagei-9-3-3,S7+S11+S13,,,,0,0,9.6402,13.4833,0.8109,13754,0.1,,0,"{""cv"": 4, ""criterion"": ""mse"", ""validation_held_out"": ""S1+S2+S3""}",019ad93,2026-09-29T04:07:06+00:00,"bootstrap_mae_ci=[9.4909,9.8035]"
reproduction,p,asis,papagei-9-3-3,S7+S11+S14,,,,0,0,9.4853,13.326,0.7965,13665,0.1,,0,"{""cv"": 4, ""criterion"": ""mse"", ""validation_held_out"": ""S1+S2+S3""}",019ad93,2026-09-29T04:07:07+00:00,"bootstrap_mae_ci=[9.3335,9.6476]"
reproduction,p,asis,papagei-9-3-3,S7+S11+S15,,,,0,0,10.1797,14.0887,0.7796,13155,0.1,,0,"{""cv"": 4, ""criterion"": ""mse"", ""validation_held_out"": ""S1+S2+S3""}",019ad93,2026-09-29T04:07:07+00:00,"bootstrap_mae_ci=[10.0040,10.3299]"
reproduction,p,asis,papagei-9-3-3,S7+S12+S13,,,,0,0,10.4121,13.6623,0.8026,13187,0.1,,0,"{""cv"": 4, ""criterion"": ""mse"", ""validation_held_out"": ""S1+S2+S3""}",019ad93,2026-09-29T04:07:08+00:00,"bootstrap_mae_ci=[10.2797,10.5589]"
reproduction,p,asis,papagei-9-3-3,S7+S12+S14,,,,0,0,10.2222,13.4726,0.7933,13098,0.1,,0,"{""cv"": 4, ""criterion"": ""mse"", ""validation_held_out"": ""S1+S2+S3""}",019ad93,2026-09-29T04:07:09+00:00,"bootstrap_mae_ci=[10.0839,10.3729]"
reproduction,p,asis,papagei-9-3-3,S7+S12+S15,,,,0,0,11.5733,14.8773,0.7475,12588,0.1,,0,"{""cv"": 4, ""criterion"": ""mse"", ""validation_held_out"": ""S1+S2+S3""}",019ad93,2026-09-29T04:07:09+00:00,"bootstrap_mae_ci=[11.4230,11.7478]"
reproduction,p,asis,papagei-9-3-3,S7+S13+S14,,,,0,0,8.1828,10.9444,0.8541,13709,0.1,,0,"{""cv"": 4, ""criterion"": ""mse"", ""validation_held_out"": ""S1+S2+S3""}",019ad93,2026-09-29T04:07:10+00:00,"bootstrap_mae_ci=[8.0681,8.3077]"
reproduction,p,asis,papagei-9-3-3,S7+S13+S15,,,,0,0,9.0182,11.9659,0.8302,13199,0.1,,0,"{""cv"": 4, ""criterion"": ""mse"", ""validation_held_out"": ""S1+S2+S3""}",019ad93,2026-09-29T04:07:11+00:00,"bootstrap_mae_ci=[8.8921,9.1286]"
reproduction,p,asis,papagei-9-3-3,S7+S14+S15,,,,0,0,8.8726,11.8591,0.8162,13110,0.1,,0,"{""cv"": 4, ""criterion"": ""mse"", ""validation_held_out"": ""S1+S2+S3""}",019ad93,2026-09-29T04:07:11+00:00,"bootstrap_mae_ci=[8.7511,8.9903]"
reproduction,p,asis,papagei-9-3-3,S8+S9+S10,,,,0,0,13.995,18.0066,0.5107,13635,0.1,,0,"{""cv"": 4, ""criterion"": ""mse"", ""validation_held_out"": ""S1+S2+S3""}",019ad93,2026-09-29T04:07:12+00:00,"bootstrap_mae_ci=[13.7990,14.1750]"
reproduction,p,asis,papagei-9-3-3,S8+S9+S11,,,,0,0,13.8101,17.8157,0.6403,12835,0.1,,0,"{""cv"": 4, ""criterion"": ""mse"", ""validation_held_out"": ""S1+S2+S3""}",019ad93,2026-09-29T04:07:13+00:00,"bootstrap_mae_ci=[13.6193,13.9728]"
reproduction,p,asis,papagei-9-3-3,S8+S9+S12,,,,0,0,16.6845,20.0641,0.5863,12268,0.1,,0,"{""cv"": 4, ""criterion"": ""mse"", ""validation_held_out"": ""S1+S2+S3""}",019ad93,2026-09-29T04:07:13+00:00,"bootstrap_mae_ci=[16.4996,16.8838]"
reproduction,p,asis,papagei-9-3-3,S8+S9+S13,,,,0,0,13.0278,16.8517,0.6791,12879,0.1,,0,"{""cv"": 4, ""criterion"": ""mse"", ""validation_held_out"": ""S1+S2+S3""}",019ad93,2026-09-29T04:07:14+00:00,"bootstrap_mae_ci=[12.8279,13.1914]"
reproduction,p,asis,papagei-9-3-3,S8+S9+S14,,,,0,0,12.992,16.8466,0.6419,12790,0.1,,0,"{""cv"": 4, ""criterion"": ""mse"", ""validation_held_out"": ""S1+S2+S3""}",019ad93,2026-09-29T04:07:14+00:00,"bootstrap_mae_ci=[12.7770,13.1608]"
reproduction,p,asis,papagei-9-3-3,S8+S9+S15,,,,0,0,14.284,17.9831,0.595,12280,0.1,,0,"{""cv"": 4, ""criterion"": ""mse"", ""validation_held_out"": ""S1+S2+S3""}",019ad93,2026-09-29T04:07:15+00:00,"bootstrap_mae_ci=[14.0919,14.4739]"
reproduction,p,asis,papagei-9-3-3,S8+S10+S11,,,,0,0,12.0729,16.3061,0.6483,13879,0.1,,0,"{""cv"": 4, ""criterion"": ""mse"", ""validation_held_out"": ""S1+S2+S3""}",019ad93,2026-09-29T04:07:16+00:00,"bootstrap_mae_ci=[11.8750,12.2522]"
reproduction,p,asis,papagei-9-3-3,S8+S10+S12,,,,0,0,13.798,17.4142,0.5693,13312,0.1,,0,"{""cv"": 4, ""criterion"": ""mse"", ""validation_held_out"": ""S1+S2+S3""}",019ad93,2026-09-29T04:07:16+00:00,"bootstrap_mae_ci=[13.6168,13.9777]"
reproduction,p,asis,papagei-9-3-3,S8+S10+S13,,,,0,0,11.1047,14.8663,0.6919,13923,0.1,,0,"{""cv"": 4, ""criterion"": ""mse"", ""validation_held_out"": ""S1+S2+S3""}",019ad93,2026-09-29T04:07:17+00:00,"bootstrap_mae_ci=[10.9390,11.2625]"
reproduction,p,asis,papagei-9-3-3,S8+S10+S14,,,,0,0,11.1378,14.9044,0.6492,13834,0.1,,0,"{""cv"": 4, ""criterion"": ""mse"", ""validation_held_out"": ""S1+S2+S3""}",019ad93,2026-09-29T04:07:17+00:00,"bootstrap_mae_ci=[10.9839,11.3044]"
reproduction,p,asis,papagei-9-3-3,S8+S10+S15,,,,0,0,12.0116,15.8225,0.5957,13324,0.1,,0,"{""cv"": 4, ""criterion"": ""mse"", ""validation_held_out"": ""S1+S2+S3""}",019ad93,2026-09-29T04:07:18+00:00,"bootstrap_mae_ci=[11.8357,12.1889]"
reproduction,p,asis,papagei-9-3-3,S8+S11+S12,,,,0,0,13.6319,17.2553,0.6991,12512,0.1,,0,"{""cv"": 4, ""criterion"": ""mse"", ""validation_held_out"": ""S1+S2+S3""}",019ad93,2026-09-29T04:07:19+00:00,"bootstrap_mae_ci=[13.4391,13.8196]"
reproduction,p,asis,papagei-9-3-3,S8+S11+S13,,,,0,0,11.2064,15.1029,0.7605,13123,0.1,,0,"{""cv"": 4, ""criterion"": ""mse"", ""validation_held_out"": ""S1+S2+S3""}",019ad93,2026-09-29T04:07:20+00:00,"bootstrap_mae_ci=[11.0402,11.3764]"
reproduction,p,asis,papagei-9-3-3,S8+S11+S14,,,,0,0,11.1481,15.0216,0.7405,13034,0.1,,0,"{""cv"": 4, ""criterion"": ""mse"", ""validation_held_out"": ""S1+S2+S3""}",019ad93,2026-09-29T04:07:20+00:00,"bootstrap_mae_ci=[10.9768,11.3127]"
reproduction,p,asis,papagei-9-3-3,S8+S11+S15,,,,0,0,11.9694,15.834,0.7179,12524,0.1,,0,"{""cv"": 4, ""criterion"": ""mse"", ""validation_held_out"": ""S1+S2+S3""}",019ad93,2026-09-29T04:07:21+00:00,"bootstrap_mae_ci=[11.7843,12.1405]"
reproduction,p,asis,papagei-9-3-3,S8+S12+S13,,,,0,0,13.1621,16.6425,0.7198,12556,0.1,,0,"{""cv"": 4, ""criterion"": ""mse"", ""validation_held_out"": ""S1+S2+S3""}",019ad93,2026-09-29T04:07:22+00:00,"bootstrap_mae_ci=[12.9688,13.3448]"
reproduction,p,asis,papagei-9-3-3,S8+S12+S14,,,,0,0,13.1275,16.6348,0.7011,12467,0.1,,0,"{""cv"": 4, ""criterion"": ""mse"", ""validation_held_out"": ""S1+S2+S3""}",019ad93,2026-09-29T04:07:22+00:00,"bootstrap_mae_ci=[12.9499,13.2949]"
reproduction,p,asis,papagei-9-3-3,S8+S12+S15,,,,0,0,14.9104,18.2274,0.6249,11957,0.1,,0,"{""cv"": 4, ""criterion"": ""mse"", ""validation_held_out"": ""S1+S2+S3""}",019ad93,2026-09-29T04:07:23+00:00,"bootstrap_mae_ci=[14.7144,15.0890]"
reproduction,p,asis,papagei-9-3-3,S8+S13+S14,,,,0,0,10.0879,13.4217,0.7853,13078,0.1,,0,"{""cv"": 4, ""criterion"": ""mse"", ""validation_held_out"": ""S1+S2+S3""}",019ad93,2026-09-29T04:07:24+00:00,"bootstrap_mae_ci=[9.9398,10.2452]"
reproduction,p,asis,papagei-9-3-3,S8+S13+S15,,,,0,0,11.1014,14.4795,0.7531,12568,0.1,,0,"{""cv"": 4, ""criterion"": ""mse"", ""validation_held_out"": ""S1+S2+S3""}",019ad93,2026-09-29T04:07:24+00:00,"bootstrap_mae_ci=[10.9340,11.2377]"
reproduction,p,asis,papagei-9-3-3,S8+S14+S15,,,,0,0,11.0278,14.4476,0.728,12479,0.1,,0,"{""cv"": 4, ""criterion"": ""mse"", ""validation_held_out"": ""S1+S2+S3""}",019ad93,2026-09-29T04:07:25+00:00,"bootstrap_mae_ci=[10.8810,11.1835]"
reproduction,p,asis,papagei-9-3-3,S9+S10+S11,,,,0,0,12.4746,16.9647,0.6059,14119,0.1,,0,"{""cv"": 4, ""criterion"": ""mse"", ""validation_held_out"": ""S1+S2+S3""}",019ad93,2026-09-29T04:07:26+00:00,"bootstrap_mae_ci=[12.2862,12.6477]"
reproduction,p,asis,papagei-9-3-3,S9+S10+S12,,,,0,0,13.4768,17.2873,0.5688,13552,0.1,,0,"{""cv"": 4, ""criterion"": ""mse"", ""validation_held_out"": ""S1+S2+S3""}",019ad93,2026-09-29T04:07:26+00:00,"bootstrap_mae_ci=[13.2891,13.6668]"
reproduction,p,asis,papagei-9-3-3,S9+S10+S13,,,,0,0,11.3109,15.3735,0.6564,14163,0.1,,0,"{""cv"": 4, ""criterion"": ""mse"", ""validation_held_out"": ""S1+S2+S3""}",019ad93,2026-09-29T04:07:27+00:00,"bootstrap_mae_ci=[11.1280,11.4801]"
reproduction,p,asis,papagei-9-3-3,S9+S10+S14,,,,0,0,11.3838,15.429,0.6071,14074,0.1,,0,"{""cv"": 4, ""criterion"": ""mse"", ""validation_held_out"": ""S1+S2+S3""}",019ad93,2026-09-29T04:07:28+00:00,"bootstrap_mae_ci=[11.2129,11.5499]"
reproduction,p,asis,papagei-9-3-3,S9+S10+S15,,,,0,0,12.1862,16.2921,0.573,13564,0.1,,0,"{""cv"": 4, ""criterion"": ""mse"", ""validation_held_out"": ""S1+S2+S3""}",019ad93,2026-09-29T04:07:29+00:00,"bootstrap_mae_ci=[12.0024,12.3666]"
reproduction,p,asis,papagei-9-3-3,S9+S11+S12,,,,0,0,13.5629,17.4204,0.6907,12752,0.1,,0,"{""cv"": 4, ""criterion"": ""mse"", ""validation_held_out"": ""S1+S2+S3""}",019ad93,2026-09-29T04:07:30+00:00,"bootstrap_mae_ci=[13.3686,13.7644]"
reproduction,p,asis,papagei-9-3-3,S9+S11+S13,,,,0,0,11.5849,15.8289,0.7279,13363,0.1,,0,"{""cv"": 4, ""criterion"": ""mse"", ""validation_held_out"": ""S1+S2+S3""}",019ad93,2026-09-29T04:07:30+00:00,"bootstrap_mae_ci=[11.4015,11.7736]"
reproduction,p,asis,papagei-9-3-3,S9+S11+S14,,,,0,0,11.5827,15.7923,0.7011,13274,0.1,,0,"{""cv"": 4, ""criterion"": ""mse"", ""validation_held_out"": ""S1+S2+S3""}",019ad93,2026-09-29T04:07:31+00:00,"bootstrap_mae_ci=[11.4239,11.7736]"
reproduction,p,asis,papagei-9-3-3,S9+S11+S15,,,,0,0,12.3509,16.5447,0.6915,12764,0.1,,0,"{""cv"": 4, ""criterion"": ""mse"", ""validation_held_out"": ""S1+S2+S3""}",019ad93,2026-09-29T04:07:32+00:00,"bootstrap_mae_ci=[12.1599,12.5179]"
reproduction,p,asis,papagei-9-3-3,S9+S12+S13,,,,0,0,12.8327,16.4763,0.713,12796,0.1,,0,"{""cv"": 4, ""criterion"": ""mse"", ""validation_held_out"": ""S1+S2+S3""}",019ad93,2026-09-29T04:07:32+00:00,"bootstrap_mae_ci=[12.6469,13.0065]"
reproduction,p,asis,papagei-9-3-3,S9+S12+S14,,,,0,0,12.7484,16.401,0.6869,12707,0.1,,0,"{""cv"": 4, ""criterion"": ""mse"", ""validation_held_out"": ""S1+S2+S3""}",019ad93,2026-09-29T04:07:33+00:00,"bootstrap_mae_ci=[12.5620,12.9497]"
reproduction,p,asis,papagei-9-3-3,S9+S12+S15,,,,0,0,14.1041,17.6131,0.6356,12197,0.1,,0,"{""cv"": 4, ""criterion"": ""mse"", ""validation_held_out"": ""S1+S2+S3""}",019ad93,2026-09-29T04:07:34+00:00,"bootstrap_mae_ci=[13.9283,14.3222]"
reproduction,p,asis,papagei-9-3-3,S9+S13+S14,,,,0,0,10.3083,14.0098,0.751,13318,0.1,,0,"{""cv"": 4, ""criterion"": ""mse"", ""validation_held_out"": ""S1+S2+S3""}",019ad93,2026-09-29T04:07:34+00:00,"bootstrap_mae_ci=[10.1636,10.4711]"
reproduction,p,asis,papagei-9-3-3,S9+S13+S15,,,,0,0,11.207,14.9357,0.729,12808,0.1,,0,"{""cv"": 4, ""criterion"": ""mse"", ""validation_held_out"": ""S1+S2+S3""}",019ad93,2026-09-29T04:07:35+00:00,"bootstrap_mae_ci=[11.0335,11.3726]"
reproduction,p,asis,papagei-9-3-3,S9+S14+S15,,,,0,0,11.1825,14.9321,0.6972,12719,0.1,,0,"{""cv"": 4, ""criterion"": ""mse"", ""validation_held_out"": ""S1+S2+S3""}",019ad93,2026-09-29T04:07:36+00:00,"bootstrap_mae_ci=[11.0063,11.3353]"
reproduction,p,asis,papagei-9-3-3,S10+S11+S12,,,,0,0,12.0981,16.0721,0.6917,13796,0.1,,0,"{""cv"": 4, ""criterion"": ""mse"", ""validation_held_out"": ""S1+S2+S3""}",019ad93,2026-09-29T04:07:36+00:00,"bootstrap_mae_ci=[11.9175,12.2565]"
reproduction,p,asis,papagei-9-3-3,S10+S11+S13,,,,0,0,10.5838,14.9065,0.7314,14407,0.1,,0,"{""cv"": 4, ""criterion"": ""mse"", ""validation_held_out"": ""S1+S2+S3""}",019ad93,2026-09-29T04:07:37+00:00,"bootstrap_mae_ci=[10.4342,10.7573]"
reproduction,p,asis,papagei-9-3-3,S10+S11+S14,,,,0,0,10.637,14.9208,0.7037,14318,0.1,,0,"{""cv"": 4, ""criterion"": ""mse"", ""validation_held_out"": ""S1+S2+S3""}",019ad93,2026-09-29T04:07:38+00:00,"bootstrap_mae_ci=[10.4637,10.7984]"
reproduction,p,asis,papagei-9-3-3,S10+S11+S15,,,,0,0,11.2503,15.6218,0.6906,13808,0.1,,0,"{""cv"": 4, ""criterion"": ""mse"", ""validation_held_out"": ""S1+S2+S3""}",019ad93,2026-09-29T04:07:39+00:00,"bootstrap_mae_ci=[11.0634,11.4249]"
reproduction,p,asis,papagei-9-3-3,S10+S12+S13,,,,0,0,11.2957,14.7982,0.7203,13840,0.1,,0,"{""cv"": 4, ""criterion"": ""mse"", ""validation_held_out"": ""S1+S2+S3""}",019ad93,2026-09-29T04:07:39+00:00,"bootstrap_mae_ci=[11.1396,11.4553]"
reproduction,p,asis,papagei-9-3-3,S10+S12+S14,,,,0,0,11.2655,14.7503,0.6891,13751,0.1,,0,"{""cv"": 4, ""criterion"": ""mse"", ""validation_held_out"": ""S1+S2+S3""}",019ad93,2026-09-29T04:07:40+00:00,"bootstrap_mae_ci=[11.0828,11.4121]"
reproduction,p,asis,papagei-9-3-3,S10+S12+S15,,,,0,0,12.3351,15.8628,0.6287,13241,0.1,,0,"{""cv"": 4, ""criterion"": ""mse"", ""validation_held_out"": ""S1+S2+S3""}",019ad93,2026-09-29T04:07:41+00:00,"bootstrap_mae_ci=[12.1774,12.5081]"
reproduction,p,asis,papagei-9-3-3,S10+S13+S14,,,,0,0,9.3098,12.7859,0.7601,14362,0.1,,0,"{""cv"": 4, ""criterion"": ""mse"", ""validation_held_out"": ""S1+S2+S3""}",019ad93,2026-09-29T04:07:42+00:00,"bootstrap_mae_ci=[9.1610,9.4454]"
reproduction,p,asis,papagei-9-3-3,S10+S13+S15,,,,0,0,9.9936,13.6167,0.7363,13852,0.1,,0,"{""cv"": 4, ""criterion"": ""mse"", ""validation_held_out"": ""S1+S2+S3""}",019ad93,2026-09-29T04:07:42+00:00,"bootstrap_mae_ci=[9.8282,10.1473]"
reproduction,p,asis,papagei-9-3-3,S10+S14+S15,,,,0,0,10.0747,13.6998,0.7,13763,0.1,,0,"{""cv"": 4, ""criterion"": ""mse"", ""validation_held_out"": ""S1+S2+S3""}",019ad93,2026-09-29T04:07:43+00:00,"bootstrap_mae_ci=[9.9235,10.2358]"
reproduction,p,asis,papagei-9-3-3,S11+S12+S13,,,,0,0,11.5283,15.3175,0.7774,13040,0.1,,0,"{""cv"": 4, ""criterion"": ""mse"", ""validation_held_out"": ""S1+S2+S3""}",019ad93,2026-09-29T04:07:44+00:00,"bootstrap_mae_ci=[11.3466,11.6842]"
reproduction,p,asis,papagei-9-3-3,S11+S12+S14,,,,0,0,11.4066,15.1239,0.7623,12951,0.1,,0,"{""cv"": 4, ""criterion"": ""mse"", ""validation_held_out"": ""S1+S2+S3""}",019ad93,2026-09-29T04:07:44+00:00,"bootstrap_mae_ci=[11.2443,11.5938]"
reproduction,p,asis,papagei-9-3-3,S11+S12+S15,,,,0,0,12.506,16.1854,0.7368,12441,0.1,,0,"{""cv"": 4, ""criterion"": ""mse"", ""validation_held_out"": ""S1+S2+S3""}",019ad93,2026-09-29T04:07:45+00:00,"bootstrap_mae_ci=[12.3190,12.6797]"
reproduction,p,asis,papagei-9-3-3,S11+S13+S14,,,,0,0,9.7269,13.6153,0.8066,13562,0.1,,0,"{""cv"": 4, ""criterion"": ""mse"", ""validation_held_out"": ""S1+S2+S3""}",019ad93,2026-09-29T04:07:46+00:00,"bootstrap_mae_ci=[9.5727,9.8869]"
reproduction,p,asis,papagei-9-3-3,S11+S13+S15,,,,0,0,10.3713,14.3133,0.794,13052,0.1,,0,"{""cv"": 4, ""criterion"": ""mse"", ""validation_held_out"": ""S1+S2+S3""}",019ad93,2026-09-29T04:07:46+00:00,"bootstrap_mae_ci=[10.2024,10.5368]"
reproduction,p,asis,papagei-9-3-3,S11+S14+S15,,,,0,0,10.3645,14.2646,0.7769,12963,0.1,,0,"{""cv"": 4, ""criterion"": ""mse"", ""validation_held_out"": ""S1+S2+S3""}",019ad93,2026-09-29T04:07:47+00:00,"bootstrap_mae_ci=[10.2027,10.5328]"
reproduction,p,asis,papagei-9-3-3,S12+S13+S14,,,,0,0,10.5046,13.759,0.7983,12995,0.1,,0,"{""cv"": 4, ""criterion"": ""mse"", ""validation_held_out"": ""S1+S2+S3""}",019ad93,2026-09-29T04:07:48+00:00,"bootstrap_mae_ci=[10.3435,10.6493]"
reproduction,p,asis,papagei-9-3-3,S12+S13+S15,,,,0,0,11.8989,15.1935,0.7618,12485,0.1,,0,"{""cv"": 4, ""criterion"": ""mse"", ""validation_held_out"": ""S1+S2+S3""}",019ad93,2026-09-29T04:07:49+00:00,"bootstrap_mae_ci=[11.7279,12.0775]"
reproduction,p,asis,papagei-9-3-3,S12+S14+S15,,,,0,0,11.6954,14.9817,0.7462,12396,0.1,,0,"{""cv"": 4, ""criterion"": ""mse"", ""validation_held_out"": ""S1+S2+S3""}",019ad93,2026-09-29T04:07:49+00:00,"bootstrap_mae_ci=[11.5351,11.8495]"
reproduction,p,asis,papagei-9-3-3,S13+S14+S15,,,,0,0,8.9843,11.989,0.8236,13007,0.1,,0,"{""cv"": 4, ""criterion"": ""mse"", ""validation_held_out"": ""S1+S2+S3""}",019ad93,2026-09-29T04:07:50+00:00,"bootstrap_mae_ci=[8.8439,9.1166]"
reproduction,s,asis,papagei-9-3-3,S1+S2+S3,,,,0,0,10.0659,13.1912,0.6512,13069,0.1,,0,"{""cv"": 4, ""criterion"": ""mse"", ""validation_held_out"": ""S4+S5+S6""}",019ad93,2026-09-29T04:07:51+00:00,"bootstrap_mae_ci=[9.9375,10.2219]"
reproduction,s,asis,papagei-9-3-3,S1+S2+S4,,,,0,0,10.3378,13.4399,0.6104,13274,0.1,,0,"{""cv"": 4, ""criterion"": ""mse"", ""validation_held_out"": ""S3+S5+S6""}",019ad93,2026-09-29T04:07:52+00:00,"bootstrap_mae_ci=[10.1824,10.4828]"
reproduction,s,asis,papagei-9-3-3,S1+S2+S5,,,,0,0,16.6645,23.1017,0.6104,13351,0.1,,0,"{""cv"": 4, ""criterion"": ""mse"", ""validation_held_out"": ""S3+S4+S6""}",019ad93,2026-09-29T04:07:53+00:00,"bootstrap_mae_ci=[16.3987,16.9351]"
reproduction,s,asis,papagei-9-3-3,S1+S2+S6,,,,0,0,13.5962,18.371,0.6652,11324,0.1,,0,"{""cv"": 4, ""criterion"": ""mse"", ""validation_held_out"": ""S3+S4+S5""}",019ad93,2026-09-29T04:07:54+00:00,"bootstrap_mae_ci=[13.3587,13.8422]"
reproduction,s,asis,papagei-9-3-3,S1+S2+S7,,,,0,0,10.434,13.6611,0.7121,13370,0.1,,0,"{""cv"": 4, ""criterion"": ""mse"", ""validation_held_out"": ""S3+S4+S5""}",019ad93,2026-09-29T04:07:54+00:00,"bootstrap_mae_ci=[10.2830,10.5905]"
reproduction,s,asis,papagei-9-3-3,S1+S2+S8,,,,0,0,12.79,16.0778,0.6175,12739,0.1,,0,"{""cv"": 4, ""criterion"": ""mse"", ""validation_held_out"": ""S3+S4+S5""}",019ad93,2026-09-29T04:07:55+00:00,"bootstrap_mae_ci=[12.6311,12.9642]"
reproduction,s,asis,papagei-9-3-3,S1+S2+S9,,,,0,0,12.4289,15.9984,0.5932,12979,0.1,,0,"{""cv"": 4, ""criterion"": ""mse"", ""validation_held_out"": ""S3+S4+S5""}",019ad93,2026-09-29T04:07:56+00:00,"bootstrap_mae_ci=[12.2508,12.5917]"
reproduction,s,asis,papagei-9-3-3,S1+S2+S10,,,,0,0,11.0444,14.7052,0.6026,14023,0.1,,0,"{""cv"": 4, ""criterion"": ""mse"", ""validation_held_out"": ""S3+S4+S5""}",019ad93,2026-09-29T04:07:56+00:00,"bootstrap_mae_ci=[10.9035,11.1944]"
reproduction,s,asis,papagei-9-3-3,S1+S2+S11,,,,0,0,12.3858,16.756,0.647,13223,0.1,,0,"{""cv"": 4, ""criterion"": ""mse"", ""validation_held_out"": ""S3+S4+S5""}",019ad93,2026-09-29T04:07:57+00:00,"bootstrap_mae_ci=[12.2017,12.5659]"
reproduction,s,asis,papagei-9-3-3,S1+S2+S12,,,,0,0,12.8806,16.0253,0.6507,12656,0.1,,0,"{""cv"": 4, ""criterion"": ""mse"", ""validation_held_out"": ""S3+S4+S5""}",019ad93,2026-09-29T04:07:58+00:00,"bootstrap_mae_ci=[12.7036,13.0434]"
reproduction,s,asis,papagei-9-3-3,S1+S2+S13,,,,0,0,10.8319,14.1824,0.7327,13267,0.1,,0,"{""cv"": 4, ""criterion"": ""mse"", ""validation_held_out"": ""S3+S4+S5""}",019ad93,2026-09-29T04:07:58+00:00,"bootstrap_mae_ci=[10.6852,10.9980]"
reproduction,s,asis,papagei-9-3-3,S1+S2+S14,,,,0,0,10.6317,13.9544,0.6837,13178,0.1,,0,"{""cv"": 4, ""criterion"": ""mse"", ""validation_held_out"": ""S3+S4+S5""}",019ad93,2026-09-29T04:07:59+00:00,"bootstrap_mae_ci=[10.4932,10.7841]"
reproduction,s,asis,papagei-9-3-3,S1+S2+S15,,,,0,0,11.5985,14.9003,0.64,12668,0.1,,0,"{""cv"": 4, ""criterion"": ""mse"", ""validation_held_out"": ""S3+S4+S5""}",019ad93,2026-09-29T04:08:00+00:00,"bootstrap_mae_ci=[11.4432,11.7548]"
reproduction,s,asis,papagei-9-3-3,S1+S3+S4,,,,0,0,9.6986,12.6852,0.6548,13542,0.1,,0,"{""cv"": 4, ""criterion"": ""mse"", ""validation_held_out"": ""S2+S5+S6""}",019ad93,2026-09-29T04:08:00+00:00,"bootstrap_mae_ci=[9.5610,9.8431]"
reproduction,s,asis,papagei-9-3-3,S1+S3+S5,,,,0,0,15.9044,22.5197,0.6596,13619,0.1,,0,"{""cv"": 4, ""criterion"": ""mse"", ""validation_held_out"": ""S2+S4+S6""}",019ad93,2026-09-29T04:08:01+00:00,"bootstrap_mae_ci=[15.6338,16.1725]"
reproduction,s,asis,papagei-9-3-3,S1+S3+S6,,,,0,0,12.7741,17.6305,0.718,11592,0.1,,0,"{""cv"": 4, ""criterion"": ""mse"", ""validation_held_out"": ""S2+S4+S5""}",019ad93,2026-09-29T04:08:01+00:00,"bootstrap_mae_ci=[12.5402,12.9932]"
reproduction,s,asis,papagei-9-3-3,S1+S3+S7,,,,0,0,9.4346,12.4347,0.7471,13638,0.1,,0,"{""cv"": 4, ""criterion"": ""mse"", ""validation_held_out"": ""S2+S4+S5""}",019ad93,2026-09-29T04:08:02+00:00,"bootstrap_mae_ci=[9.3000,9.5604]"
reproduction,s,asis,papagei-9-3-3,S1+S3+S8,,,,0,0,11.4438,14.6587,0.638,13007,0.1,,0,"{""cv"": 4, ""criterion"": ""mse"", ""validation_held_out"": ""S2+S4+S5""}",019ad93,2026-09-29T04:08:03+00:00,"bootstrap_mae_ci=[11.3082,11.6007]"
reproduction,s,asis,papagei-9-3-3,S1+S3+S9,,,,0,0,11.3092,14.8076,0.6391,13247,0.1,,0,"{""cv"": 4, ""criterion"": ""mse"", ""validation_held_out"": ""S2+S4+S5""}",019ad93,2026-09-29T04:08:03+00:00,"bootstrap_mae_ci=[11.1496,11.4814]"
reproduction,s,asis,papagei-9-3-3,S1+S3+S10,,,,0,0,10.0566,13.5549,0.6516,14291,0.1,,0,"{""cv"": 4, ""criterion"": ""mse"", ""validation_held_out"": ""S2+S4+S5""}",019ad93,2026-09-29T04:08:04+00:00,"bootstrap_mae_ci=[9.9056,10.1938]"
reproduction,s,asis,papagei-9-3-3,S1+S3+S11,,,,0,0,11.6293,16.0176,0.7023,13491,0.1,,0,"{""cv"": 4, ""criterion"": ""mse"", ""validation_held_out"": ""S2+S4+S5""}",019ad93,2026-09-29T04:08:04+00:00,"bootstrap_mae_ci=[11.4554,11.7977]"
reproduction,s,asis,papagei-9-3-3,S1+S3+S12,,,,0,0,11.6904,14.7894,0.677,12924,0.1,,0,"{""cv"": 4, ""criterion"": ""mse"", ""validation_held_out"": ""S2+S4+S5""}",019ad93,2026-09-29T04:08:05+00:00,"bootstrap_mae_ci=[11.5451,11.8459]"
reproduction,s,asis,papagei-9-3-3,S1+S3+S13,,,,0,0,9.7775,12.9618,0.7623,13535,0.1,,0,"{""cv"": 4, ""criterion"": ""mse"", ""validation_held_out"": ""S2+S4+S5""}",019ad93,2026-09-29T04:08:06+00:00,"bootstrap_mae_ci=[9.6439,9.9273]"
reproduction,s,asis,papagei-9-3-3,S1+S3+S14,,,,0,0,9.6622,12.7875,0.7279,13446,0.1,,0,"{""cv"": 4, ""criterion"": ""mse"", ""validation_held_out"": ""S2+S4+S5""}",019ad93,2026-09-29T04:08:06+00:00,"bootstrap_mae_ci=[9.5309,9.8060]"
reproduction,s,asis,papagei-9-3-3,S1+S3+S15,,,,0,0,10.4512,13.6243,0.6836,12936,0.1,,0,"{""cv"": 4, ""criterion"": ""mse"", ""validation_held_out"": ""S2+S4+S5""}",019ad93,2026-09-29T04:08:07+00:00,"bootstrap_mae_ci=[10.3011,10.6029]"
reproduction,s,asis,papagei-9-3-3,S1+S4+S5,,,,0,0,16.0789,22.5512,0.6202,13824,0.1,,0,"{""cv"": 4, ""criterion"": ""mse"", ""validation_held_out"": ""S2+S3+S6""}",019ad93,2026-09-29T04:08:08+00:00,"bootstrap_mae_ci=[15.7936,16.3592]"
reproduction,s,asis,papagei-9-3-3,S1+S4+S6,,,,0,0,13.0331,17.7738,0.6734,11797,0.1,,0,"{""cv"": 4, ""criterion"": ""mse"", ""validation_held_out"": ""S2+S3+S5""}",019ad93,2026-09-29T04:08:08+00:00,"bootstrap_mae_ci=[12.8195,13.2414]"
reproduction,s,asis,papagei-9-3-3,S1+S4+S7,,,,0,0,9.8713,12.931,0.7082,13843,0.1,,0,"{""cv"": 4, ""criterion"": ""mse"", ""validation_held_out"": ""S2+S3+S5""}",019ad93,2026-09-29T04:08:09+00:00,"bootstrap_mae_ci=[9.7352,10.0034]"
reproduction,s,asis,papagei-9-3-3,S1+S4+S8,,,,0,0,12.0318,15.2373,0.5959,13212,0.1,,0,"{""cv"": 4, ""criterion"": ""mse"", ""validation_held_out"": ""S2+S3+S5""}",019ad93,2026-09-29T04:08:10+00:00,"bootstrap_mae_ci=[11.8636,12.1807]"
reproduction,s,asis,papagei-9-3-3,S1+S4+S9,,,,0,0,11.8057,15.2918,0.5891,13452,0.1,,0,"{""cv"": 4, ""criterion"": ""mse"", ""validation_held_out"": ""S2+S3+S5""}",019ad93,2026-09-29T04:08:10+00:00,"bootstrap_mae_ci=[11.6552,11.9702]"
reproduction,s,asis,papagei-9-3-3,S1+S4+S10,,,,0,0,10.509,14.0217,0.6027,14496,0.1,,0,"{""cv"": 4, ""criterion"": ""mse"", ""validation_held_out"": ""S2+S3+S5""}",019ad93,2026-09-29T04:08:11+00:00,"bootstrap_mae_ci=[10.3540,10.6582]"
reproduction,s,asis,papagei-9-3-3,S1+S4+S11,,,,0,0,11.9255,16.2258,0.6608,13696,0.1,,0,"{""cv"": 4, ""criterion"": ""mse"", ""validation_held_out"": ""S2+S3+S5""}",019ad93,2026-09-29T04:08:11+00:00,"bootstrap_mae_ci=[11.7402,12.1136]"
reproduction,s,asis,papagei-9-3-3,S1+S4+S12,,,,0,0,12.1829,15.2575,0.631,13129,0.1,,0,"{""cv"": 4, ""criterion"": ""mse"", ""validation_held_out"": ""S2+S3+S5""}",019ad93,2026-09-29T04:08:12+00:00,"bootstrap_mae_ci=[12.0284,12.3450]"
reproduction,s,asis,papagei-9-3-3,S1+S4+S13,,,,0,0,10.216,13.4293,0.7276,13740,0.1,,0,"{""cv"": 4, ""criterion"": ""mse"", ""validation_held_out"": ""S2+S3+S5""}",019ad93,2026-09-29T04:08:13+00:00,"bootstrap_mae_ci=[10.0748,10.3423]"
reproduction,s,asis,papagei-9-3-3,S1+S4+S14,,,,0,0,10.1038,13.2688,0.6849,13651,0.1,,0,"{""cv"": 4, ""criterion"": ""mse"", ""validation_held_out"": ""S2+S3+S5""}",019ad93,2026-09-29T04:08:13+00:00,"bootstrap_mae_ci=[9.9791,10.2526]"
reproduction,s,asis,papagei-9-3-3,S1+S4+S15,,,,0,0,10.936,14.1244,0.6352,13141,0.1,,0,"{""cv"": 4, ""criterion"": ""mse"", ""validation_held_out"": ""S2+S3+S5""}",019ad93,2026-09-29T04:08:14+00:00,"bootstrap_mae_ci=[10.7914,11.0711]"
reproduction,s,asis,papagei-9-3-3,S1+S5+S6,,,,0,0,20.1292,26.6835,0.6557,11874,0.1,,0,"{""cv"": 4, ""criterion"": ""mse"", ""validation_held_out"": ""S2+S3+S4""}",019ad93,2026-09-29T04:08:15+00:00,"bootstrap_mae_ci=[19.8531,20.4463]"
reproduction,s,asis,papagei-9-3-3,S1+S5+S7,,,,0,0,15.0759,21.3894,0.683,13920,0.1,,0,"{""cv"": 4, ""criterion"": ""mse"", ""validation_held_out"": ""S2+S3+S4""}",019ad93,2026-09-29T04:08:15+00:00,"bootstrap_mae_ci=[14.8323,15.3360]"
reproduction,s,asis,papagei-9-3-3,S1+S5+S8,,,,0,0,17.0155,22.5906,0.6467,13289,0.1,,0,"{""cv"": 4, ""criterion"": ""mse"", ""validation_held_out"": ""S2+S3+S4""}",019ad93,2026-09-29T04:08:16+00:00,"bootstrap_mae_ci=[16.7768,17.2647]"
reproduction,s,asis,papagei-9-3-3,S1+S5+S9,,,,0,0,17.01,22.9338,0.6291,13529,0.1,,0,"{""cv"": 4, ""criterion"": ""mse"", ""validation_held_out"": ""S2+S3+S4""}",019ad93,2026-09-29T04:08:16+00:00,"bootstrap_mae_ci=[16.7706,17.2762]"
reproduction,s,asis,papagei-9-3-3,S1+S5+S10,,,,0,0,15.385,21.6969,0.6344,14573,0.1,,0,"{""cv"": 4, ""criterion"": ""mse"", ""validation_held_out"": ""S2+S3+S4""}",019ad93,2026-09-29T04:08:17+00:00,"bootstrap_mae_ci=[15.1404,15.6161]"
reproduction,s,asis,papagei-9-3-3,S1+S5+S11,,,,0,0,17.7627,24.3797,0.6579,13773,0.1,,0,"{""cv"": 4, ""criterion"": ""mse"", ""validation_held_out"": ""S2+S3+S4""}",019ad93,2026-09-29T04:08:18+00:00,"bootstrap_mae_ci=[17.4866,18.0969]"
reproduction,s,asis,papagei-9-3-3,S1+S5+S12,,,,0,0,17.2069,22.5701,0.6864,13206,0.1,,0,"{""cv"": 4, ""criterion"": ""mse"", ""validation_held_out"": ""S2+S3+S4""}",019ad93,2026-09-29T04:08:18+00:00,"bootstrap_mae_ci=[16.9590,17.4472]"
reproduction,s,asis,papagei-9-3-3,S1+S5+S13,,,,0,0,15.5167,21.8323,0.6841,13817,0.1,,0,"{""cv"": 4, ""criterion"": ""mse"", ""validation_held_out"": ""S2+S3+S4""}",019ad93,2026-09-29T04:08:19+00:00,"bootstrap_mae_ci=[15.2742,15.7836]"
reproduction,s,asis,papagei-9-3-3,S1+S5+S14,,,,0,0,15.4424,21.7952,0.6739,13728,0.1,,0,"{""cv"": 4, ""criterion"": ""mse"", ""validation_held_out"": ""S2+S3+S4""}",019ad93,2026-09-29T04:08:20+00:00,"bootstrap_mae_ci=[15.1978,15.7182]"
reproduction,s,asis,papagei-9-3-3,S1+S5+S15,,,,0,0,16.3001,22.3475,0.6739,13218,0.1,,0,"{""cv"": 4, ""criterion"": ""mse"", ""validation_held_out"": ""S2+S3+S4""}",019ad93,2026-09-29T04:08:20+00:00,"bootstrap_mae_ci=[16.0277,16.5770]"
reproduction,s,asis,papagei-9-3-3,S1+S6+S7,,,,0,0,12.5469,16.982,0.7375,11893,0.1,,0,"{""cv"": 4, ""criterion"": ""mse"", ""validation_held_out"": ""S2+S3+S4""}",019ad93,2026-09-29T04:08:21+00:00,"bootstrap_mae_ci=[12.3203,12.7573]"
reproduction,s,asis,papagei-9-3-3,S1+S6+S8,,,,0,0,15.2056,19.3019,0.6683,11262,0.1,,0,"{""cv"": 4, ""criterion"": ""mse"", ""validation_held_out"": ""S2+S3+S4""}",019ad93,2026-09-29T04:08:22+00:00,"bootstrap_mae_ci=[14.9840,15.4119]"
reproduction,s,asis,papagei-9-3-3,S1+S6+S9,,,,0,0,14.9041,19.1981,0.6657,11502,0.1,,0,"{""cv"": 4, ""criterion"": ""mse"", ""validation_held_out"": ""S2+S3+S4""}",019ad93,2026-09-29T04:08:22+00:00,"bootstrap_mae_ci=[14.6749,15.1174]"
reproduction,s,asis,papagei-9-3-3,S1+S6+S10,,,,0,0,13.1083,17.7114,0.6734,12546,0.1,,0,"{""cv"": 4, ""criterion"": ""mse"", ""validation_held_out"": ""S2+S3+S4""}",019ad93,2026-09-29T04:08:23+00:00,"bootstrap_mae_ci=[12.8972,13.3098]"
reproduction,s,asis,papagei-9-3-3,S1+S6+S11,,,,0,0,14.8421,19.8923,0.7179,11746,0.1,,0,"{""cv"": 4, ""criterion"": ""mse"", ""validation_held_out"": ""S2+S3+S4""}",019ad93,2026-09-29T04:08:23+00:00,"bootstrap_mae_ci=[14.6177,15.0758]"
reproduction,s,asis,papagei-9-3-3,S1+S6+S12,,,,0,0,15.9372,19.894,0.6924,11179,0.1,,0,"{""cv"": 4, ""criterion"": ""mse"", ""validation_held_out"": ""S2+S3+S4""}",019ad93,2026-09-29T04:08:24+00:00,"bootstrap_mae_ci=[15.7391,16.1581]"
reproduction,s,asis,papagei-9-3-3,S1+S6+S13,,,,0,0,12.9019,17.3739,0.7507,11790,0.1,,0,"{""cv"": 4, ""criterion"": ""mse"", ""validation_held_out"": ""S2+S3+S4""}",019ad93,2026-09-29T04:08:25+00:00,"bootstrap_mae_ci=[12.7222,13.1378]"
reproduction,s,asis,papagei-9-3-3,S1+S6+S14,,,,0,0,12.8929,17.3628,0.7249,11701,0.1,,0,"{""cv"": 4, ""criterion"": ""mse"", ""validation_held_out"": ""S2+S3+S4""}",019ad93,2026-09-29T04:08:25+00:00,"bootstrap_mae_ci=[12.7069,13.1208]"
reproduction,s,asis,papagei-9-3-3,S1+S6+S15,,,,0,0,13.9606,18.2467,0.7117,11191,0.1,,0,"{""cv"": 4, ""criterion"": ""mse"", ""validation_held_out"": ""S2+S3+S4""}",019ad93,2026-09-29T04:08:26+00:00,"bootstrap_mae_ci=[13.7654,14.1786]"
reproduction,s,asis,papagei-9-3-3,S1+S7+S8,,,,0,0,12.7837,16.4127,0.679,13308,0.1,,0,"{""cv"": 4, ""criterion"": ""mse"", ""validation_held_out"": ""S2+S3+S4""}",019ad93,2026-09-29T04:08:27+00:00,"bootstrap_mae_ci=[12.6132,12.9675]"
reproduction,s,asis,papagei-9-3-3,S1+S7+S9,,,,0,0,12.3033,15.9953,0.6774,13548,0.1,,0,"{""cv"": 4, ""criterion"": ""mse"", ""validation_held_out"": ""S2+S3+S4""}",019ad93,2026-09-29T04:08:27+00:00,"bootstrap_mae_ci=[12.1496,12.4852]"
reproduction,s,asis,papagei-9-3-3,S1+S7+S10,,,,0,0,10.9837,14.6664,0.6916,14592,0.1,,0,"{""cv"": 4, ""criterion"": ""mse"", ""validation_held_out"": ""S2+S3+S4""}",019ad93,2026-09-29T04:08:28+00:00,"bootstrap_mae_ci=[10.8220,11.1394]"
reproduction,s,asis,papagei-9-3-3,S1+S7+S11,,,,0,0,11.5503,15.6129,0.7283,13792,0.1,,0,"{""cv"": 4, ""criterion"": ""mse"", ""validation_held_out"": ""S2+S3+S4""}",019ad93,2026-09-29T04:08:29+00:00,"bootstrap_mae_ci=[11.3871,11.7240]"
reproduction,s,asis,papagei-9-3-3,S1+S7+S12,,,,0,0,13.4957,17.0772,0.6939,13225,0.1,,0,"{""cv"": 4, ""criterion"": ""mse"", ""validation_held_out"": ""S2+S3+S4""}",019ad93,2026-09-29T04:08:29+00:00,"bootstrap_mae_ci=[13.3108,13.6827]"
reproduction,s,asis,papagei-9-3-3,S1+S7+S13,,,,0,0,10.7152,14.0519,0.7832,13836,0.1,,0,"{""cv"": 4, ""criterion"": ""mse"", ""validation_held_out"": ""S2+S3+S4""}",019ad93,2026-09-29T04:08:30+00:00,"bootstrap_mae_ci=[10.5729,10.8606]"
reproduction,s,asis,papagei-9-3-3,S1+S7+S14,,,,0,0,10.5286,13.8753,0.7491,13747,0.1,,0,"{""cv"": 4, ""criterion"": ""mse"", ""validation_held_out"": ""S2+S3+S4""}",019ad93,2026-09-29T04:08:31+00:00,"bootstrap_mae_ci=[10.3838,10.6824]"
reproduction,s,asis,papagei-9-3-3,S1+S7+S15,,,,0,0,11.5577,14.9615,0.7181,13237,0.1,,0,"{""cv"": 4, ""criterion"": ""mse"", ""validation_held_out"": ""S2+S3+S4""}",019ad93,2026-09-29T04:08:31+00:00,"bootstrap_mae_ci=[11.3926,11.7192]"
reproduction,s,asis,papagei-9-3-3,S1+S8+S9,,,,0,0,16.1462,19.9148,0.581,12917,0.1,,0,"{""cv"": 4, ""criterion"": ""mse"", ""validation_held_out"": ""S2+S3+S4""}",019ad93,2026-09-29T04:08:32+00:00,"bootstrap_mae_ci=[15.9460,16.3441]"
reproduction,s,asis,papagei-9-3-3,S1+S8+S10,,,,0,0,13.5977,17.5185,0.5853,13961,0.1,,0,"{""cv"": 4, ""criterion"": ""mse"", ""validation_held_out"": ""S2+S3+S4""}",019ad93,2026-09-29T04:08:33+00:00,"bootstrap_mae_ci=[13.4187,13.7515]"
reproduction,s,asis,papagei-9-3-3,S1+S8+S11,,,,0,0,13.7024,17.6817,0.6535,13161,0.1,,0,"{""cv"": 4, ""criterion"": ""mse"", ""validation_held_out"": ""S2+S3+S4""}",019ad93,2026-09-29T04:08:33+00:00,"bootstrap_mae_ci=[13.5057,13.8796]"
reproduction,s,asis,papagei-9-3-3,S1+S8+S12,,,,0,0,17.0973,20.552,0.602,12594,0.1,,0,"{""cv"": 4, ""criterion"": ""mse"", ""validation_held_out"": ""S2+S3+S4""}",019ad93,2026-09-29T04:08:34+00:00,"bootstrap_mae_ci=[16.8822,17.2801]"
reproduction,s,asis,papagei-9-3-3,S1+S8+S13,,,,0,0,13.235,16.8567,0.7137,13205,0.1,,0,"{""cv"": 4, ""criterion"": ""mse"", ""validation_held_out"": ""S2+S3+S4""}",019ad93,2026-09-29T04:08:34+00:00,"bootstrap_mae_ci=[13.0482,13.4229]"
reproduction,s,asis,papagei-9-3-3,S1+S8+S14,,,,0,0,13.0225,16.6839,0.6579,13116,0.1,,0,"{""cv"": 4, ""criterion"": ""mse"", ""validation_held_out"": ""S2+S3+S4""}",019ad93,2026-09-29T04:08:35+00:00,"bootstrap_mae_ci=[12.8599,13.2084]"
reproduction,s,asis,papagei-9-3-3,S1+S8+S15,,,,0,0,14.4708,17.9878,0.6081,12606,0.1,,0,"{""cv"": 4, ""criterion"": ""mse"", ""validation_held_out"": ""S2+S3+S4""}",019ad93,2026-09-29T04:08:36+00:00,"bootstrap_mae_ci=[14.2910,14.6533]"
reproduction,s,asis,papagei-9-3-3,S1+S9+S10,,,,0,0,13.1473,17.1409,0.5914,14201,0.1,,0,"{""cv"": 4, ""criterion"": ""mse"", ""validation_held_out"": ""S2+S3+S4""}",019ad93,2026-09-29T04:08:36+00:00,"bootstrap_mae_ci=[12.9786,13.3365]"
reproduction,s,asis,papagei-9-3-3,S1+S9+S11,,,,0,0,13.6448,17.8181,0.6495,13401,0.1,,0,"{""cv"": 4, ""criterion"": ""mse"", ""validation_held_out"": ""S2+S3+S4""}",019ad93,2026-09-29T04:08:37+00:00,"bootstrap_mae_ci=[13.4582,13.8299]"
reproduction,s,asis,papagei-9-3-3,S1+S9+S12,,,,0,0,16.0029,19.5728,0.6066,12834,0.1,,0,"{""cv"": 4, ""criterion"": ""mse"", ""validation_held_out"": ""S2+S3+S4""}",019ad93,2026-09-29T04:08:38+00:00,"bootstrap_mae_ci=[15.8080,16.1920]"
reproduction,s,asis,papagei-9-3-3,S1+S9+S13,,,,0,0,12.7526,16.4615,0.7032,13445,0.1,,0,"{""cv"": 4, ""criterion"": ""mse"", ""validation_held_out"": ""S2+S3+S4""}",019ad93,2026-09-29T04:08:38+00:00,"bootstrap_mae_ci=[12.5907,12.9245]"
reproduction,s,asis,papagei-9-3-3,S1+S9+S14,,,,0,0,12.5791,16.2963,0.6587,13356,0.1,,0,"{""cv"": 4, ""criterion"": ""mse"", ""validation_held_out"": ""S2+S3+S4""}",019ad93,2026-09-29T04:08:39+00:00,"bootstrap_mae_ci=[12.4219,12.7632]"
reproduction,s,asis,papagei-9-3-3,S1+S9+S15,,,,0,0,13.8066,17.4253,0.6206,12846,0.1,,0,"{""cv"": 4, ""criterion"": ""mse"", ""validation_held_out"": ""S2+S3+S4""}",019ad93,2026-09-29T04:08:40+00:00,"bootstrap_mae_ci=[13.6380,13.9739]"
reproduction,s,asis,papagei-9-3-3,S1+S10+S11,,,,0,0,12.225,16.5943,0.6582,14445,0.1,,0,"{""cv"": 4, ""criterion"": ""mse"", ""validation_held_out"": ""S2+S3+S4""}",019ad93,2026-09-29T04:08:40+00:00,"bootstrap_mae_ci=[12.0521,12.4195]"
reproduction,s,asis,papagei-9-3-3,S1+S10+S12,,,,0,0,13.9905,17.7423,0.6095,13878,0.1,,0,"{""cv"": 4, ""criterion"": ""mse"", ""validation_held_out"": ""S2+S3+S4""}",019ad93,2026-09-29T04:08:41+00:00,"bootstrap_mae_ci=[13.8182,14.1874]"
reproduction,s,asis,papagei-9-3-3,S1+S10+S13,,,,0,0,11.3805,15.1225,0.7131,14489,0.1,,0,"{""cv"": 4, ""criterion"": ""mse"", ""validation_held_out"": ""S2+S3+S4""}",019ad93,2026-09-29T04:08:42+00:00,"bootstrap_mae_ci=[11.2242,11.5279]"
reproduction,s,asis,papagei-9-3-3,S1+S10+S14,,,,0,0,11.1905,14.8956,0.6731,14400,0.1,,0,"{""cv"": 4, ""criterion"": ""mse"", ""validation_held_out"": ""S2+S3+S4""}",019ad93,2026-09-29T04:08:42+00:00,"bootstrap_mae_ci=[11.0420,11.3483]"
reproduction,s,asis,papagei-9-3-3,S1+S10+S15,,,,0,0,12.2561,16.0074,0.6275,13890,0.1,,0,"{""cv"": 4, ""criterion"": ""mse"", ""validation_held_out"": ""S2+S3+S4""}",019ad93,2026-09-29T04:08:43+00:00,"bootstrap_mae_ci=[12.0772,12.4265]"
reproduction,s,asis,papagei-9-3-3,S1+S11+S12,,,,0,0,14.3011,18.2255,0.6694,13078,0.1,,0,"{""cv"": 4, ""criterion"": ""mse"", ""validation_held_out"": ""S2+S3+S4""}",019ad93,2026-09-29T04:08:44+00:00,"bootstrap_mae_ci=[14.1116,14.4927]"
reproduction,s,asis,papagei-9-3-3,S1+S11+S13,,,,0,0,11.9081,16.0543,0.7375,13689,0.1,,0,"{""cv"": 4, ""criterion"": ""mse"", ""validation_held_out"": ""S2+S3+S4""}",019ad93,2026-09-29T04:08:44+00:00,"bootstrap_mae_ci=[11.7362,12.0910]"
reproduction,s,asis,papagei-9-3-3,S1+S11+S14,,,,0,0,11.8601,15.9632,0.716,13600,0.1,,0,"{""cv"": 4, ""criterion"": ""mse"", ""validation_held_out"": ""S2+S3+S4""}",019ad93,2026-09-29T04:08:45+00:00,"bootstrap_mae_ci=[11.6783,12.0541]"
reproduction,s,asis,papagei-9-3-3,S1+S11+S15,,,,0,0,12.718,16.7916,0.6913,13090,0.1,,0,"{""cv"": 4, ""criterion"": ""mse"", ""validation_held_out"": ""S2+S3+S4""}",019ad93,2026-09-29T04:08:45+00:00,"bootstrap_mae_ci=[12.5455,12.8981]"
reproduction,s,asis,papagei-9-3-3,S1+S12+S13,,,,0,0,13.9623,17.4508,0.7315,13122,0.1,,0,"{""cv"": 4, ""criterion"": ""mse"", ""validation_held_out"": ""S2+S3+S4""}",019ad93,2026-09-29T04:08:46+00:00,"bootstrap_mae_ci=[13.7889,14.1361]"
reproduction,s,asis,papagei-9-3-3,S1+S12+S14,,,,0,0,13.8317,17.4785,0.6771,13033,0.1,,0,"{""cv"": 4, ""criterion"": ""mse"", ""validation_held_out"": ""S2+S3+S4""}",019ad93,2026-09-29T04:08:47+00:00,"bootstrap_mae_ci=[13.6604,14.0229]"
reproduction,s,asis,papagei-9-3-3,S1+S12+S15,,,,0,0,15.5271,18.9216,0.6323,12523,0.1,,0,"{""cv"": 4, ""criterion"": ""mse"", ""validation_held_out"": ""S2+S3+S4""}",019ad93,2026-09-29T04:08:47+00:00,"bootstrap_mae_ci=[15.3457,15.7132]"
reproduction,s,asis,papagei-9-3-3,S1+S13+S14,,,,0,0,10.8258,14.2442,0.7669,13644,0.1,,0,"{""cv"": 4, ""criterion"": ""mse"", ""validation_held_out"": ""S2+S3+S4""}",019ad93,2026-09-29T04:08:48+00:00,"bootstrap_mae_ci=[10.6828,10.9758]"
reproduction,s,asis,papagei-9-3-3,S1+S13+S15,,,,0,0,12.0032,15.4034,0.7445,13134,0.1,,0,"{""cv"": 4, ""criterion"": ""mse"", ""validation_held_out"": ""S2+S3+S4""}",019ad93,2026-09-29T04:08:49+00:00,"bootstrap_mae_ci=[11.8476,12.1699]"
reproduction,s,asis,papagei-9-3-3,S1+S14+S15,,,,0,0,11.7466,15.2084,0.7012,13045,0.1,,0,"{""cv"": 4, ""criterion"": ""mse"", ""validation_held_out"": ""S2+S3+S4""}",019ad93,2026-09-29T04:08:49+00:00,"bootstrap_mae_ci=[11.5818,11.9103]"
reproduction,s,asis,papagei-9-3-3,S2+S3+S4,,,,0,0,9.5525,12.6009,0.5767,13038,0.1,,0,"{""cv"": 4, ""criterion"": ""mse"", ""validation_held_out"": ""S1+S5+S6""}",019ad93,2026-09-29T04:08:50+00:00,"bootstrap_mae_ci=[9.4153,9.6881]"
reproduction,s,asis,papagei-9-3-3,S2+S3+S5,,,,0,0,15.9976,22.7667,0.5683,13115,0.1,,0,"{""cv"": 4, ""criterion"": ""mse"", ""validation_held_out"": ""S1+S4+S6""}",019ad93,2026-09-29T04:08:51+00:00,"bootstrap_mae_ci=[15.7144,16.2844]"
reproduction,s,asis,papagei-9-3-3,S2+S3+S6,,,,0,0,12.7421,17.7522,0.6389,11088,0.1,,0,"{""cv"": 4, ""criterion"": ""mse"", ""validation_held_out"": ""S1+S4+S5""}",019ad93,2026-09-29T04:08:51+00:00,"bootstrap_mae_ci=[12.5351,12.9587]"
reproduction,s,asis,papagei-9-3-3,S2+S3+S7,,,,0,0,9.3884,12.4712,0.7017,13134,0.1,,0,"{""cv"": 4, ""criterion"": ""mse"", ""validation_held_out"": ""S1+S4+S5""}",019ad93,2026-09-29T04:08:52+00:00,"bootstrap_mae_ci=[9.2469,9.5218]"
reproduction,s,asis,papagei-9-3-3,S2+S3+S8,,,,0,0,11.4884,14.7914,0.5857,12503,0.1,,0,"{""cv"": 4, ""criterion"": ""mse"", ""validation_held_out"": ""S1+S4+S5""}",019ad93,2026-09-29T04:08:52+00:00,"bootstrap_mae_ci=[11.3327,11.6723]"
reproduction,s,asis,papagei-9-3-3,S2+S3+S9,,,,0,0,11.3918,14.9932,0.5632,12743,0.1,,0,"{""cv"": 4, ""criterion"": ""mse"", ""validation_held_out"": ""S1+S4+S5""}",019ad93,2026-09-29T04:08:53+00:00,"bootstrap_mae_ci=[11.2175,11.5647]"
reproduction,s,asis,papagei-9-3-3,S2+S3+S10,,,,0,0,10.0951,13.7048,0.5768,13787,0.1,,0,"{""cv"": 4, ""criterion"": ""mse"", ""validation_held_out"": ""S1+S4+S5""}",019ad93,2026-09-29T04:08:54+00:00,"bootstrap_mae_ci=[9.9285,10.2367]"
reproduction,s,asis,papagei-9-3-3,S2+S3+S11,,,,0,0,11.7413,16.2345,0.6297,12987,0.1,,0,"{""cv"": 4, ""criterion"": ""mse"", ""validation_held_out"": ""S1+S4+S5""}",019ad93,2026-09-29T04:08:54+00:00,"bootstrap_mae_ci=[11.5556,11.9243]"
reproduction,s,asis,papagei-9-3-3,S2+S3+S12,,,,0,0,11.4441,14.6184,0.6378,12420,0.1,,0,"{""cv"": 4, ""criterion"": ""mse"", ""validation_held_out"": ""S1+S4+S5""}",019ad93,2026-09-29T04:08:55+00:00,"bootstrap_mae_ci=[11.2905,11.5991]"
reproduction,s,asis,papagei-9-3-3,S2+S3+S13,,,,0,0,9.7713,13.0395,0.7161,13031,0.1,,0,"{""cv"": 4, ""criterion"": ""mse"", ""validation_held_out"": ""S1+S4+S5""}",019ad93,2026-09-29T04:08:55+00:00,"bootstrap_mae_ci=[9.6212,9.9156]"
reproduction,s,asis,papagei-9-3-3,S2+S3+S14,,,,0,0,9.6425,12.8533,0.6731,12942,0.1,,0,"{""cv"": 4, ""criterion"": ""mse"", ""validation_held_out"": ""S1+S4+S5""}",019ad93,2026-09-29T04:08:56+00:00,"bootstrap_mae_ci=[9.5037,9.7953]"
reproduction,s,asis,papagei-9-3-3,S2+S3+S15,,,,0,0,10.4167,13.681,0.6321,12432,0.1,,0,"{""cv"": 4, ""criterion"": ""mse"", ""validation_held_out"": ""S1+S4+S5""}",019ad93,2026-09-29T04:08:57+00:00,"bootstrap_mae_ci=[10.2693,10.5693]"
reproduction,s,asis,papagei-9-3-3,S2+S4+S5,,,,0,0,16.1773,22.7952,0.5177,13320,0.1,,0,"{""cv"": 4, ""criterion"": ""mse"", ""validation_held_out"": ""S1+S3+S6""}",019ad93,2026-09-29T04:08:57+00:00,"bootstrap_mae_ci=[15.8997,16.4461]"
reproduction,s,asis,papagei-9-3-3,S2+S4+S6,,,,0,0,13.0132,17.8987,0.5806,11293,0.1,,0,"{""cv"": 4, ""criterion"": ""mse"", ""validation_held_out"": ""S1+S3+S5""}",019ad93,2026-09-29T04:08:58+00:00,"bootstrap_mae_ci=[12.7909,13.2636]"
reproduction,s,asis,papagei-9-3-3,S2+S4+S7,,,,0,0,9.8424,12.9839,0.6538,13339,0.1,,0,"{""cv"": 4, ""criterion"": ""mse"", ""validation_held_out"": ""S1+S3+S5""}",019ad93,2026-09-29T04:08:59+00:00,"bootstrap_mae_ci=[9.7097,9.9856]"
reproduction,s,asis,papagei-9-3-3,S2+S4+S8,,,,0,0,12.099,15.3853,0.5328,12708,0.1,,0,"{""cv"": 4, ""criterion"": ""mse"", ""validation_held_out"": ""S1+S3+S5""}",019ad93,2026-09-29T04:08:59+00:00,"bootstrap_mae_ci=[11.9244,12.2608]"
reproduction,s,asis,papagei-9-3-3,S2+S4+S9,,,,0,0,11.9063,15.4871,0.4997,12948,0.1,,0,"{""cv"": 4, ""criterion"": ""mse"", ""validation_held_out"": ""S1+S3+S5""}",019ad93,2026-09-29T04:09:00+00:00,"bootstrap_mae_ci=[11.7424,12.0819]"
reproduction,s,asis,papagei-9-3-3,S2+S4+S10,,,,0,0,10.5632,14.1808,0.5142,13992,0.1,,0,"{""cv"": 4, ""criterion"": ""mse"", ""validation_held_out"": ""S1+S3+S5""}",019ad93,2026-09-29T04:09:01+00:00,"bootstrap_mae_ci=[10.4055,10.7125]"
reproduction,s,asis,papagei-9-3-3,S2+S4+S11,,,,0,0,12.0471,16.4444,0.578,13192,0.1,,0,"{""cv"": 4, ""criterion"": ""mse"", ""validation_held_out"": ""S1+S3+S5""}",019ad93,2026-09-29T04:09:01+00:00,"bootstrap_mae_ci=[11.8420,12.2369]"
reproduction,s,asis,papagei-9-3-3,S2+S4+S12,,,,0,0,11.9602,15.1132,0.5827,12625,0.1,,0,"{""cv"": 4, ""criterion"": ""mse"", ""validation_held_out"": ""S1+S3+S5""}",019ad93,2026-09-29T04:09:02+00:00,"bootstrap_mae_ci=[11.8152,12.1065]"
reproduction,s,asis,papagei-9-3-3,S2+S4+S13,,,,0,0,10.2266,13.5205,0.6735,13236,0.1,,0,"{""cv"": 4, ""criterion"": ""mse"", ""validation_held_out"": ""S1+S3+S5""}",019ad93,2026-09-29T04:09:03+00:00,"bootstrap_mae_ci=[10.0718,10.3871]"
reproduction,s,asis,papagei-9-3-3,S2+S4+S14,,,,0,0,10.1014,13.3493,0.6192,13147,0.1,,0,"{""cv"": 4, ""criterion"": ""mse"", ""validation_held_out"": ""S1+S3+S5""}",019ad93,2026-09-29T04:09:03+00:00,"bootstrap_mae_ci=[9.9564,10.2465]"
reproduction,s,asis,papagei-9-3-3,S2+S4+S15,,,,0,0,10.9213,14.1978,0.5737,12637,0.1,,0,"{""cv"": 4, ""criterion"": ""mse"", ""validation_held_out"": ""S1+S3+S5""}",019ad93,2026-09-29T04:09:04+00:00,"bootstrap_mae_ci=[10.7850,11.0750]"
reproduction,s,asis,papagei-9-3-3,S2+S5+S6,,,,0,0,20.424,27.0923,0.5177,11370,0.1,,0,"{""cv"": 4, ""criterion"": ""mse"", ""validation_held_out"": ""S1+S3+S4""}",019ad93,2026-09-29T04:09:05+00:00,"bootstrap_mae_ci=[20.1147,20.7514]"
reproduction,s,asis,papagei-9-3-3,S2+S5+S7,,,,0,0,15.2427,21.6743,0.6073,13416,0.1,,0,"{""cv"": 4, ""criterion"": ""mse"", ""validation_held_out"": ""S1+S3+S4""}",019ad93,2026-09-29T04:09:05+00:00,"bootstrap_mae_ci=[14.9968,15.5077]"
reproduction,s,asis,papagei-9-3-3,S2+S5+S8,,,,0,0,17.2788,22.9305,0.5717,12785,0.1,,0,"{""cv"": 4, ""criterion"": ""mse"", ""validation_held_out"": ""S1+S3+S4""}",019ad93,2026-09-29T04:09:06+00:00,"bootstrap_mae_ci=[17.0668,17.5392]"
reproduction,s,asis,papagei-9-3-3,S2+S5+S9,,,,0,0,17.3114,23.3075,0.5309,13025,0.1,,0,"{""cv"": 4, ""criterion"": ""mse"", ""validation_held_out"": ""S1+S3+S4""}",019ad93,2026-09-29T04:09:07+00:00,"bootstrap_mae_ci=[17.0685,17.5917]"
reproduction,s,asis,papagei-9-3-3,S2+S5+S10,,,,0,0,15.6137,22.0236,0.5418,14069,0.1,,0,"{""cv"": 4, ""criterion"": ""mse"", ""validation_held_out"": ""S1+S3+S4""}",019ad93,2026-09-29T04:09:08+00:00,"bootstrap_mae_ci=[15.3683,15.8561]"
reproduction,s,asis,papagei-9-3-3,S2+S5+S11,,,,0,0,18.1053,24.78,0.5523,13269,0.1,,0,"{""cv"": 4, ""criterion"": ""mse"", ""validation_held_out"": ""S1+S3+S4""}",019ad93,2026-09-29T04:09:08+00:00,"bootstrap_mae_ci=[17.8581,18.3833]"
reproduction,s,asis,papagei-9-3-3,S2+S5+S12,,,,0,0,17.1849,22.7163,0.6324,12702,0.1,,0,"{""cv"": 4, ""criterion"": ""mse"", ""validation_held_out"": ""S1+S3+S4""}",019ad93,2026-09-29T04:09:09+00:00,"bootstrap_mae_ci=[16.9332,17.4419]"
reproduction,s,asis,papagei-9-3-3,S2+S5+S13,,,,0,0,15.7279,22.1429,0.605,13313,0.1,,0,"{""cv"": 4, ""criterion"": ""mse"", ""validation_held_out"": ""S1+S3+S4""}",019ad93,2026-09-29T04:09:10+00:00,"bootstrap_mae_ci=[15.4686,15.9784]"
reproduction,s,asis,papagei-9-3-3,S2+S5+S14,,,,0,0,15.6434,22.1033,0.5885,13224,0.1,,0,"{""cv"": 4, ""criterion"": ""mse"", ""validation_held_out"": ""S1+S3+S4""}",019ad93,2026-09-29T04:09:11+00:00,"bootstrap_mae_ci=[15.3921,15.9349]"
reproduction,s,asis,papagei-9-3-3,S2+S5+S15,,,,0,0,16.4981,22.6576,0.6006,12714,0.1,,0,"{""cv"": 4, ""criterion"": ""mse"", ""validation_held_out"": ""S1+S3+S4""}",019ad93,2026-09-29T04:09:11+00:00,"bootstrap_mae_ci=[16.2608,16.7452]"
reproduction,s,asis,papagei-9-3-3,S2+S6+S7,,,,0,0,12.3235,16.8738,0.6897,11389,0.1,,0,"{""cv"": 4, ""criterion"": ""mse"", ""validation_held_out"": ""S1+S3+S4""}",019ad93,2026-09-29T04:09:12+00:00,"bootstrap_mae_ci=[12.1239,12.5187]"
reproduction,s,asis,papagei-9-3-3,S2+S6+S8,,,,0,0,15.1185,19.3204,0.614,10758,0.1,,0,"{""cv"": 4, ""criterion"": ""mse"", ""validation_held_out"": ""S1+S3+S4""}",019ad93,2026-09-29T04:09:13+00:00,"bootstrap_mae_ci=[14.8987,15.3316]"
reproduction,s,asis,papagei-9-3-3,S2+S6+S9,,,,0,0,14.8659,19.2732,0.59,10998,0.1,,0,"{""cv"": 4, ""criterion"": ""mse"", ""validation_held_out"": ""S1+S3+S4""}",019ad93,2026-09-29T04:09:13+00:00,"bootstrap_mae_ci=[14.6411,15.0850]"
reproduction,s,asis,papagei-9-3-3,S2+S6+S10,,,,0,0,13.0018,17.7237,0.6038,12042,0.1,,0,"{""cv"": 4, ""criterion"": ""mse"", ""validation_held_out"": ""S1+S3+S4""}",019ad93,2026-09-29T04:09:14+00:00,"bootstrap_mae_ci=[12.7904,13.2262]"
reproduction,s,asis,papagei-9-3-3,S2+S6+S11,,,,0,0,14.814,20.0202,0.6455,11242,0.1,,0,"{""cv"": 4, ""criterion"": ""mse"", ""validation_held_out"": ""S1+S3+S4""}",019ad93,2026-09-29T04:09:15+00:00,"bootstrap_mae_ci=[14.5626,15.0537]"
reproduction,s,asis,papagei-9-3-3,S2+S6+S12,,,,0,0,15.4693,19.5915,0.6553,10675,0.1,,0,"{""cv"": 4, ""criterion"": ""mse"", ""validation_held_out"": ""S1+S3+S4""}",019ad93,2026-09-29T04:09:15+00:00,"bootstrap_mae_ci=[15.2636,15.6989]"
reproduction,s,asis,papagei-9-3-3,S2+S6+S13,,,,0,0,12.733,17.319,0.701,11286,0.1,,0,"{""cv"": 4, ""criterion"": ""mse"", ""validation_held_out"": ""S1+S3+S4""}",019ad93,2026-09-29T04:09:16+00:00,"bootstrap_mae_ci=[12.5012,12.9387]"
reproduction,s,asis,papagei-9-3-3,S2+S6+S14,,,,0,0,12.6872,17.282,0.6679,11197,0.1,,0,"{""cv"": 4, ""criterion"": ""mse"", ""validation_held_out"": ""S1+S3+S4""}",019ad93,2026-09-29T04:09:17+00:00,"bootstrap_mae_ci=[12.4742,12.9179]"
reproduction,s,asis,papagei-9-3-3,S2+S6+S15,,,,0,0,13.7464,18.1651,0.6628,10687,0.1,,0,"{""cv"": 4, ""criterion"": ""mse"", ""validation_held_out"": ""S1+S3+S4""}",019ad93,2026-09-29T04:09:18+00:00,"bootstrap_mae_ci=[13.5504,13.9855]"
reproduction,s,asis,papagei-9-3-3,S2+S7+S8,,,,0,0,12.6802,16.3584,0.649,12804,0.1,,0,"{""cv"": 4, ""criterion"": ""mse"", ""validation_held_out"": ""S1+S3+S4""}",019ad93,2026-09-29T04:09:18+00:00,"bootstrap_mae_ci=[12.5107,12.8517]"
reproduction,s,asis,papagei-9-3-3,S2+S7+S9,,,,0,0,12.2536,16.0143,0.6311,13044,0.1,,0,"{""cv"": 4, ""criterion"": ""mse"", ""validation_held_out"": ""S1+S3+S4""}",019ad93,2026-09-29T04:09:19+00:00,"bootstrap_mae_ci=[12.0870,12.4339]"
reproduction,s,asis,papagei-9-3-3,S2+S7+S10,,,,0,0,10.8748,14.6095,0.6499,14088,0.1,,0,"{""cv"": 4, ""criterion"": ""mse"", ""validation_held_out"": ""S1+S3+S4""}",019ad93,2026-09-29T04:09:20+00:00,"bootstrap_mae_ci=[10.7028,11.0465]"
reproduction,s,asis,papagei-9-3-3,S2+S7+S11,,,,0,0,11.4702,15.6293,0.6845,13288,0.1,,0,"{""cv"": 4, ""criterion"": ""mse"", ""validation_held_out"": ""S1+S3+S4""}",019ad93,2026-09-29T04:09:20+00:00,"bootstrap_mae_ci=[11.3008,11.6671]"
reproduction,s,asis,papagei-9-3-3,S2+S7+S12,,,,0,0,13.033,16.6406,0.6688,12721,0.1,,0,"{""cv"": 4, ""criterion"": ""mse"", ""validation_held_out"": ""S1+S3+S4""}",019ad93,2026-09-29T04:09:21+00:00,"bootstrap_mae_ci=[12.8535,13.2051]"
reproduction,s,asis,papagei-9-3-3,S2+S7+S13,,,,0,0,10.5845,13.9452,0.7556,13332,0.1,,0,"{""cv"": 4, ""criterion"": ""mse"", ""validation_held_out"": ""S1+S3+S4""}",019ad93,2026-09-29T04:09:22+00:00,"bootstrap_mae_ci=[10.4206,10.7333]"
reproduction,s,asis,papagei-9-3-3,S2+S7+S14,,,,0,0,10.32,13.684,0.7189,13243,0.1,,0,"{""cv"": 4, ""criterion"": ""mse"", ""validation_held_out"": ""S1+S3+S4""}",019ad93,2026-09-29T04:09:22+00:00,"bootstrap_mae_ci=[10.1648,10.4733]"
reproduction,s,asis,papagei-9-3-3,S2+S7+S15,,,,0,0,11.3379,14.7687,0.6895,12733,0.1,,0,"{""cv"": 4, ""criterion"": ""mse"", ""validation_held_out"": ""S1+S3+S4""}",019ad93,2026-09-29T04:09:23+00:00,"bootstrap_mae_ci=[11.1726,11.4940]"
reproduction,s,asis,papagei-9-3-3,S2+S8+S9,,,,0,0,16.3633,20.2122,0.5276,12413,0.1,,0,"{""cv"": 4, ""criterion"": ""mse"", ""validation_held_out"": ""S1+S3+S4""}",019ad93,2026-09-29T04:09:24+00:00,"bootstrap_mae_ci=[16.1600,16.5961]"
reproduction,s,asis,papagei-9-3-3,S2+S8+S10,,,,0,0,13.6339,17.6357,0.5349,13457,0.1,,0,"{""cv"": 4, ""criterion"": ""mse"", ""validation_held_out"": ""S1+S3+S4""}",019ad93,2026-09-29T04:09:24+00:00,"bootstrap_mae_ci=[13.4674,13.8210]"
reproduction,s,asis,papagei-9-3-3,S2+S8+S11,,,,0,0,13.7098,17.7799,0.6042,12657,0.1,,0,"{""cv"": 4, ""criterion"": ""mse"", ""validation_held_out"": ""S1+S3+S4""}",019ad93,2026-09-29T04:09:25+00:00,"bootstrap_mae_ci=[13.5251,13.9121]"
reproduction,s,asis,papagei-9-3-3,S2+S8+S12,,,,0,0,16.7054,20.2427,0.5706,12090,0.1,,0,"{""cv"": 4, ""criterion"": ""mse"", ""validation_held_out"": ""S1+S3+S4""}",019ad93,2026-09-29T04:09:26+00:00,"bootstrap_mae_ci=[16.4970,16.9143]"
reproduction,s,asis,papagei-9-3-3,S2+S8+S13,,,,0,0,13.2086,16.8897,0.6832,12701,0.1,,0,"{""cv"": 4, ""criterion"": ""mse"", ""validation_held_out"": ""S1+S3+S4""}",019ad93,2026-09-29T04:09:26+00:00,"bootstrap_mae_ci=[13.0295,13.3866]"
reproduction,s,asis,papagei-9-3-3,S2+S8+S14,,,,0,0,12.9075,16.631,0.6198,12612,0.1,,0,"{""cv"": 4, ""criterion"": ""mse"", ""validation_held_out"": ""S1+S3+S4""}",019ad93,2026-09-29T04:09:27+00:00,"bootstrap_mae_ci=[12.7290,13.0878]"
reproduction,s,asis,papagei-9-3-3,S2+S8+S15,,,,0,0,14.3581,17.9391,0.5772,12102,0.1,,0,"{""cv"": 4, ""criterion"": ""mse"", ""validation_held_out"": ""S1+S3+S4""}",019ad93,2026-09-29T04:09:28+00:00,"bootstrap_mae_ci=[14.1755,14.5438]"
reproduction,s,asis,papagei-9-3-3,S2+S9+S10,,,,0,0,13.2263,17.3117,0.5234,13697,0.1,,0,"{""cv"": 4, ""criterion"": ""mse"", ""validation_held_out"": ""S1+S3+S4""}",019ad93,2026-09-29T04:09:28+00:00,"bootstrap_mae_ci=[13.0572,13.4067]"
reproduction,s,asis,papagei-9-3-3,S2+S9+S11,,,,0,0,13.7002,17.9704,0.5832,12897,0.1,,0,"{""cv"": 4, ""criterion"": ""mse"", ""validation_held_out"": ""S1+S3+S4""}",019ad93,2026-09-29T04:09:29+00:00,"bootstrap_mae_ci=[13.5011,13.8995]"
reproduction,s,asis,papagei-9-3-3,S2+S9+S12,,,,0,0,15.7043,19.3556,0.5651,12330,0.1,,0,"{""cv"": 4, ""criterion"": ""mse"", ""validation_held_out"": ""S1+S3+S4""}",019ad93,2026-09-29T04:09:29+00:00,"bootstrap_mae_ci=[15.5186,15.8999]"
reproduction,s,asis,papagei-9-3-3,S2+S9+S13,,,,0,0,12.7745,16.555,0.6575,12941,0.1,,0,"{""cv"": 4, ""criterion"": ""mse"", ""validation_held_out"": ""S1+S3+S4""}",019ad93,2026-09-29T04:09:30+00:00,"bootstrap_mae_ci=[12.5910,12.9616]"
reproduction,s,asis,papagei-9-3-3,S2+S9+S14,,,,0,0,12.5244,16.3161,0.6038,12852,0.1,,0,"{""cv"": 4, ""criterion"": ""mse"", ""validation_held_out"": ""S1+S3+S4""}",019ad93,2026-09-29T04:09:31+00:00,"bootstrap_mae_ci=[12.3419,12.7026]"
reproduction,s,asis,papagei-9-3-3,S2+S9+S15,,,,0,0,13.7551,17.4472,0.5719,12342,0.1,,0,"{""cv"": 4, ""criterion"": ""mse"", ""validation_held_out"": ""S1+S3+S4""}",019ad93,2026-09-29T04:09:31+00:00,"bootstrap_mae_ci=[13.5735,13.9522]"
reproduction,s,asis,papagei-9-3-3,S2+S10+S11,,,,0,0,12.2341,16.7138,0.5959,13941,0.1,,0,"{""cv"": 4, ""criterion"": ""mse"", ""validation_held_out"": ""S1+S3+S4""}",019ad93,2026-09-29T04:09:32+00:00,"bootstrap_mae_ci=[12.0463,12.3971]"
reproduction,s,asis,papagei-9-3-3,S2+S10+S12,,,,0,0,13.6222,17.4329,0.5688,13374,0.1,,0,"{""cv"": 4, ""criterion"": ""mse"", ""validation_held_out"": ""S1+S3+S4""}",019ad93,2026-09-29T04:09:33+00:00,"bootstrap_mae_ci=[13.4423,13.8020]"
reproduction,s,asis,papagei-9-3-3,S2+S10+S13,,,,0,0,11.3351,15.1419,0.6706,13985,0.1,,0,"{""cv"": 4, ""criterion"": ""mse"", ""validation_held_out"": ""S1+S3+S4""}",019ad93,2026-09-29T04:09:33+00:00,"bootstrap_mae_ci=[11.1705,11.4903]"
reproduction,s,asis,papagei-9-3-3,S2+S10+S14,,,,0,0,11.0776,14.8443,0.6232,13896,0.1,,0,"{""cv"": 4, ""criterion"": ""mse"", ""validation_held_out"": ""S1+S3+S4""}",019ad93,2026-09-29T04:09:34+00:00,"bootstrap_mae_ci=[10.9229,11.2506]"
reproduction,s,asis,papagei-9-3-3,S2+S10+S15,,,,0,0,12.1341,15.9523,0.58,13386,0.1,,0,"{""cv"": 4, ""criterion"": ""mse"", ""validation_held_out"": ""S1+S3+S4""}",019ad93,2026-09-29T04:09:35+00:00,"bootstrap_mae_ci=[11.9554,12.3223]"
reproduction,s,asis,papagei-9-3-3,S2+S11+S12,,,,0,0,13.9862,18.0115,0.6328,12574,0.1,,0,"{""cv"": 4, ""criterion"": ""mse"", ""validation_held_out"": ""S1+S3+S4""}",019ad93,2026-09-29T04:09:35+00:00,"bootstrap_mae_ci=[13.7964,14.1802]"
reproduction,s,asis,papagei-9-3-3,S2+S11+S13,,,,0,0,11.8762,16.1134,0.6921,13185,0.1,,0,"{""cv"": 4, ""criterion"": ""mse"", ""validation_held_out"": ""S1+S3+S4""}",019ad93,2026-09-29T04:09:36+00:00,"bootstrap_mae_ci=[11.6870,12.0680]"
reproduction,s,asis,papagei-9-3-3,S2+S11+S14,,,,0,0,11.7846,15.9875,0.6661,13096,0.1,,0,"{""cv"": 4, ""criterion"": ""mse"", ""validation_held_out"": ""S1+S3+S4""}",019ad93,2026-09-29T04:09:37+00:00,"bootstrap_mae_ci=[11.5975,11.9705]"
reproduction,s,asis,papagei-9-3-3,S2+S11+S15,,,,0,0,12.6363,16.813,0.6453,12586,0.1,,0,"{""cv"": 4, ""criterion"": ""mse"", ""validation_held_out"": ""S1+S3+S4""}",019ad93,2026-09-29T04:09:37+00:00,"bootstrap_mae_ci=[12.4533,12.8243]"
reproduction,s,asis,papagei-9-3-3,S2+S12+S13,,,,0,0,13.5545,17.0839,0.7066,12618,0.1,,0,"{""cv"": 4, ""criterion"": ""mse"", ""validation_held_out"": ""S1+S3+S4""}",019ad93,2026-09-29T04:09:38+00:00,"bootstrap_mae_ci=[13.3932,13.7235]"
reproduction,s,asis,papagei-9-3-3,S2+S12+S14,,,,0,0,13.3364,17.024,0.6463,12529,0.1,,0,"{""cv"": 4, ""criterion"": ""mse"", ""validation_held_out"": ""S1+S3+S4""}",019ad93,2026-09-29T04:09:38+00:00,"bootstrap_mae_ci=[13.1582,13.5060]"
reproduction,s,asis,papagei-9-3-3,S2+S12+S15,,,,0,0,14.992,18.4594,0.6019,12019,0.1,,0,"{""cv"": 4, ""criterion"": ""mse"", ""validation_held_out"": ""S1+S3+S4""}",019ad93,2026-09-29T04:09:39+00:00,"bootstrap_mae_ci=[14.8064,15.1961]"
reproduction,s,asis,papagei-9-3-3,S2+S13+S14,,,,0,0,10.6699,14.1226,0.7349,13140,0.1,,0,"{""cv"": 4, ""criterion"": ""mse"", ""validation_held_out"": ""S1+S3+S4""}",019ad93,2026-09-29T04:09:40+00:00,"bootstrap_mae_ci=[10.5041,10.8343]"
reproduction,s,asis,papagei-9-3-3,S2+S13+S15,,,,0,0,11.8419,15.2845,0.7151,12630,0.1,,0,"{""cv"": 4, ""criterion"": ""mse"", ""validation_held_out"": ""S1+S3+S4""}",019ad93,2026-09-29T04:09:41+00:00,"bootstrap_mae_ci=[11.6860,12.0056]"
reproduction,s,asis,papagei-9-3-3,S2+S14+S15,,,,0,0,11.5086,15.009,0.6668,12541,0.1,,0,"{""cv"": 4, ""criterion"": ""mse"", ""validation_held_out"": ""S1+S3+S4""}",019ad93,2026-09-29T04:09:41+00:00,"bootstrap_mae_ci=[11.3400,11.6893]"
reproduction,s,asis,papagei-9-3-3,S3+S4+S5,,,,0,0,15.4251,22.2101,0.5864,13588,0.1,,0,"{""cv"": 4, ""criterion"": ""mse"", ""validation_held_out"": ""S1+S2+S6""}",019ad93,2026-09-29T04:09:42+00:00,"bootstrap_mae_ci=[15.1604,15.6808]"
reproduction,s,asis,papagei-9-3-3,S3+S4+S6,,,,0,0,12.2024,17.1473,0.6608,11561,0.1,,0,"{""cv"": 4, ""criterion"": ""mse"", ""validation_held_out"": ""S1+S2+S5""}",019ad93,2026-09-29T04:09:43+00:00,"bootstrap_mae_ci=[12.0006,12.4245]"
reproduction,s,asis,papagei-9-3-3,S3+S4+S7,,,,0,0,8.8523,11.6987,0.7152,13607,0.1,,0,"{""cv"": 4, ""criterion"": ""mse"", ""validation_held_out"": ""S1+S2+S5""}",019ad93,2026-09-29T04:09:43+00:00,"bootstrap_mae_ci=[8.7231,8.9747]"
reproduction,s,asis,papagei-9-3-3,S3+S4+S8,,,,0,0,10.7638,13.908,0.5841,12976,0.1,,0,"{""cv"": 4, ""criterion"": ""mse"", ""validation_held_out"": ""S1+S2+S5""}",019ad93,2026-09-29T04:09:44+00:00,"bootstrap_mae_ci=[10.6044,10.9233]"
reproduction,s,asis,papagei-9-3-3,S3+S4+S9,,,,0,0,10.7946,14.262,0.5724,13216,0.1,,0,"{""cv"": 4, ""criterion"": ""mse"", ""validation_held_out"": ""S1+S2+S5""}",019ad93,2026-09-29T04:09:45+00:00,"bootstrap_mae_ci=[10.6283,10.9662]"
reproduction,s,asis,papagei-9-3-3,S3+S4+S10,,,,0,0,9.5823,12.9924,0.5925,14260,0.1,,0,"{""cv"": 4, ""criterion"": ""mse"", ""validation_held_out"": ""S1+S2+S5""}",019ad93,2026-09-29T04:09:45+00:00,"bootstrap_mae_ci=[9.4259,9.7121]"
reproduction,s,asis,papagei-9-3-3,S3+S4+S11,,,,0,0,11.2955,15.6962,0.6563,13460,0.1,,0,"{""cv"": 4, ""criterion"": ""mse"", ""validation_held_out"": ""S1+S2+S5""}",019ad93,2026-09-29T04:09:46+00:00,"bootstrap_mae_ci=[11.1101,11.4897]"
reproduction,s,asis,papagei-9-3-3,S3+S4+S12,,,,0,0,10.7863,13.8138,0.6346,12893,0.1,,0,"{""cv"": 4, ""criterion"": ""mse"", ""validation_held_out"": ""S1+S2+S5""}",019ad93,2026-09-29T04:09:46+00:00,"bootstrap_mae_ci=[10.6443,10.9245]"
reproduction,s,asis,papagei-9-3-3,S3+S4+S13,,,,0,0,9.1818,12.2459,0.726,13504,0.1,,0,"{""cv"": 4, ""criterion"": ""mse"", ""validation_held_out"": ""S1+S2+S5""}",019ad93,2026-09-29T04:09:47+00:00,"bootstrap_mae_ci=[9.0432,9.3168]"
reproduction,s,asis,papagei-9-3-3,S3+S4+S14,,,,0,0,9.1402,12.1349,0.6913,13415,0.1,,0,"{""cv"": 4, ""criterion"": ""mse"", ""validation_held_out"": ""S1+S2+S5""}",019ad93,2026-09-29T04:09:48+00:00,"bootstrap_mae_ci=[9.0087,9.2824]"
reproduction,s,asis,papagei-9-3-3,S3+S4+S15,,,,0,0,9.7853,12.8653,0.6448,12905,0.1,,0,"{""cv"": 4, ""criterion"": ""mse"", ""validation_held_out"": ""S1+S2+S5""}",019ad93,2026-09-29T04:09:48+00:00,"bootstrap_mae_ci=[9.6320,9.9311]"
reproduction,s,asis,papagei-9-3-3,S3+S5+S6,,,,0,0,19.448,26.4255,0.609,11638,0.1,,0,"{""cv"": 4, ""criterion"": ""mse"", ""validation_held_out"": ""S1+S2+S4""}",019ad93,2026-09-29T04:09:49+00:00,"bootstrap_mae_ci=[19.1464,19.8481]"
reproduction,s,asis,papagei-9-3-3,S3+S5+S7,,,,0,0,14.1524,20.7926,0.6653,13684,0.1,,0,"{""cv"": 4, ""criterion"": ""mse"", ""validation_held_out"": ""S1+S2+S4""}",019ad93,2026-09-29T04:09:49+00:00,"bootstrap_mae_ci=[13.9170,14.4107]"
reproduction,s,asis,papagei-9-3-3,S3+S5+S8,,,,0,0,15.8451,21.8369,0.6264,13053,0.1,,0,"{""cv"": 4, ""criterion"": ""mse"", ""validation_held_out"": ""S1+S2+S4""}",019ad93,2026-09-29T04:09:50+00:00,"bootstrap_mae_ci=[15.5937,16.1228]"
reproduction,s,asis,papagei-9-3-3,S3+S5+S9,,,,0,0,16.0971,22.3806,0.5935,13293,0.1,,0,"{""cv"": 4, ""criterion"": ""mse"", ""validation_held_out"": ""S1+S2+S4""}",019ad93,2026-09-29T04:09:51+00:00,"bootstrap_mae_ci=[15.8630,16.3707]"
reproduction,s,asis,papagei-9-3-3,S3+S5+S10,,,,0,0,14.5436,21.1569,0.6059,14337,0.1,,0,"{""cv"": 4, ""criterion"": ""mse"", ""validation_held_out"": ""S1+S2+S4""}",019ad93,2026-09-29T04:09:51+00:00,"bootstrap_mae_ci=[14.3229,14.7786]"
reproduction,s,asis,papagei-9-3-3,S3+S5+S11,,,,0,0,17.2381,24.1522,0.6267,13537,0.1,,0,"{""cv"": 4, ""criterion"": ""mse"", ""validation_held_out"": ""S1+S2+S4""}",019ad93,2026-09-29T04:09:52+00:00,"bootstrap_mae_ci=[16.9687,17.5281]"
reproduction,s,asis,papagei-9-3-3,S3+S5+S12,,,,0,0,15.91,21.7422,0.6742,12970,0.1,,0,"{""cv"": 4, ""criterion"": ""mse"", ""validation_held_out"": ""S1+S2+S4""}",019ad93,2026-09-29T04:09:53+00:00,"bootstrap_mae_ci=[15.6739,16.1886]"
reproduction,s,asis,papagei-9-3-3,S3+S5+S13,,,,0,0,14.5805,21.2505,0.6596,13581,0.1,,0,"{""cv"": 4, ""criterion"": ""mse"", ""validation_held_out"": ""S1+S2+S4""}",019ad93,2026-09-29T04:09:53+00:00,"bootstrap_mae_ci=[14.3137,14.8462]"
reproduction,s,asis,papagei-9-3-3,S3+S5+S14,,,,0,0,14.5777,21.2513,0.6533,13492,0.1,,0,"{""cv"": 4, ""criterion"": ""mse"", ""validation_held_out"": ""S1+S2+S4""}",019ad93,2026-09-29T04:09:54+00:00,"bootstrap_mae_ci=[14.3221,14.8509]"
reproduction,s,asis,papagei-9-3-3,S3+S5+S15,,,,0,0,15.2537,21.7044,0.66,12982,0.1,,0,"{""cv"": 4, ""criterion"": ""mse"", ""validation_held_out"": ""S1+S2+S4""}",019ad93,2026-09-29T04:09:55+00:00,"bootstrap_mae_ci=[14.9756,15.5268]"
reproduction,s,asis,papagei-9-3-3,S3+S6+S7,,,,0,0,11.0254,15.4797,0.754,11657,0.1,,0,"{""cv"": 4, ""criterion"": ""mse"", ""validation_held_out"": ""S1+S2+S4""}",019ad93,2026-09-29T04:09:55+00:00,"bootstrap_mae_ci=[10.8520,11.2343]"
reproduction,s,asis,papagei-9-3-3,S3+S6+S8,,,,0,0,13.3765,17.6886,0.6694,11026,0.1,,0,"{""cv"": 4, ""criterion"": ""mse"", ""validation_held_out"": ""S1+S2+S4""}",019ad93,2026-09-29T04:09:56+00:00,"bootstrap_mae_ci=[13.1736,13.6073]"
reproduction,s,asis,papagei-9-3-3,S3+S6+S9,,,,0,0,13.3491,17.8362,0.6537,11266,0.1,,0,"{""cv"": 4, ""criterion"": ""mse"", ""validation_held_out"": ""S1+S2+S4""}",019ad93,2026-09-29T04:09:57+00:00,"bootstrap_mae_ci=[13.1362,13.5696]"
reproduction,s,asis,papagei-9-3-3,S3+S6+S10,,,,0,0,11.6871,16.3593,0.6744,12310,0.1,,0,"{""cv"": 4, ""criterion"": ""mse"", ""validation_held_out"": ""S1+S2+S4""}",019ad93,2026-09-29T04:09:57+00:00,"bootstrap_mae_ci=[11.5141,11.8766]"
reproduction,s,asis,papagei-9-3-3,S3+S6+S11,,,,0,0,13.7024,19.0199,0.725,11510,0.1,,0,"{""cv"": 4, ""criterion"": ""mse"", ""validation_held_out"": ""S1+S2+S4""}",019ad93,2026-09-29T04:09:58+00:00,"bootstrap_mae_ci=[13.4627,13.9625]"
reproduction,s,asis,papagei-9-3-3,S3+S6+S12,,,,0,0,13.9681,18.2027,0.6968,10943,0.1,,0,"{""cv"": 4, ""criterion"": ""mse"", ""validation_held_out"": ""S1+S2+S4""}",019ad93,2026-09-29T04:09:58+00:00,"bootstrap_mae_ci=[13.7604,14.1707]"
reproduction,s,asis,papagei-9-3-3,S3+S6+S13,,,,0,0,11.3484,15.8997,0.7581,11554,0.1,,0,"{""cv"": 4, ""criterion"": ""mse"", ""validation_held_out"": ""S1+S2+S4""}",019ad93,2026-09-29T04:09:59+00:00,"bootstrap_mae_ci=[11.1550,11.5697]"
reproduction,s,asis,papagei-9-3-3,S3+S6+S14,,,,0,0,11.3973,15.9234,0.7371,11465,0.1,,0,"{""cv"": 4, ""criterion"": ""mse"", ""validation_held_out"": ""S1+S2+S4""}",019ad93,2026-09-29T04:10:00+00:00,"bootstrap_mae_ci=[11.1782,11.6036]"
reproduction,s,asis,papagei-9-3-3,S3+S6+S15,,,,0,0,12.2417,16.6844,0.7263,10955,0.1,,0,"{""cv"": 4, ""criterion"": ""mse"", ""validation_held_out"": ""S1+S2+S4""}",019ad93,2026-09-29T04:10:00+00:00,"bootstrap_mae_ci=[12.0523,12.4498]"
reproduction,s,asis,papagei-9-3-3,S3+S7+S8,,,,0,0,11.0438,14.4496,0.6886,13072,0.1,,0,"{""cv"": 4, ""criterion"": ""mse"", ""validation_held_out"": ""S1+S2+S4""}",019ad93,2026-09-29T04:10:01+00:00,"bootstrap_mae_ci=[10.9038,11.2023]"
reproduction,s,asis,papagei-9-3-3,S3+S7+S9,,,,0,0,10.7858,14.2569,0.6838,13312,0.1,,0,"{""cv"": 4, ""criterion"": ""mse"", ""validation_held_out"": ""S1+S2+S4""}",019ad93,2026-09-29T04:10:02+00:00,"bootstrap_mae_ci=[10.6282,10.9462]"
reproduction,s,asis,papagei-9-3-3,S3+S7+S10,,,,0,0,9.5706,12.8871,0.7079,14356,0.1,,0,"{""cv"": 4, ""criterion"": ""mse"", ""validation_held_out"": ""S1+S2+S4""}",019ad93,2026-09-29T04:10:02+00:00,"bootstrap_mae_ci=[9.4224,9.7167]"
reproduction,s,asis,papagei-9-3-3,S3+S7+S11,,,,0,0,10.3389,14.2901,0.7462,13556,0.1,,0,"{""cv"": 4, ""criterion"": ""mse"", ""validation_held_out"": ""S1+S2+S4""}",019ad93,2026-09-29T04:10:03+00:00,"bootstrap_mae_ci=[10.1813,10.4924]"
reproduction,s,asis,papagei-9-3-3,S3+S7+S12,,,,0,0,11.625,15.0503,0.704,12989,0.1,,0,"{""cv"": 4, ""criterion"": ""mse"", ""validation_held_out"": ""S1+S2+S4""}",019ad93,2026-09-29T04:10:03+00:00,"bootstrap_mae_ci=[11.4624,11.7794]"
reproduction,s,asis,papagei-9-3-3,S3+S7+S13,,,,0,0,9.1991,12.0849,0.798,13600,0.1,,0,"{""cv"": 4, ""criterion"": ""mse"", ""validation_held_out"": ""S1+S2+S4""}",019ad93,2026-09-29T04:10:04+00:00,"bootstrap_mae_ci=[9.0655,9.3279]"
reproduction,s,asis,papagei-9-3-3,S3+S7+S14,,,,0,0,9.0593,11.9177,0.7731,13511,0.1,,0,"{""cv"": 4, ""criterion"": ""mse"", ""validation_held_out"": ""S1+S2+S4""}",019ad93,2026-09-29T04:10:05+00:00,"bootstrap_mae_ci=[8.9218,9.1778]"
reproduction,s,asis,papagei-9-3-3,S3+S7+S15,,,,0,0,9.9,12.9423,0.7406,13001,0.1,,0,"{""cv"": 4, ""criterion"": ""mse"", ""validation_held_out"": ""S1+S2+S4""}",019ad93,2026-09-29T04:10:05+00:00,"bootstrap_mae_ci=[9.7628,10.0481]"
reproduction,s,asis,papagei-9-3-3,S3+S8+S9,,,,0,0,14.2887,18.1939,0.5496,12681,0.1,,0,"{""cv"": 4, ""criterion"": ""mse"", ""validation_held_out"": ""S1+S2+S4""}",019ad93,2026-09-29T04:10:06+00:00,"bootstrap_mae_ci=[14.1004,14.4869]"
reproduction,s,asis,papagei-9-3-3,S3+S8+S10,,,,0,0,11.9167,15.7403,0.5804,13725,0.1,,0,"{""cv"": 4, ""criterion"": ""mse"", ""validation_held_out"": ""S1+S2+S4""}",019ad93,2026-09-29T04:10:07+00:00,"bootstrap_mae_ci=[11.7436,12.0842]"
reproduction,s,asis,papagei-9-3-3,S3+S8+S11,,,,0,0,12.2365,16.2424,0.6611,12925,0.1,,0,"{""cv"": 4, ""criterion"": ""mse"", ""validation_held_out"": ""S1+S2+S4""}",019ad93,2026-09-29T04:10:07+00:00,"bootstrap_mae_ci=[12.0494,12.4164]"
reproduction,s,asis,papagei-9-3-3,S3+S8+S12,,,,0,0,14.9122,18.5606,0.5853,12358,0.1,,0,"{""cv"": 4, ""criterion"": ""mse"", ""validation_held_out"": ""S1+S2+S4""}",019ad93,2026-09-29T04:10:08+00:00,"bootstrap_mae_ci=[14.7269,15.1269]"
reproduction,s,asis,papagei-9-3-3,S3+S8+S13,,,,0,0,11.4597,14.9309,0.7149,12969,0.1,,0,"{""cv"": 4, ""criterion"": ""mse"", ""validation_held_out"": ""S1+S2+S4""}",019ad93,2026-09-29T04:10:08+00:00,"bootstrap_mae_ci=[11.2889,11.5982]"
reproduction,s,asis,papagei-9-3-3,S3+S8+S14,,,,0,0,11.2884,14.7643,0.6648,12880,0.1,,0,"{""cv"": 4, ""criterion"": ""mse"", ""validation_held_out"": ""S1+S2+S4""}",019ad93,2026-09-29T04:10:09+00:00,"bootstrap_mae_ci=[11.1219,11.4726]"
reproduction,s,asis,papagei-9-3-3,S3+S8+S15,,,,0,0,12.5289,16.0085,0.6162,12370,0.1,,0,"{""cv"": 4, ""criterion"": ""mse"", ""validation_held_out"": ""S1+S2+S4""}",019ad93,2026-09-29T04:10:10+00:00,"bootstrap_mae_ci=[12.3314,12.7048]"
reproduction,s,asis,papagei-9-3-3,S3+S9+S10,,,,0,0,11.6935,15.5722,0.5815,13965,0.1,,0,"{""cv"": 4, ""criterion"": ""mse"", ""validation_held_out"": ""S1+S2+S4""}",019ad93,2026-09-29T04:10:10+00:00,"bootstrap_mae_ci=[11.5217,11.8573]"
reproduction,s,asis,papagei-9-3-3,S3+S9+S11,,,,0,0,12.4105,16.6294,0.6465,13165,0.1,,0,"{""cv"": 4, ""criterion"": ""mse"", ""validation_held_out"": ""S1+S2+S4""}",019ad93,2026-09-29T04:10:11+00:00,"bootstrap_mae_ci=[12.2133,12.6157]"
reproduction,s,asis,papagei-9-3-3,S3+S9+S12,,,,0,0,14.0741,17.7486,0.5975,12598,0.1,,0,"{""cv"": 4, ""criterion"": ""mse"", ""validation_held_out"": ""S1+S2+S4""}",019ad93,2026-09-29T04:10:11+00:00,"bootstrap_mae_ci=[13.8995,14.2518]"
reproduction,s,asis,papagei-9-3-3,S3+S9+S13,,,,0,0,11.2039,14.7551,0.7014,13209,0.1,,0,"{""cv"": 4, ""criterion"": ""mse"", ""validation_held_out"": ""S1+S2+S4""}",019ad93,2026-09-29T04:10:12+00:00,"bootstrap_mae_ci=[11.0354,11.3718]"
reproduction,s,asis,papagei-9-3-3,S3+S9+S14,,,,0,0,11.0752,14.6058,0.6604,13120,0.1,,0,"{""cv"": 4, ""criterion"": ""mse"", ""validation_held_out"": ""S1+S2+S4""}",019ad93,2026-09-29T04:10:13+00:00,"bootstrap_mae_ci=[10.9139,11.2359]"
reproduction,s,asis,papagei-9-3-3,S3+S9+S15,,,,0,0,12.1085,15.6577,0.6253,12610,0.1,,0,"{""cv"": 4, ""criterion"": ""mse"", ""validation_held_out"": ""S1+S2+S4""}",019ad93,2026-09-29T04:10:13+00:00,"bootstrap_mae_ci=[11.9275,12.2843]"
reproduction,s,asis,papagei-9-3-3,S3+S10+S11,,,,0,0,11.0924,15.4277,0.6649,14209,0.1,,0,"{""cv"": 4, ""criterion"": ""mse"", ""validation_held_out"": ""S1+S2+S4""}",019ad93,2026-09-29T04:10:14+00:00,"bootstrap_mae_ci=[10.9429,11.2711]"
reproduction,s,asis,papagei-9-3-3,S3+S10+S12,,,,0,0,12.2075,15.8841,0.6135,13642,0.1,,0,"{""cv"": 4, ""criterion"": ""mse"", ""validation_held_out"": ""S1+S2+S4""}",019ad93,2026-09-29T04:10:14+00:00,"bootstrap_mae_ci=[12.0391,12.3828]"
reproduction,s,asis,papagei-9-3-3,S3+S10+S13,,,,0,0,9.9374,13.3828,0.7203,14253,0.1,,0,"{""cv"": 4, ""criterion"": ""mse"", ""validation_held_out"": ""S1+S2+S4""}",019ad93,2026-09-29T04:10:15+00:00,"bootstrap_mae_ci=[9.7968,10.0742]"
reproduction,s,asis,papagei-9-3-3,S3+S10+S14,,,,0,0,9.7921,13.1669,0.6865,14164,0.1,,0,"{""cv"": 4, ""criterion"": ""mse"", ""validation_held_out"": ""S1+S2+S4""}",019ad93,2026-09-29T04:10:16+00:00,"bootstrap_mae_ci=[9.6588,9.9351]"
reproduction,s,asis,papagei-9-3-3,S3+S10+S15,,,,0,0,10.6839,14.219,0.641,13654,0.1,,0,"{""cv"": 4, ""criterion"": ""mse"", ""validation_held_out"": ""S1+S2+S4""}",019ad93,2026-09-29T04:10:16+00:00,"bootstrap_mae_ci=[10.5255,10.8384]"
reproduction,s,asis,papagei-9-3-3,S3+S11+S12,,,,0,0,12.7049,16.7004,0.6782,12842,0.1,,0,"{""cv"": 4, ""criterion"": ""mse"", ""validation_held_out"": ""S1+S2+S4""}",019ad93,2026-09-29T04:10:17+00:00,"bootstrap_mae_ci=[12.5063,12.8810]"
reproduction,s,asis,papagei-9-3-3,S3+S11+S13,,,,0,0,10.6679,14.7559,0.7477,13453,0.1,,0,"{""cv"": 4, ""criterion"": ""mse"", ""validation_held_out"": ""S1+S2+S4""}",019ad93,2026-09-29T04:10:18+00:00,"bootstrap_mae_ci=[10.4870,10.8361]"
reproduction,s,asis,papagei-9-3-3,S3+S11+S14,,,,0,0,10.6661,14.6919,0.732,13364,0.1,,0,"{""cv"": 4, ""criterion"": ""mse"", ""validation_held_out"": ""S1+S2+S4""}",019ad93,2026-09-29T04:10:18+00:00,"bootstrap_mae_ci=[10.4936,10.8375]"
reproduction,s,asis,papagei-9-3-3,S3+S11+S15,,,,0,0,11.353,15.4211,0.7088,12854,0.1,,0,"{""cv"": 4, ""criterion"": ""mse"", ""validation_held_out"": ""S1+S2+S4""}",019ad93,2026-09-29T04:10:19+00:00,"bootstrap_mae_ci=[11.1872,11.5189]"
reproduction,s,asis,papagei-9-3-3,S3+S12+S13,,,,0,0,12.0461,15.4518,0.7339,12886,0.1,,0,"{""cv"": 4, ""criterion"": ""mse"", ""validation_held_out"": ""S1+S2+S4""}",019ad93,2026-09-29T04:10:19+00:00,"bootstrap_mae_ci=[11.8693,12.2199]"
reproduction,s,asis,papagei-9-3-3,S3+S12+S14,,,,0,0,11.9629,15.4921,0.6825,12797,0.1,,0,"{""cv"": 4, ""criterion"": ""mse"", ""validation_held_out"": ""S1+S2+S4""}",019ad93,2026-09-29T04:10:20+00:00,"bootstrap_mae_ci=[11.7996,12.1391]"
reproduction,s,asis,papagei-9-3-3,S3+S12+S15,,,,0,0,13.4298,16.8825,0.6393,12287,0.1,,0,"{""cv"": 4, ""criterion"": ""mse"", ""validation_held_out"": ""S1+S2+S4""}",019ad93,2026-09-29T04:10:21+00:00,"bootstrap_mae_ci=[13.2402,13.6125]"
reproduction,s,asis,papagei-9-3-3,S3+S13+S14,,,,0,0,9.3276,12.3291,0.7822,13408,0.1,,0,"{""cv"": 4, ""criterion"": ""mse"", ""validation_held_out"": ""S1+S2+S4""}",019ad93,2026-09-29T04:10:21+00:00,"bootstrap_mae_ci=[9.1945,9.4537]"
reproduction,s,asis,papagei-9-3-3,S3+S13+S15,,,,0,0,10.3106,13.4307,0.7579,12898,0.1,,0,"{""cv"": 4, ""criterion"": ""mse"", ""validation_held_out"": ""S1+S2+S4""}",019ad93,2026-09-29T04:10:22+00:00,"bootstrap_mae_ci=[10.1601,10.4592]"
reproduction,s,asis,papagei-9-3-3,S3+S14+S15,,,,0,0,10.0989,13.2376,0.7223,12809,0.1,,0,"{""cv"": 4, ""criterion"": ""mse"", ""validation_held_out"": ""S1+S2+S4""}",019ad93,2026-09-29T04:10:22+00:00,"bootstrap_mae_ci=[9.9566,10.2426]"
reproduction,s,asis,papagei-9-3-3,S4+S5+S6,,,,0,0,19.5904,26.3942,0.5407,11843,0.1,,0,"{""cv"": 4, ""criterion"": ""mse"", ""validation_held_out"": ""S1+S2+S3""}",019ad93,2026-09-29T04:10:23+00:00,"bootstrap_mae_ci=[19.2862,19.9274]"
reproduction,s,asis,papagei-9-3-3,S4+S5+S7,,,,0,0,14.5181,20.9948,0.6225,13889,0.1,,0,"{""cv"": 4, ""criterion"": ""mse"", ""validation_held_out"": ""S1+S2+S3""}",019ad93,2026-09-29T04:10:24+00:00,"bootstrap_mae_ci=[14.2873,14.7838]"
reproduction,s,asis,papagei-9-3-3,S4+S5+S8,,,,0,0,16.363,22.1369,0.5776,13258,0.1,,0,"{""cv"": 4, ""criterion"": ""mse"", ""validation_held_out"": ""S1+S2+S3""}",019ad93,2026-09-29T04:10:24+00:00,"bootstrap_mae_ci=[16.1472,16.6176]"
reproduction,s,asis,papagei-9-3-3,S4+S5+S9,,,,0,0,16.5192,22.6084,0.5413,13498,0.1,,0,"{""cv"": 4, ""criterion"": ""mse"", ""validation_held_out"": ""S1+S2+S3""}",019ad93,2026-09-29T04:10:25+00:00,"bootstrap_mae_ci=[16.2849,16.7665]"
reproduction,s,asis,papagei-9-3-3,S4+S5+S10,,,,0,0,14.9313,21.3711,0.5562,14542,0.1,,0,"{""cv"": 4, ""criterion"": ""mse"", ""validation_held_out"": ""S1+S2+S3""}",019ad93,2026-09-29T04:10:26+00:00,"bootstrap_mae_ci=[14.6805,15.1762]"
reproduction,s,asis,papagei-9-3-3,S4+S5+S11,,,,0,0,17.4496,24.1898,0.5772,13742,0.1,,0,"{""cv"": 4, ""criterion"": ""mse"", ""validation_held_out"": ""S1+S2+S3""}",019ad93,2026-09-29T04:10:26+00:00,"bootstrap_mae_ci=[17.1554,17.7400]"
reproduction,s,asis,papagei-9-3-3,S4+S5+S12,,,,0,0,16.3351,21.9724,0.6351,13175,0.1,,0,"{""cv"": 4, ""criterion"": ""mse"", ""validation_held_out"": ""S1+S2+S3""}",019ad93,2026-09-29T04:10:27+00:00,"bootstrap_mae_ci=[16.0980,16.5936]"
reproduction,s,asis,papagei-9-3-3,S4+S5+S13,,,,0,0,14.9461,21.4397,0.6184,13786,0.1,,0,"{""cv"": 4, ""criterion"": ""mse"", ""validation_held_out"": ""S1+S2+S3""}",019ad93,2026-09-29T04:10:27+00:00,"bootstrap_mae_ci=[14.6974,15.1999]"
reproduction,s,asis,papagei-9-3-3,S4+S5+S14,,,,0,0,14.9443,21.4431,0.6052,13697,0.1,,0,"{""cv"": 4, ""criterion"": ""mse"", ""validation_held_out"": ""S1+S2+S3""}",019ad93,2026-09-29T04:10:28+00:00,"bootstrap_mae_ci=[14.6946,15.2172]"
reproduction,s,asis,papagei-9-3-3,S4+S5+S15,,,,0,0,15.6621,21.9197,0.615,13187,0.1,,0,"{""cv"": 4, ""criterion"": ""mse"", ""validation_held_out"": ""S1+S2+S3""}",019ad93,2026-09-29T04:10:29+00:00,"bootstrap_mae_ci=[15.4133,15.9510]"
reproduction,s,asis,papagei-9-3-3,S4+S6+S7,,,,0,0,11.677,16.073,0.6992,11862,0.1,,0,"{""cv"": 4, ""criterion"": ""mse"", ""validation_held_out"": ""S1+S2+S3""}",019ad93,2026-09-29T04:10:29+00:00,"bootstrap_mae_ci=[11.4868,11.8732]"
reproduction,s,asis,papagei-9-3-3,S4+S6+S8,,,,0,0,14.2367,18.3932,0.6109,11231,0.1,,0,"{""cv"": 4, ""criterion"": ""mse"", ""validation_held_out"": ""S1+S2+S3""}",019ad93,2026-09-29T04:10:30+00:00,"bootstrap_mae_ci=[14.0262,14.4550]"
reproduction,s,asis,papagei-9-3-3,S4+S6+S9,,,,0,0,14.1026,18.4491,0.5878,11471,0.1,,0,"{""cv"": 4, ""criterion"": ""mse"", ""validation_held_out"": ""S1+S2+S3""}",019ad93,2026-09-29T04:10:31+00:00,"bootstrap_mae_ci=[13.8824,14.3392]"
reproduction,s,asis,papagei-9-3-3,S4+S6+S10,,,,0,0,12.369,16.9494,0.6105,12515,0.1,,0,"{""cv"": 4, ""criterion"": ""mse"", ""validation_held_out"": ""S1+S2+S3""}",019ad93,2026-09-29T04:10:31+00:00,"bootstrap_mae_ci=[12.1841,12.6020]"
reproduction,s,asis,papagei-9-3-3,S4+S6+S11,,,,0,0,14.1954,19.3367,0.6605,11715,0.1,,0,"{""cv"": 4, ""criterion"": ""mse"", ""validation_held_out"": ""S1+S2+S3""}",019ad93,2026-09-29T04:10:32+00:00,"bootstrap_mae_ci=[13.9608,14.4496]"
reproduction,s,asis,papagei-9-3-3,S4+S6+S12,,,,0,0,14.6685,18.7481,0.6473,11148,0.1,,0,"{""cv"": 4, ""criterion"": ""mse"", ""validation_held_out"": ""S1+S2+S3""}",019ad93,2026-09-29T04:10:32+00:00,"bootstrap_mae_ci=[14.4797,14.8753]"
reproduction,s,asis,papagei-9-3-3,S4+S6+S13,,,,0,0,12.0163,16.4794,0.707,11759,0.1,,0,"{""cv"": 4, ""criterion"": ""mse"", ""validation_held_out"": ""S1+S2+S3""}",019ad93,2026-09-29T04:10:33+00:00,"bootstrap_mae_ci=[11.8299,12.2494]"
reproduction,s,asis,papagei-9-3-3,S4+S6+S14,,,,0,0,12.0647,16.5087,0.6763,11670,0.1,,0,"{""cv"": 4, ""criterion"": ""mse"", ""validation_held_out"": ""S1+S2+S3""}",019ad93,2026-09-29T04:10:34+00:00,"bootstrap_mae_ci=[11.8464,12.2876]"
reproduction,s,asis,papagei-9-3-3,S4+S6+S15,,,,0,0,12.9601,17.2871,0.6686,11160,0.1,,0,"{""cv"": 4, ""criterion"": ""mse"", ""validation_held_out"": ""S1+S2+S3""}",019ad93,2026-09-29T04:10:34+00:00,"bootstrap_mae_ci=[12.7698,13.1779]"
reproduction,s,asis,papagei-9-3-3,S4+S7+S8,,,,0,0,11.8932,15.3865,0.6431,13277,0.1,,0,"{""cv"": 4, ""criterion"": ""mse"", ""validation_held_out"": ""S1+S2+S3""}",019ad93,2026-09-29T04:10:35+00:00,"bootstrap_mae_ci=[11.7376,12.0652]"
reproduction,s,asis,papagei-9-3-3,S4+S7+S9,,,,0,0,11.5726,15.1313,0.6323,13517,0.1,,0,"{""cv"": 4, ""criterion"": ""mse"", ""validation_held_out"": ""S1+S2+S3""}",019ad93,2026-09-29T04:10:36+00:00,"bootstrap_mae_ci=[11.4137,11.7257]"
reproduction,s,asis,papagei-9-3-3,S4+S7+S10,,,,0,0,10.2749,13.7396,0.6576,14561,0.1,,0,"{""cv"": 4, ""criterion"": ""mse"", ""validation_held_out"": ""S1+S2+S3""}",019ad93,2026-09-29T04:10:36+00:00,"bootstrap_mae_ci=[10.1158,10.4228]"
reproduction,s,asis,papagei-9-3-3,S4+S7+S11,,,,0,0,10.9294,14.8973,0.6987,13761,0.1,,0,"{""cv"": 4, ""criterion"": ""mse"", ""validation_held_out"": ""S1+S2+S3""}",019ad93,2026-09-29T04:10:37+00:00,"bootstrap_mae_ci=[10.7669,11.0911]"
reproduction,s,asis,papagei-9-3-3,S4+S7+S12,,,,0,0,12.3206,15.7741,0.6596,13194,0.1,,0,"{""cv"": 4, ""criterion"": ""mse"", ""validation_held_out"": ""S1+S2+S3""}",019ad93,2026-09-29T04:10:37+00:00,"bootstrap_mae_ci=[12.1519,12.4872]"
reproduction,s,asis,papagei-9-3-3,S4+S7+S13,,,,0,0,9.8833,12.9563,0.7591,13805,0.1,,0,"{""cv"": 4, ""criterion"": ""mse"", ""validation_held_out"": ""S1+S2+S3""}",019ad93,2026-09-29T04:10:38+00:00,"bootstrap_mae_ci=[9.7363,10.0331]"
reproduction,s,asis,papagei-9-3-3,S4+S7+S14,,,,0,0,9.7448,12.8046,0.7269,13716,0.1,,0,"{""cv"": 4, ""criterion"": ""mse"", ""validation_held_out"": ""S1+S2+S3""}",019ad93,2026-09-29T04:10:39+00:00,"bootstrap_mae_ci=[9.6217,9.8949]"
reproduction,s,asis,papagei-9-3-3,S4+S7+S15,,,,0,0,10.6239,13.8076,0.6927,13206,0.1,,0,"{""cv"": 4, ""criterion"": ""mse"", ""validation_held_out"": ""S1+S2+S3""}",019ad93,2026-09-29T04:10:39+00:00,"bootstrap_mae_ci=[10.4705,10.7773]"
reproduction,s,asis,papagei-9-3-3,S4+S8+S9,,,,0,0,15.4524,19.2465,0.5068,12886,0.1,,0,"{""cv"": 4, ""criterion"": ""mse"", ""validation_held_out"": ""S1+S2+S3""}",019ad93,2026-09-29T04:10:40+00:00,"bootstrap_mae_ci=[15.2681,15.6683]"
reproduction,s,asis,papagei-9-3-3,S4+S8+S10,,,,0,0,12.852,16.6971,0.5297,13930,0.1,,0,"{""cv"": 4, ""criterion"": ""mse"", ""validation_held_out"": ""S1+S2+S3""}",019ad93,2026-09-29T04:10:41+00:00,"bootstrap_mae_ci=[12.6738,13.0029]"
reproduction,s,asis,papagei-9-3-3,S4+S8+S11,,,,0,0,13.0037,16.9548,0.6087,13130,0.1,,0,"{""cv"": 4, ""criterion"": ""mse"", ""validation_held_out"": ""S1+S2+S3""}",019ad93,2026-09-29T04:10:41+00:00,"bootstrap_mae_ci=[12.8135,13.1839]"
reproduction,s,asis,papagei-9-3-3,S4+S8+S12,,,,0,0,15.8192,19.3407,0.5455,12563,0.1,,0,"{""cv"": 4, ""criterion"": ""mse"", ""validation_held_out"": ""S1+S2+S3""}",019ad93,2026-09-29T04:10:42+00:00,"bootstrap_mae_ci=[15.6269,16.0173]"
reproduction,s,asis,papagei-9-3-3,S4+S8+S13,,,,0,0,12.3501,15.8742,0.6745,13174,0.1,,0,"{""cv"": 4, ""criterion"": ""mse"", ""validation_held_out"": ""S1+S2+S3""}",019ad93,2026-09-29T04:10:42+00:00,"bootstrap_mae_ci=[12.1751,12.5380]"
reproduction,s,asis,papagei-9-3-3,S4+S8+S14,,,,0,0,12.1676,15.7073,0.6148,13085,0.1,,0,"{""cv"": 4, ""criterion"": ""mse"", ""validation_held_out"": ""S1+S2+S3""}",019ad93,2026-09-29T04:10:43+00:00,"bootstrap_mae_ci=[11.9983,12.3337]"
reproduction,s,asis,papagei-9-3-3,S4+S8+S15,,,,0,0,13.4595,16.9344,0.5674,12575,0.1,,0,"{""cv"": 4, ""criterion"": ""mse"", ""validation_held_out"": ""S1+S2+S3""}",019ad93,2026-09-29T04:10:44+00:00,"bootstrap_mae_ci=[13.2777,13.6535]"
reproduction,s,asis,papagei-9-3-3,S4+S9+S10,,,,0,0,12.5494,16.4642,0.5238,14170,0.1,,0,"{""cv"": 4, ""criterion"": ""mse"", ""validation_held_out"": ""S1+S2+S3""}",019ad93,2026-09-29T04:10:44+00:00,"bootstrap_mae_ci=[12.3716,12.7217]"
reproduction,s,asis,papagei-9-3-3,S4+S9+S11,,,,0,0,13.0933,17.2454,0.5898,13370,0.1,,0,"{""cv"": 4, ""criterion"": ""mse"", ""validation_held_out"": ""S1+S2+S3""}",019ad93,2026-09-29T04:10:45+00:00,"bootstrap_mae_ci=[12.9144,13.2847]"
reproduction,s,asis,papagei-9-3-3,S4+S9+S12,,,,0,0,14.9241,18.5135,0.5508,12803,0.1,,0,"{""cv"": 4, ""criterion"": ""mse"", ""validation_held_out"": ""S1+S2+S3""}",019ad93,2026-09-29T04:10:46+00:00,"bootstrap_mae_ci=[14.7310,15.1104]"
reproduction,s,asis,papagei-9-3-3,S4+S9+S13,,,,0,0,12.0247,15.6305,0.6551,13414,0.1,,0,"{""cv"": 4, ""criterion"": ""mse"", ""validation_held_out"": ""S1+S2+S3""}",019ad93,2026-09-29T04:10:46+00:00,"bootstrap_mae_ci=[11.8619,12.2194]"
reproduction,s,asis,papagei-9-3-3,S4+S9+S14,,,,0,0,11.8861,15.4835,0.6042,13325,0.1,,0,"{""cv"": 4, ""criterion"": ""mse"", ""validation_held_out"": ""S1+S2+S3""}",019ad93,2026-09-29T04:10:47+00:00,"bootstrap_mae_ci=[11.7168,12.0414]"
reproduction,s,asis,papagei-9-3-3,S4+S9+S15,,,,0,0,12.9693,16.5313,0.5699,12815,0.1,,0,"{""cv"": 4, ""criterion"": ""mse"", ""validation_held_out"": ""S1+S2+S3""}",019ad93,2026-09-29T04:10:47+00:00,"bootstrap_mae_ci=[12.7794,13.1427]"
reproduction,s,asis,papagei-9-3-3,S4+S10+S11,,,,0,0,11.7137,16.0213,0.6092,14414,0.1,,0,"{""cv"": 4, ""criterion"": ""mse"", ""validation_held_out"": ""S1+S2+S3""}",019ad93,2026-09-29T04:10:48+00:00,"bootstrap_mae_ci=[11.5278,11.8681]"
reproduction,s,asis,papagei-9-3-3,S4+S10+S12,,,,0,0,12.9557,16.6237,0.5627,13847,0.1,,0,"{""cv"": 4, ""criterion"": ""mse"", ""validation_held_out"": ""S1+S2+S3""}",019ad93,2026-09-29T04:10:49+00:00,"bootstrap_mae_ci=[12.7727,13.1206]"
reproduction,s,asis,papagei-9-3-3,S4+S10+S13,,,,0,0,10.6709,14.2325,0.6746,14458,0.1,,0,"{""cv"": 4, ""criterion"": ""mse"", ""validation_held_out"": ""S1+S2+S3""}",019ad93,2026-09-29T04:10:49+00:00,"bootstrap_mae_ci=[10.5184,10.8192]"
reproduction,s,asis,papagei-9-3-3,S4+S10+S14,,,,0,0,10.5191,14.0247,0.6313,14369,0.1,,0,"{""cv"": 4, ""criterion"": ""mse"", ""validation_held_out"": ""S1+S2+S3""}",019ad93,2026-09-29T04:10:50+00:00,"bootstrap_mae_ci=[10.3701,10.6618]"
reproduction,s,asis,papagei-9-3-3,S4+S10+S15,,,,0,0,11.4552,15.0621,0.5849,13859,0.1,,0,"{""cv"": 4, ""criterion"": ""mse"", ""validation_held_out"": ""S1+S2+S3""}",019ad93,2026-09-29T04:10:50+00:00,"bootstrap_mae_ci=[11.2949,11.6283]"
reproduction,s,asis,papagei-9-3-3,S4+S11+S12,,,,0,0,13.3407,17.2644,0.6324,13047,0.1,,0,"{""cv"": 4, ""criterion"": ""mse"", ""validation_held_out"": ""S1+S2+S3""}",019ad93,2026-09-29T04:10:51+00:00,"bootstrap_mae_ci=[13.1657,13.5159]"
reproduction,s,asis,papagei-9-3-3,S4+S11+S13,,,,0,0,11.2789,15.3507,0.7033,13658,0.1,,0,"{""cv"": 4, ""criterion"": ""mse"", ""validation_held_out"": ""S1+S2+S3""}",019ad93,2026-09-29T04:10:52+00:00,"bootstrap_mae_ci=[11.1171,11.4548]"
reproduction,s,asis,papagei-9-3-3,S4+S11+S14,,,,0,0,11.2789,15.2944,0.6801,13569,0.1,,0,"{""cv"": 4, ""criterion"": ""mse"", ""validation_held_out"": ""S1+S2+S3""}",019ad93,2026-09-29T04:10:52+00:00,"bootstrap_mae_ci=[11.0965,11.4427]"
reproduction,s,asis,papagei-9-3-3,S4+S11+S15,,,,0,0,12.0032,16.0353,0.6572,13059,0.1,,0,"{""cv"": 4, ""criterion"": ""mse"", ""validation_held_out"": ""S1+S2+S3""}",019ad93,2026-09-29T04:10:53+00:00,"bootstrap_mae_ci=[11.8225,12.1744]"
reproduction,s,asis,papagei-9-3-3,S4+S12+S13,,,,0,0,12.7733,16.1791,0.694,13091,0.1,,0,"{""cv"": 4, ""criterion"": ""mse"", ""validation_held_out"": ""S1+S2+S3""}",019ad93,2026-09-29T04:10:54+00:00,"bootstrap_mae_ci=[12.6123,12.9321]"
reproduction,s,asis,papagei-9-3-3,S4+S12+S14,,,,0,0,12.6816,16.2157,0.6362,13002,0.1,,0,"{""cv"": 4, ""criterion"": ""mse"", ""validation_held_out"": ""S1+S2+S3""}",019ad93,2026-09-29T04:10:54+00:00,"bootstrap_mae_ci=[12.5145,12.8602]"
reproduction,s,asis,papagei-9-3-3,S4+S12+S15,,,,0,0,14.1791,17.5755,0.5889,12492,0.1,,0,"{""cv"": 4, ""criterion"": ""mse"", ""validation_held_out"": ""S1+S2+S3""}",019ad93,2026-09-29T04:10:55+00:00,"bootstrap_mae_ci=[14.0032,14.3881]"
reproduction,s,asis,papagei-9-3-3,S4+S13+S14,,,,0,0,10.0374,13.208,0.7396,13613,0.1,,0,"{""cv"": 4, ""criterion"": ""mse"", ""validation_held_out"": ""S1+S2+S3""}",019ad93,2026-09-29T04:10:55+00:00,"bootstrap_mae_ci=[9.8902,10.1794]"
reproduction,s,asis,papagei-9-3-3,S4+S13+S15,,,,0,0,11.0623,14.2871,0.7149,13103,0.1,,0,"{""cv"": 4, ""criterion"": ""mse"", ""validation_held_out"": ""S1+S2+S3""}",019ad93,2026-09-29T04:10:56+00:00,"bootstrap_mae_ci=[10.8983,11.2235]"
reproduction,s,asis,papagei-9-3-3,S4+S14+S15,,,,0,0,10.8487,14.1086,0.6706,13014,0.1,,0,"{""cv"": 4, ""criterion"": ""mse"", ""validation_held_out"": ""S1+S2+S3""}",019ad93,2026-09-29T04:10:57+00:00,"bootstrap_mae_ci=[10.7026,10.9824]"
reproduction,s,asis,papagei-9-3-3,S5+S6+S7,,,,0,0,19.0842,26.2649,0.6339,11939,0.1,,0,"{""cv"": 4, ""criterion"": ""mse"", ""validation_held_out"": ""S1+S2+S3""}",019ad93,2026-09-29T04:10:57+00:00,"bootstrap_mae_ci=[18.7504,19.4110]"
reproduction,s,asis,papagei-9-3-3,S5+S6+S8,,,,0,0,20.7019,26.9058,0.6117,11308,0.1,,0,"{""cv"": 4, ""criterion"": ""mse"", ""validation_held_out"": ""S1+S2+S3""}",019ad93,2026-09-29T04:10:58+00:00,"bootstrap_mae_ci=[20.3985,21.0127]"
reproduction,s,asis,papagei-9-3-3,S5+S6+S9,,,,0,0,21.2902,27.7249,0.5476,11548,0.1,,0,"{""cv"": 4, ""criterion"": ""mse"", ""validation_held_out"": ""S1+S2+S3""}",019ad93,2026-09-29T04:10:59+00:00,"bootstrap_mae_ci=[20.9391,21.5907]"
reproduction,s,asis,papagei-9-3-3,S5+S6+S10,,,,0,0,18.9995,26.1893,0.5633,12592,0.1,,0,"{""cv"": 4, ""criterion"": ""mse"", ""validation_held_out"": ""S1+S2+S3""}",019ad93,2026-09-29T04:10:59+00:00,"bootstrap_mae_ci=[18.6964,19.2821]"
reproduction,s,asis,papagei-9-3-3,S5+S6+S11,,,,0,0,23.7928,30.4178,0.567,11792,0.1,,0,"{""cv"": 4, ""criterion"": ""mse"", ""validation_held_out"": ""S1+S2+S3""}",019ad93,2026-09-29T04:11:00+00:00,"bootstrap_mae_ci=[23.4429,24.1274]"
reproduction,s,asis,papagei-9-3-3,S5+S6+S12,,,,0,0,20.9789,26.9573,0.6691,11225,0.1,,0,"{""cv"": 4, ""criterion"": ""mse"", ""validation_held_out"": ""S1+S2+S3""}",019ad93,2026-09-29T04:11:00+00:00,"bootstrap_mae_ci=[20.6435,21.2891]"
reproduction,s,asis,papagei-9-3-3,S5+S6+S13,,,,0,0,19.727,26.8802,0.6178,11836,0.1,,0,"{""cv"": 4, ""criterion"": ""mse"", ""validation_held_out"": ""S1+S2+S3""}",019ad93,2026-09-29T04:11:01+00:00,"bootstrap_mae_ci=[19.3854,20.0489]"
reproduction,s,asis,papagei-9-3-3,S5+S6+S14,,,,0,0,19.8289,26.9409,0.614,11747,0.1,,0,"{""cv"": 4, ""criterion"": ""mse"", ""validation_held_out"": ""S1+S2+S3""}",019ad93,2026-09-29T04:11:02+00:00,"bootstrap_mae_ci=[19.5177,20.1422]"
reproduction,s,asis,papagei-9-3-3,S5+S6+S15,,,,0,0,20.3807,27.1404,0.6441,11237,0.1,,0,"{""cv"": 4, ""criterion"": ""mse"", ""validation_held_out"": ""S1+S2+S3""}",019ad93,2026-09-29T04:11:03+00:00,"bootstrap_mae_ci=[20.0447,20.7131]"
reproduction,s,asis,papagei-9-3-3,S5+S7+S8,,,,0,0,15.5377,21.6398,0.6528,13354,0.1,,0,"{""cv"": 4, ""criterion"": ""mse"", ""validation_held_out"": ""S1+S2+S3""}",019ad93,2026-09-29T04:11:04+00:00,"bootstrap_mae_ci=[15.2845,15.7694]"
reproduction,s,asis,papagei-9-3-3,S5+S7+S9,,,,0,0,15.7406,22.1596,0.6234,13594,0.1,,0,"{""cv"": 4, ""criterion"": ""mse"", ""validation_held_out"": ""S1+S2+S3""}",019ad93,2026-09-29T04:11:04+00:00,"bootstrap_mae_ci=[15.4914,16.0148]"
reproduction,s,asis,papagei-9-3-3,S5+S7+S10,,,,0,0,14.2255,20.9495,0.6302,14638,0.1,,0,"{""cv"": 4, ""criterion"": ""mse"", ""validation_held_out"": ""S1+S2+S3""}",019ad93,2026-09-29T04:11:05+00:00,"bootstrap_mae_ci=[13.9674,14.4474]"
reproduction,s,asis,papagei-9-3-3,S5+S7+S11,,,,0,0,16.8411,23.9101,0.6448,13838,0.1,,0,"{""cv"": 4, ""criterion"": ""mse"", ""validation_held_out"": ""S1+S2+S3""}",019ad93,2026-09-29T04:11:05+00:00,"bootstrap_mae_ci=[16.5462,17.1238]"
reproduction,s,asis,papagei-9-3-3,S5+S7+S12,,,,0,0,15.7787,21.6782,0.6899,13271,0.1,,0,"{""cv"": 4, ""criterion"": ""mse"", ""validation_held_out"": ""S1+S2+S3""}",019ad93,2026-09-29T04:11:06+00:00,"bootstrap_mae_ci=[15.5225,16.0034]"
reproduction,s,asis,papagei-9-3-3,S5+S7+S13,,,,0,0,14.4391,21.1682,0.6728,13882,0.1,,0,"{""cv"": 4, ""criterion"": ""mse"", ""validation_held_out"": ""S1+S2+S3""}",019ad93,2026-09-29T04:11:07+00:00,"bootstrap_mae_ci=[14.1827,14.6874]"
reproduction,s,asis,papagei-9-3-3,S5+S7+S14,,,,0,0,14.3532,21.1276,0.6688,13793,0.1,,0,"{""cv"": 4, ""criterion"": ""mse"", ""validation_held_out"": ""S1+S2+S3""}",019ad93,2026-09-29T04:11:07+00:00,"bootstrap_mae_ci=[14.1076,14.6253]"
reproduction,s,asis,papagei-9-3-3,S5+S7+S15,,,,0,0,15.0269,21.547,0.6753,13283,0.1,,0,"{""cv"": 4, ""criterion"": ""mse"", ""validation_held_out"": ""S1+S2+S3""}",019ad93,2026-09-29T04:11:08+00:00,"bootstrap_mae_ci=[14.7734,15.2814]"
reproduction,s,asis,papagei-9-3-3,S5+S8+S9,,,,0,0,17.821,23.3522,0.5805,12963,0.1,,0,"{""cv"": 4, ""criterion"": ""mse"", ""validation_held_out"": ""S1+S2+S3""}",019ad93,2026-09-29T04:11:09+00:00,"bootstrap_mae_ci=[17.5624,18.0550]"
reproduction,s,asis,papagei-9-3-3,S5+S8+S10,,,,0,0,15.8158,21.9041,0.5984,14007,0.1,,0,"{""cv"": 4, ""criterion"": ""mse"", ""validation_held_out"": ""S1+S2+S3""}",019ad93,2026-09-29T04:11:09+00:00,"bootstrap_mae_ci=[15.5589,16.0704]"
reproduction,s,asis,papagei-9-3-3,S5+S8+S11,,,,0,0,18.0806,24.425,0.6253,13207,0.1,,0,"{""cv"": 4, ""criterion"": ""mse"", ""validation_held_out"": ""S1+S2+S3""}",019ad93,2026-09-29T04:11:10+00:00,"bootstrap_mae_ci=[17.8032,18.3452]"
reproduction,s,asis,papagei-9-3-3,S5+S8+S12,,,,0,0,18.0631,23.0904,0.6595,12640,0.1,,0,"{""cv"": 4, ""criterion"": ""mse"", ""validation_held_out"": ""S1+S2+S3""}",019ad93,2026-09-29T04:11:11+00:00,"bootstrap_mae_ci=[17.8018,18.2876]"
reproduction,s,asis,papagei-9-3-3,S5+S8+S13,,,,0,0,16.0277,22.1054,0.6545,13251,0.1,,0,"{""cv"": 4, ""criterion"": ""mse"", ""validation_held_out"": ""S1+S2+S3""}",019ad93,2026-09-29T04:11:11+00:00,"bootstrap_mae_ci=[15.8028,16.2526]"
reproduction,s,asis,papagei-9-3-3,S5+S8+S14,,,,0,0,15.8874,22.028,0.6397,13162,0.1,,0,"{""cv"": 4, ""criterion"": ""mse"", ""validation_held_out"": ""S1+S2+S3""}",019ad93,2026-09-29T04:11:12+00:00,"bootstrap_mae_ci=[15.6359,16.1422]"
reproduction,s,asis,papagei-9-3-3,S5+S8+S15,,,,0,0,16.8998,22.6609,0.6444,12652,0.1,,0,"{""cv"": 4, ""criterion"": ""mse"", ""validation_held_out"": ""S1+S2+S3""}",019ad93,2026-09-29T04:11:13+00:00,"bootstrap_mae_ci=[16.6223,17.1502]"
reproduction,s,asis,papagei-9-3-3,S5+S9+S10,,,,0,0,16.042,22.4342,0.5651,14247,0.1,,0,"{""cv"": 4, ""criterion"": ""mse"", ""validation_held_out"": ""S1+S2+S3""}",019ad93,2026-09-29T04:11:13+00:00,"bootstrap_mae_ci=[15.8022,16.2754]"
reproduction,s,asis,papagei-9-3-3,S5+S9+S11,,,,0,0,18.8032,25.3505,0.5781,13447,0.1,,0,"{""cv"": 4, ""criterion"": ""mse"", ""validation_held_out"": ""S1+S2+S3""}",019ad93,2026-09-29T04:11:14+00:00,"bootstrap_mae_ci=[18.5023,19.0712]"
reproduction,s,asis,papagei-9-3-3,S5+S9+S12,,,,0,0,17.7901,23.2181,0.6393,12880,0.1,,0,"{""cv"": 4, ""criterion"": ""mse"", ""validation_held_out"": ""S1+S2+S3""}",019ad93,2026-09-29T04:11:14+00:00,"bootstrap_mae_ci=[17.5316,18.0555]"
reproduction,s,asis,papagei-9-3-3,S5+S9+S13,,,,0,0,16.2359,22.6284,0.6202,13491,0.1,,0,"{""cv"": 4, ""criterion"": ""mse"", ""validation_held_out"": ""S1+S2+S3""}",019ad93,2026-09-29T04:11:15+00:00,"bootstrap_mae_ci=[15.9534,16.5170]"
reproduction,s,asis,papagei-9-3-3,S5+S9+S14,,,,0,0,16.1718,22.612,0.6074,13402,0.1,,0,"{""cv"": 4, ""criterion"": ""mse"", ""validation_held_out"": ""S1+S2+S3""}",019ad93,2026-09-29T04:11:16+00:00,"bootstrap_mae_ci=[15.9173,16.4300]"
reproduction,s,asis,papagei-9-3-3,S5+S9+S15,,,,0,0,16.9927,23.0928,0.6206,12892,0.1,,0,"{""cv"": 4, ""criterion"": ""mse"", ""validation_held_out"": ""S1+S2+S3""}",019ad93,2026-09-29T04:11:16+00:00,"bootstrap_mae_ci=[16.7183,17.2354]"
reproduction,s,asis,papagei-9-3-3,S5+S10+S11,,,,0,0,17.0718,24.1844,0.5852,14491,0.1,,0,"{""cv"": 4, ""criterion"": ""mse"", ""validation_held_out"": ""S1+S2+S3""}",019ad93,2026-09-29T04:11:17+00:00,"bootstrap_mae_ci=[16.8154,17.3472]"
reproduction,s,asis,papagei-9-3-3,S5+S10+S12,,,,0,0,15.8765,21.789,0.6491,13924,0.1,,0,"{""cv"": 4, ""criterion"": ""mse"", ""validation_held_out"": ""S1+S2+S3""}",019ad93,2026-09-29T04:11:18+00:00,"bootstrap_mae_ci=[15.6301,16.0987]"
reproduction,s,asis,papagei-9-3-3,S5+S10+S13,,,,0,0,14.6914,21.4219,0.6258,14535,0.1,,0,"{""cv"": 4, ""criterion"": ""mse"", ""validation_held_out"": ""S1+S2+S3""}",019ad93,2026-09-29T04:11:18+00:00,"bootstrap_mae_ci=[14.4457,14.9700]"
reproduction,s,asis,papagei-9-3-3,S5+S10+S14,,,,0,0,14.6027,21.3743,0.6174,14446,0.1,,0,"{""cv"": 4, ""criterion"": ""mse"", ""validation_held_out"": ""S1+S2+S3""}",019ad93,2026-09-29T04:11:19+00:00,"bootstrap_mae_ci=[14.3554,14.8419]"
reproduction,s,asis,papagei-9-3-3,S5+S10+S15,,,,0,0,15.3479,21.8557,0.6229,13936,0.1,,0,"{""cv"": 4, ""criterion"": ""mse"", ""validation_held_out"": ""S1+S2+S3""}",019ad93,2026-09-29T04:11:20+00:00,"bootstrap_mae_ci=[15.0751,15.5989]"
reproduction,s,asis,papagei-9-3-3,S5+S11+S12,,,,0,0,18.2537,24.4479,0.6654,13124,0.1,,0,"{""cv"": 4, ""criterion"": ""mse"", ""validation_held_out"": ""S1+S2+S3""}",019ad93,2026-09-29T04:11:20+00:00,"bootstrap_mae_ci=[17.9785,18.5310]"
reproduction,s,asis,papagei-9-3-3,S5+S11+S13,,,,0,0,17.3532,24.4509,0.6326,13735,0.1,,0,"{""cv"": 4, ""criterion"": ""mse"", ""validation_held_out"": ""S1+S2+S3""}",019ad93,2026-09-29T04:11:21+00:00,"bootstrap_mae_ci=[17.0755,17.6156]"
reproduction,s,asis,papagei-9-3-3,S5+S11+S14,,,,0,0,17.4185,24.4804,0.6355,13646,0.1,,0,"{""cv"": 4, ""criterion"": ""mse"", ""validation_held_out"": ""S1+S2+S3""}",019ad93,2026-09-29T04:11:21+00:00,"bootstrap_mae_ci=[17.1744,17.6982]"
reproduction,s,asis,papagei-9-3-3,S5+S11+S15,,,,0,0,17.9191,24.751,0.6488,13136,0.1,,0,"{""cv"": 4, ""criterion"": ""mse"", ""validation_held_out"": ""S1+S2+S3""}",019ad93,2026-09-29T04:11:22+00:00,"bootstrap_mae_ci=[17.6284,18.2148]"
reproduction,s,asis,papagei-9-3-3,S5+S12+S13,,,,0,0,16.3356,22.1606,0.6937,13168,0.1,,0,"{""cv"": 4, ""criterion"": ""mse"", ""validation_held_out"": ""S1+S2+S3""}",019ad93,2026-09-29T04:11:23+00:00,"bootstrap_mae_ci=[16.0723,16.5900]"
reproduction,s,asis,papagei-9-3-3,S5+S12+S14,,,,0,0,16.0472,22.0019,0.6801,13079,0.1,,0,"{""cv"": 4, ""criterion"": ""mse"", ""validation_held_out"": ""S1+S2+S3""}",019ad93,2026-09-29T04:11:23+00:00,"bootstrap_mae_ci=[15.7854,16.3027]"
reproduction,s,asis,papagei-9-3-3,S5+S12+S15,,,,0,0,17.2927,22.7474,0.6829,12569,0.1,,0,"{""cv"": 4, ""criterion"": ""mse"", ""validation_held_out"": ""S1+S2+S3""}",019ad93,2026-09-29T04:11:24+00:00,"bootstrap_mae_ci=[17.0511,17.5200]"
reproduction,s,asis,papagei-9-3-3,S5+S13+S14,,,,0,0,14.7512,21.5785,0.6655,13690,0.1,,0,"{""cv"": 4, ""criterion"": ""mse"", ""validation_held_out"": ""S1+S2+S3""}",019ad93,2026-09-29T04:11:24+00:00,"bootstrap_mae_ci=[14.4687,15.0266]"
reproduction,s,asis,papagei-9-3-3,S5+S13+S15,,,,0,0,15.5553,22.0377,0.674,13180,0.1,,0,"{""cv"": 4, ""criterion"": ""mse"", ""validation_held_out"": ""S1+S2+S3""}",019ad93,2026-09-29T04:11:25+00:00,"bootstrap_mae_ci=[15.2860,15.8342]"
reproduction,s,asis,papagei-9-3-3,S5+S14+S15,,,,0,0,15.3743,21.9583,0.6673,13091,0.1,,0,"{""cv"": 4, ""criterion"": ""mse"", ""validation_held_out"": ""S1+S2+S3""}",019ad93,2026-09-29T04:11:26+00:00,"bootstrap_mae_ci=[15.1041,15.6138]"
reproduction,s,asis,papagei-9-3-3,S6+S7+S8,,,,0,0,13.009,17.3805,0.7067,11327,0.1,,0,"{""cv"": 4, ""criterion"": ""mse"", ""validation_held_out"": ""S1+S2+S3""}",019ad93,2026-09-29T04:11:26+00:00,"bootstrap_mae_ci=[12.7953,13.2063]"
reproduction,s,asis,papagei-9-3-3,S6+S7+S9,,,,0,0,12.9487,17.5447,0.6948,11567,0.1,,0,"{""cv"": 4, ""criterion"": ""mse"", ""validation_held_out"": ""S1+S2+S3""}",019ad93,2026-09-29T04:11:27+00:00,"bootstrap_mae_ci=[12.7416,13.1717]"
reproduction,s,asis,papagei-9-3-3,S6+S7+S10,,,,0,0,11.3904,16.1286,0.7087,12611,0.1,,0,"{""cv"": 4, ""criterion"": ""mse"", ""validation_held_out"": ""S1+S2+S3""}",019ad93,2026-09-29T04:11:28+00:00,"bootstrap_mae_ci=[11.2066,11.5884]"
reproduction,s,asis,papagei-9-3-3,S6+S7+S11,,,,0,0,13.3606,18.8171,0.7463,11811,0.1,,0,"{""cv"": 4, ""criterion"": ""mse"", ""validation_held_out"": ""S1+S2+S3""}",019ad93,2026-09-29T04:11:28+00:00,"bootstrap_mae_ci=[13.1003,13.5906]"
reproduction,s,asis,papagei-9-3-3,S6+S7+S12,,,,0,0,13.7687,18.0704,0.7226,11244,0.1,,0,"{""cv"": 4, ""criterion"": ""mse"", ""validation_held_out"": ""S1+S2+S3""}",019ad93,2026-09-29T04:11:29+00:00,"bootstrap_mae_ci=[13.5379,13.9697]"
reproduction,s,asis,papagei-9-3-3,S6+S7+S13,,,,0,0,11.2106,15.8365,0.7755,11855,0.1,,0,"{""cv"": 4, ""criterion"": ""mse"", ""validation_held_out"": ""S1+S2+S3""}",019ad93,2026-09-29T04:11:30+00:00,"bootstrap_mae_ci=[11.0185,11.3933]"
reproduction,s,asis,papagei-9-3-3,S6+S7+S14,,,,0,0,11.2167,15.8481,0.7572,11766,0.1,,0,"{""cv"": 4, ""criterion"": ""mse"", ""validation_held_out"": ""S1+S2+S3""}",019ad93,2026-09-29T04:11:30+00:00,"bootstrap_mae_ci=[11.0211,11.4100]"
reproduction,s,asis,papagei-9-3-3,S6+S7+S15,,,,0,0,12.0435,16.5513,0.7487,11256,0.1,,0,"{""cv"": 4, ""criterion"": ""mse"", ""validation_held_out"": ""S1+S2+S3""}",019ad93,2026-09-29T04:11:31+00:00,"bootstrap_mae_ci=[11.8516,12.2599]"
reproduction,s,asis,papagei-9-3-3,S6+S8+S9,,,,0,0,15.9249,20.0167,0.6144,10936,0.1,,0,"{""cv"": 4, ""criterion"": ""mse"", ""validation_held_out"": ""S1+S2+S3""}",019ad93,2026-09-29T04:11:31+00:00,"bootstrap_mae_ci=[15.6943,16.1535]"
reproduction,s,asis,papagei-9-3-3,S6+S8+S10,,,,0,0,13.5625,18.0817,0.6339,11980,0.1,,0,"{""cv"": 4, ""criterion"": ""mse"", ""validation_held_out"": ""S1+S2+S3""}",019ad93,2026-09-29T04:11:32+00:00,"bootstrap_mae_ci=[13.3586,13.7722]"
reproduction,s,asis,papagei-9-3-3,S6+S8+S11,,,,0,0,15.1794,20.0845,0.6879,11180,0.1,,0,"{""cv"": 4, ""criterion"": ""mse"", ""validation_held_out"": ""S1+S2+S3""}",019ad93,2026-09-29T04:11:33+00:00,"bootstrap_mae_ci=[14.9522,15.4418]"
reproduction,s,asis,papagei-9-3-3,S6+S8+S12,,,,0,0,16.9572,20.7476,0.657,10613,0.1,,0,"{""cv"": 4, ""criterion"": ""mse"", ""validation_held_out"": ""S1+S2+S3""}",019ad93,2026-09-29T04:11:33+00:00,"bootstrap_mae_ci=[16.7373,17.1596]"
reproduction,s,asis,papagei-9-3-3,S6+S8+S13,,,,0,0,13.4153,17.8022,0.7231,11224,0.1,,0,"{""cv"": 4, ""criterion"": ""mse"", ""validation_held_out"": ""S1+S2+S3""}",019ad93,2026-09-29T04:11:34+00:00,"bootstrap_mae_ci=[13.2147,13.6217]"
reproduction,s,asis,papagei-9-3-3,S6+S8+S14,,,,0,0,13.3472,17.7696,0.69,11135,0.1,,0,"{""cv"": 4, ""criterion"": ""mse"", ""validation_held_out"": ""S1+S2+S3""}",019ad93,2026-09-29T04:11:35+00:00,"bootstrap_mae_ci=[13.1242,13.5698]"
reproduction,s,asis,papagei-9-3-3,S6+S8+S15,,,,0,0,14.6191,18.7703,0.6789,10625,0.1,,0,"{""cv"": 4, ""criterion"": ""mse"", ""validation_held_out"": ""S1+S2+S3""}",019ad93,2026-09-29T04:11:35+00:00,"bootstrap_mae_ci=[14.3957,14.8229]"
reproduction,s,asis,papagei-9-3-3,S6+S9+S10,,,,0,0,13.5233,18.2269,0.617,12220,0.1,,0,"{""cv"": 4, ""criterion"": ""mse"", ""validation_held_out"": ""S1+S2+S3""}",019ad93,2026-09-29T04:11:36+00:00,"bootstrap_mae_ci=[13.3111,13.7480]"
reproduction,s,asis,papagei-9-3-3,S6+S9+S11,,,,0,0,15.6044,20.7289,0.656,11420,0.1,,0,"{""cv"": 4, ""criterion"": ""mse"", ""validation_held_out"": ""S1+S2+S3""}",019ad93,2026-09-29T04:11:37+00:00,"bootstrap_mae_ci=[15.3561,15.8706]"
reproduction,s,asis,papagei-9-3-3,S6+S9+S12,,,,0,0,16.2994,20.3097,0.6539,10853,0.1,,0,"{""cv"": 4, ""criterion"": ""mse"", ""validation_held_out"": ""S1+S2+S3""}",019ad93,2026-09-29T04:11:37+00:00,"bootstrap_mae_ci=[16.0703,16.5127]"
reproduction,s,asis,papagei-9-3-3,S6+S9+S13,,,,0,0,13.3576,17.9753,0.7033,11464,0.1,,0,"{""cv"": 4, ""criterion"": ""mse"", ""validation_held_out"": ""S1+S2+S3""}",019ad93,2026-09-29T04:11:38+00:00,"bootstrap_mae_ci=[13.1470,13.5827]"
reproduction,s,asis,papagei-9-3-3,S6+S9+S14,,,,0,0,13.3367,17.9691,0.6739,11375,0.1,,0,"{""cv"": 4, ""criterion"": ""mse"", ""validation_held_out"": ""S1+S2+S3""}",019ad93,2026-09-29T04:11:39+00:00,"bootstrap_mae_ci=[13.1349,13.5733]"
reproduction,s,asis,papagei-9-3-3,S6+S9+S15,,,,0,0,14.4001,18.7858,0.6716,10865,0.1,,0,"{""cv"": 4, ""criterion"": ""mse"", ""validation_held_out"": ""S1+S2+S3""}",019ad93,2026-09-29T04:11:39+00:00,"bootstrap_mae_ci=[14.1671,14.5943]"
reproduction,s,asis,papagei-9-3-3,S6+S10+S11,,,,0,0,13.8384,19.4105,0.6729,12464,0.1,,0,"{""cv"": 4, ""criterion"": ""mse"", ""validation_held_out"": ""S1+S2+S3""}",019ad93,2026-09-29T04:11:40+00:00,"bootstrap_mae_ci=[13.6099,14.0631]"
reproduction,s,asis,papagei-9-3-3,S6+S10+S12,,,,0,0,14.0937,18.4816,0.664,11897,0.1,,0,"{""cv"": 4, ""criterion"": ""mse"", ""validation_held_out"": ""S1+S2+S3""}",019ad93,2026-09-29T04:11:41+00:00,"bootstrap_mae_ci=[13.8932,14.3032]"
reproduction,s,asis,papagei-9-3-3,S6+S10+S13,,,,0,0,11.745,16.5619,0.7145,12508,0.1,,0,"{""cv"": 4, ""criterion"": ""mse"", ""validation_held_out"": ""S1+S2+S3""}",019ad93,2026-09-29T04:11:41+00:00,"bootstrap_mae_ci=[11.5388,11.9538]"
reproduction,s,asis,papagei-9-3-3,S6+S10+S14,,,,0,0,11.7246,16.5137,0.6914,12419,0.1,,0,"{""cv"": 4, ""criterion"": ""mse"", ""validation_held_out"": ""S1+S2+S3""}",019ad93,2026-09-29T04:11:42+00:00,"bootstrap_mae_ci=[11.5151,11.9183]"
reproduction,s,asis,papagei-9-3-3,S6+S10+S15,,,,0,0,12.6043,17.3,0.679,11909,0.1,,0,"{""cv"": 4, ""criterion"": ""mse"", ""validation_held_out"": ""S1+S2+S3""}",019ad93,2026-09-29T04:11:42+00:00,"bootstrap_mae_ci=[12.3981,12.8198]"
reproduction,s,asis,papagei-9-3-3,S6+S11+S12,,,,0,0,15.817,20.598,0.7042,11097,0.1,,0,"{""cv"": 4, ""criterion"": ""mse"", ""validation_held_out"": ""S1+S2+S3""}",019ad93,2026-09-29T04:11:43+00:00,"bootstrap_mae_ci=[15.5988,16.0519]"
reproduction,s,asis,papagei-9-3-3,S6+S11+S13,,,,0,0,13.7348,19.3004,0.7403,11708,0.1,,0,"{""cv"": 4, ""criterion"": ""mse"", ""validation_held_out"": ""S1+S2+S3""}",019ad93,2026-09-29T04:11:44+00:00,"bootstrap_mae_ci=[13.4797,13.9679]"
reproduction,s,asis,papagei-9-3-3,S6+S11+S14,,,,0,0,13.8576,19.3397,0.731,11619,0.1,,0,"{""cv"": 4, ""criterion"": ""mse"", ""validation_held_out"": ""S1+S2+S3""}",019ad93,2026-09-29T04:11:44+00:00,"bootstrap_mae_ci=[13.6031,14.0843]"
reproduction,s,asis,papagei-9-3-3,S6+S11+S15,,,,0,0,14.5221,19.8204,0.7283,11109,0.1,,0,"{""cv"": 4, ""criterion"": ""mse"", ""validation_held_out"": ""S1+S2+S3""}",019ad93,2026-09-29T04:11:45+00:00,"bootstrap_mae_ci=[14.2887,14.7664]"
reproduction,s,asis,papagei-9-3-3,S6+S12+S13,,,,0,0,14.2415,18.481,0.7427,11141,0.1,,0,"{""cv"": 4, ""criterion"": ""mse"", ""validation_held_out"": ""S1+S2+S3""}",019ad93,2026-09-29T04:11:46+00:00,"bootstrap_mae_ci=[14.0293,14.4577]"
reproduction,s,asis,papagei-9-3-3,S6+S12+S14,,,,0,0,14.1438,18.5104,0.7051,11052,0.1,,0,"{""cv"": 4, ""criterion"": ""mse"", ""validation_held_out"": ""S1+S2+S3""}",019ad93,2026-09-29T04:11:46+00:00,"bootstrap_mae_ci=[13.9144,14.3796]"
reproduction,s,asis,papagei-9-3-3,S6+S12+S15,,,,0,0,15.6944,19.6695,0.6965,10542,0.1,,0,"{""cv"": 4, ""criterion"": ""mse"", ""validation_held_out"": ""S1+S2+S3""}",019ad93,2026-09-29T04:11:47+00:00,"bootstrap_mae_ci=[15.4369,15.9152]"
reproduction,s,asis,papagei-9-3-3,S6+S13+S14,,,,0,0,11.4906,16.2428,0.7628,11663,0.1,,0,"{""cv"": 4, ""criterion"": ""mse"", ""validation_held_out"": ""S1+S2+S3""}",019ad93,2026-09-29T04:11:47+00:00,"bootstrap_mae_ci=[11.3017,11.7013]"
reproduction,s,asis,papagei-9-3-3,S6+S13+S15,,,,0,0,12.4821,17.0108,0.7582,11153,0.1,,0,"{""cv"": 4, ""criterion"": ""mse"", ""validation_held_out"": ""S1+S2+S3""}",019ad93,2026-09-29T04:11:48+00:00,"bootstrap_mae_ci=[12.2748,12.6942]"
reproduction,s,asis,papagei-9-3-3,S6+S14+S15,,,,0,0,12.355,16.9504,0.7352,11064,0.1,,0,"{""cv"": 4, ""criterion"": ""mse"", ""validation_held_out"": ""S1+S2+S3""}",019ad93,2026-09-29T04:11:49+00:00,"bootstrap_mae_ci=[12.1390,12.5729]"
reproduction,s,asis,papagei-9-3-3,S7+S8+S9,,,,0,0,13.2187,16.9291,0.6318,12982,0.1,,0,"{""cv"": 4, ""criterion"": ""mse"", ""validation_held_out"": ""S1+S2+S3""}",019ad93,2026-09-29T04:11:49+00:00,"bootstrap_mae_ci=[13.0312,13.4115]"
reproduction,s,asis,papagei-9-3-3,S7+S8+S10,,,,0,0,11.4308,15.1286,0.655,14026,0.1,,0,"{""cv"": 4, ""criterion"": ""mse"", ""validation_held_out"": ""S1+S2+S3""}",019ad93,2026-09-29T04:11:50+00:00,"bootstrap_mae_ci=[11.2759,11.5996]"
reproduction,s,asis,papagei-9-3-3,S7+S8+S11,,,,0,0,11.8403,15.8469,0.702,13226,0.1,,0,"{""cv"": 4, ""criterion"": ""mse"", ""validation_held_out"": ""S1+S2+S3""}",019ad93,2026-09-29T04:11:51+00:00,"bootstrap_mae_ci=[11.6621,12.0165]"
reproduction,s,asis,papagei-9-3-3,S7+S8+S12,,,,0,0,14.448,18.0339,0.6521,12659,0.1,,0,"{""cv"": 4, ""criterion"": ""mse"", ""validation_held_out"": ""S1+S2+S3""}",019ad93,2026-09-29T04:11:51+00:00,"bootstrap_mae_ci=[14.2737,14.6206]"
reproduction,s,asis,papagei-9-3-3,S7+S8+S13,,,,0,0,11.23,14.6019,0.7592,13270,0.1,,0,"{""cv"": 4, ""criterion"": ""mse"", ""validation_held_out"": ""S1+S2+S3""}",019ad93,2026-09-29T04:11:52+00:00,"bootstrap_mae_ci=[11.0641,11.3822]"
reproduction,s,asis,papagei-9-3-3,S7+S8+S14,,,,0,0,10.9796,14.4071,0.718,13181,0.1,,0,"{""cv"": 4, ""criterion"": ""mse"", ""validation_held_out"": ""S1+S2+S3""}",019ad93,2026-09-29T04:11:52+00:00,"bootstrap_mae_ci=[10.8536,11.1465]"
reproduction,s,asis,papagei-9-3-3,S7+S8+S15,,,,0,0,12.1788,15.5868,0.6836,12671,0.1,,0,"{""cv"": 4, ""criterion"": ""mse"", ""validation_held_out"": ""S1+S2+S3""}",019ad93,2026-09-29T04:11:53+00:00,"bootstrap_mae_ci=[12.0297,12.3425]"
reproduction,s,asis,papagei-9-3-3,S7+S9+S10,,,,0,0,11.1653,14.9576,0.6462,14266,0.1,,0,"{""cv"": 4, ""criterion"": ""mse"", ""validation_held_out"": ""S1+S2+S3""}",019ad93,2026-09-29T04:11:54+00:00,"bootstrap_mae_ci=[10.9946,11.3341]"
reproduction,s,asis,papagei-9-3-3,S7+S9+S11,,,,0,0,11.9881,16.2392,0.6871,13466,0.1,,0,"{""cv"": 4, ""criterion"": ""mse"", ""validation_held_out"": ""S1+S2+S3""}",019ad93,2026-09-29T04:11:54+00:00,"bootstrap_mae_ci=[11.7900,12.1783]"
reproduction,s,asis,papagei-9-3-3,S7+S9+S12,,,,0,0,13.5921,17.2364,0.6526,12899,0.1,,0,"{""cv"": 4, ""criterion"": ""mse"", ""validation_held_out"": ""S1+S2+S3""}",019ad93,2026-09-29T04:11:55+00:00,"bootstrap_mae_ci=[13.3892,13.7888]"
reproduction,s,asis,papagei-9-3-3,S7+S9+S13,,,,0,0,10.9193,14.4123,0.7407,13510,0.1,,0,"{""cv"": 4, ""criterion"": ""mse"", ""validation_held_out"": ""S1+S2+S3""}",019ad93,2026-09-29T04:11:56+00:00,"bootstrap_mae_ci=[10.7745,11.0712]"
reproduction,s,asis,papagei-9-3-3,S7+S9+S14,,,,0,0,10.7189,14.233,0.7077,13421,0.1,,0,"{""cv"": 4, ""criterion"": ""mse"", ""validation_held_out"": ""S1+S2+S3""}",019ad93,2026-09-29T04:11:56+00:00,"bootstrap_mae_ci=[10.5607,10.8905]"
reproduction,s,asis,papagei-9-3-3,S7+S9+S15,,,,0,0,11.7226,15.234,0.6802,12911,0.1,,0,"{""cv"": 4, ""criterion"": ""mse"", ""validation_held_out"": ""S1+S2+S3""}",019ad93,2026-09-29T04:11:57+00:00,"bootstrap_mae_ci=[11.5760,11.8885]"
reproduction,s,asis,papagei-9-3-3,S7+S10+S11,,,,0,0,10.7453,15.0731,0.7018,14510,0.1,,0,"{""cv"": 4, ""criterion"": ""mse"", ""validation_held_out"": ""S1+S2+S3""}",019ad93,2026-09-29T04:11:57+00:00,"bootstrap_mae_ci=[10.5755,10.9055]"
reproduction,s,asis,papagei-9-3-3,S7+S10+S12,,,,0,0,11.9662,15.6065,0.6704,13943,0.1,,0,"{""cv"": 4, ""criterion"": ""mse"", ""validation_held_out"": ""S1+S2+S3""}",019ad93,2026-09-29T04:11:58+00:00,"bootstrap_mae_ci=[11.8021,12.1257]"
reproduction,s,asis,papagei-9-3-3,S7+S10+S13,,,,0,0,9.8134,13.2044,0.7568,14554,0.1,,0,"{""cv"": 4, ""criterion"": ""mse"", ""validation_held_out"": ""S1+S2+S3""}",019ad93,2026-09-29T04:11:59+00:00,"bootstrap_mae_ci=[9.6805,9.9495]"
reproduction,s,asis,papagei-9-3-3,S7+S10+S14,,,,0,0,9.5834,12.9448,0.73,14465,0.1,,0,"{""cv"": 4, ""criterion"": ""mse"", ""validation_held_out"": ""S1+S2+S3""}",019ad93,2026-09-29T04:11:59+00:00,"bootstrap_mae_ci=[9.4474,9.7388]"
reproduction,s,asis,papagei-9-3-3,S7+S10+S15,,,,0,0,10.4727,13.9579,0.6959,13955,0.1,,0,"{""cv"": 4, ""criterion"": ""mse"", ""validation_held_out"": ""S1+S2+S3""}",019ad93,2026-09-29T04:12:00+00:00,"bootstrap_mae_ci=[10.3234,10.6172]"
reproduction,s,asis,papagei-9-3-3,S7+S11+S12,,,,0,0,12.456,16.4753,0.7103,13143,0.1,,0,"{""cv"": 4, ""criterion"": ""mse"", ""validation_held_out"": ""S1+S2+S3""}",019ad93,2026-09-29T04:12:01+00:00,"bootstrap_mae_ci=[12.2690,12.6206]"
reproduction,s,asis,papagei-9-3-3,S7+S11+S13,,,,0,0,10.4848,14.583,0.7673,13754,0.1,,0,"{""cv"": 4, ""criterion"": ""mse"", ""validation_held_out"": ""S1+S2+S3""}",019ad93,2026-09-29T04:12:02+00:00,"bootstrap_mae_ci=[10.3139,10.6491]"
reproduction,s,asis,papagei-9-3-3,S7+S11+S14,,,,0,0,10.4155,14.4784,0.7554,13665,0.1,,0,"{""cv"": 4, ""criterion"": ""mse"", ""validation_held_out"": ""S1+S2+S3""}",019ad93,2026-09-29T04:12:02+00:00,"bootstrap_mae_ci=[10.2398,10.5721]"
reproduction,s,asis,papagei-9-3-3,S7+S11+S15,,,,0,0,11.097,15.1789,0.7361,13155,0.1,,0,"{""cv"": 4, ""criterion"": ""mse"", ""validation_held_out"": ""S1+S2+S3""}",019ad93,2026-09-29T04:12:03+00:00,"bootstrap_mae_ci=[10.9280,11.2681]"
reproduction,s,asis,papagei-9-3-3,S7+S12+S13,,,,0,0,12.0716,15.4204,0.7681,13187,0.1,,0,"{""cv"": 4, ""criterion"": ""mse"", ""validation_held_out"": ""S1+S2+S3""}",019ad93,2026-09-29T04:12:04+00:00,"bootstrap_mae_ci=[11.8955,12.2238]"
reproduction,s,asis,papagei-9-3-3,S7+S12+S14,,,,0,0,11.7979,15.3267,0.7239,13098,0.1,,0,"{""cv"": 4, ""criterion"": ""mse"", ""validation_held_out"": ""S1+S2+S3""}",019ad93,2026-09-29T04:12:04+00:00,"bootstrap_mae_ci=[11.6535,11.9626]"
reproduction,s,asis,papagei-9-3-3,S7+S12+S15,,,,0,0,13.2872,16.7065,0.692,12588,0.1,,0,"{""cv"": 4, ""criterion"": ""mse"", ""validation_held_out"": ""S1+S2+S3""}",019ad93,2026-09-29T04:12:05+00:00,"bootstrap_mae_ci=[13.1023,13.4820]"
reproduction,s,asis,papagei-9-3-3,S7+S13+S14,,,,0,0,9.3059,12.3372,0.8048,13709,0.1,,0,"{""cv"": 4, ""criterion"": ""mse"", ""validation_held_out"": ""S1+S2+S3""}",019ad93,2026-09-29T04:12:06+00:00,"bootstrap_mae_ci=[9.1888,9.4302]"
reproduction,s,asis,papagei-9-3-3,S7+S13+S15,,,,0,0,10.3544,13.4431,0.7877,13199,0.1,,0,"{""cv"": 4, ""criterion"": ""mse"", ""validation_held_out"": ""S1+S2+S3""}",019ad93,2026-09-29T04:12:06+00:00,"bootstrap_mae_ci=[10.2121,10.4930]"
reproduction,s,asis,papagei-9-3-3,S7+S14+S15,,,,0,0,9.9906,13.1445,0.7584,13110,0.1,,0,"{""cv"": 4, ""criterion"": ""mse"", ""validation_held_out"": ""S1+S2+S3""}",019ad93,2026-09-29T04:12:07+00:00,"bootstrap_mae_ci=[9.8529,10.1303]"
reproduction,s,asis,papagei-9-3-3,S8+S9+S10,,,,0,0,14.0603,18.0117,0.5327,13635,0.1,,0,"{""cv"": 4, ""criterion"": ""mse"", ""validation_held_out"": ""S1+S2+S3""}",019ad93,2026-09-29T04:12:08+00:00,"bootstrap_mae_ci=[13.8766,14.2272]"
reproduction,s,asis,papagei-9-3-3,S8+S9+S11,,,,0,0,14.3613,18.4041,0.603,12835,0.1,,0,"{""cv"": 4, ""criterion"": ""mse"", ""validation_held_out"": ""S1+S2+S3""}",019ad93,2026-09-29T04:12:08+00:00,"bootstrap_mae_ci=[14.1724,14.5425]"
reproduction,s,asis,papagei-9-3-3,S8+S9+S12,,,,0,0,17.7586,21.1775,0.5567,12268,0.1,,0,"{""cv"": 4, ""criterion"": ""mse"", ""validation_held_out"": ""S1+S2+S3""}",019ad93,2026-09-29T04:12:09+00:00,"bootstrap_mae_ci=[17.5419,17.9832]"
reproduction,s,asis,papagei-9-3-3,S8+S9+S13,,,,0,0,13.711,17.414,0.6645,12879,0.1,,0,"{""cv"": 4, ""criterion"": ""mse"", ""validation_held_out"": ""S1+S2+S3""}",019ad93,2026-09-29T04:12:09+00:00,"bootstrap_mae_ci=[13.5160,13.9041]"
reproduction,s,asis,papagei-9-3-3,S8+S9+S14,,,,0,0,13.4947,17.2461,0.6071,12790,0.1,,0,"{""cv"": 4, ""criterion"": ""mse"", ""validation_held_out"": ""S1+S2+S3""}",019ad93,2026-09-29T04:12:10+00:00,"bootstrap_mae_ci=[13.3022,13.6781]"
reproduction,s,asis,papagei-9-3-3,S8+S9+S15,,,,0,0,14.9903,18.5383,0.5693,12280,0.1,,0,"{""cv"": 4, ""criterion"": ""mse"", ""validation_held_out"": ""S1+S2+S3""}",019ad93,2026-09-29T04:12:11+00:00,"bootstrap_mae_ci=[14.8003,15.1770]"
reproduction,s,asis,papagei-9-3-3,S8+S10+S11,,,,0,0,12.5056,16.7944,0.6236,13879,0.1,,0,"{""cv"": 4, ""criterion"": ""mse"", ""validation_held_out"": ""S1+S2+S3""}",019ad93,2026-09-29T04:12:11+00:00,"bootstrap_mae_ci=[12.3035,12.7022]"
reproduction,s,asis,papagei-9-3-3,S8+S10+S12,,,,0,0,14.9173,18.6338,0.5562,13312,0.1,,0,"{""cv"": 4, ""criterion"": ""mse"", ""validation_held_out"": ""S1+S2+S3""}",019ad93,2026-09-29T04:12:12+00:00,"bootstrap_mae_ci=[14.7175,15.1061]"
reproduction,s,asis,papagei-9-3-3,S8+S10+S13,,,,0,0,11.8599,15.5924,0.6813,13923,0.1,,0,"{""cv"": 4, ""criterion"": ""mse"", ""validation_held_out"": ""S1+S2+S3""}",019ad93,2026-09-29T04:12:13+00:00,"bootstrap_mae_ci=[11.7024,12.0370]"
reproduction,s,asis,papagei-9-3-3,S8+S10+S14,,,,0,0,11.629,15.3635,0.6313,13834,0.1,,0,"{""cv"": 4, ""criterion"": ""mse"", ""validation_held_out"": ""S1+S2+S3""}",019ad93,2026-09-29T04:12:13+00:00,"bootstrap_mae_ci=[11.4708,11.7893]"
reproduction,s,asis,papagei-9-3-3,S8+S10+S15,,,,0,0,12.8659,16.5652,0.5801,13324,0.1,,0,"{""cv"": 4, ""criterion"": ""mse"", ""validation_held_out"": ""S1+S2+S3""}",019ad93,2026-09-29T04:12:14+00:00,"bootstrap_mae_ci=[12.6869,13.0528]"
reproduction,s,asis,papagei-9-3-3,S8+S11+S12,,,,0,0,15.0289,18.8638,0.6355,12512,0.1,,0,"{""cv"": 4, ""criterion"": ""mse"", ""validation_held_out"": ""S1+S2+S3""}",019ad93,2026-09-29T04:12:14+00:00,"bootstrap_mae_ci=[14.8469,15.2270]"
reproduction,s,asis,papagei-9-3-3,S8+S11+S13,,,,0,0,12.2352,16.3081,0.7135,13123,0.1,,0,"{""cv"": 4, ""criterion"": ""mse"", ""validation_held_out"": ""S1+S2+S3""}",019ad93,2026-09-29T04:12:15+00:00,"bootstrap_mae_ci=[12.0549,12.4058]"
reproduction,s,asis,papagei-9-3-3,S8+S11+S14,,,,0,0,12.1322,16.1943,0.6863,13034,0.1,,0,"{""cv"": 4, ""criterion"": ""mse"", ""validation_held_out"": ""S1+S2+S3""}",019ad93,2026-09-29T04:12:16+00:00,"bootstrap_mae_ci=[11.9484,12.3095]"
reproduction,s,asis,papagei-9-3-3,S8+S11+S15,,,,0,0,13.1439,17.1103,0.6614,12524,0.1,,0,"{""cv"": 4, ""criterion"": ""mse"", ""validation_held_out"": ""S1+S2+S3""}",019ad93,2026-09-29T04:12:16+00:00,"bootstrap_mae_ci=[12.9448,13.3457]"
reproduction,s,asis,papagei-9-3-3,S8+S12+S13,,,,0,0,14.9506,18.4158,0.698,12556,0.1,,0,"{""cv"": 4, ""criterion"": ""mse"", ""validation_held_out"": ""S1+S2+S3""}",019ad93,2026-09-29T04:12:17+00:00,"bootstrap_mae_ci=[14.7527,15.1377]"
reproduction,s,asis,papagei-9-3-3,S8+S12+S14,,,,0,0,14.8132,18.4705,0.6333,12467,0.1,,0,"{""cv"": 4, ""criterion"": ""mse"", ""validation_held_out"": ""S1+S2+S3""}",019ad93,2026-09-29T04:12:18+00:00,"bootstrap_mae_ci=[14.6125,14.9897]"
reproduction,s,asis,papagei-9-3-3,S8+S12+S15,,,,0,0,16.7743,20.058,0.5809,11957,0.1,,0,"{""cv"": 4, ""criterion"": ""mse"", ""validation_held_out"": ""S1+S2+S3""}",019ad93,2026-09-29T04:12:18+00:00,"bootstrap_mae_ci=[16.5601,16.9749]"
reproduction,s,asis,papagei-9-3-3,S8+S13+S14,,,,0,0,11.2977,14.775,0.7395,13078,0.1,,0,"{""cv"": 4, ""criterion"": ""mse"", ""validation_held_out"": ""S1+S2+S3""}",019ad93,2026-09-29T04:12:19+00:00,"bootstrap_mae_ci=[11.1360,11.4730]"
reproduction,s,asis,papagei-9-3-3,S8+S13+S15,,,,0,0,12.6558,16.036,0.716,12568,0.1,,0,"{""cv"": 4, ""criterion"": ""mse"", ""validation_held_out"": ""S1+S2+S3""}",019ad93,2026-09-29T04:12:20+00:00,"bootstrap_mae_ci=[12.4852,12.8074]"
reproduction,s,asis,papagei-9-3-3,S8+S14+S15,,,,0,0,12.3544,15.8365,0.6631,12479,0.1,,0,"{""cv"": 4, ""criterion"": ""mse"", ""validation_held_out"": ""S1+S2+S3""}",019ad93,2026-09-29T04:12:21+00:00,"bootstrap_mae_ci=[12.2025,12.5318]"
reproduction,s,asis,papagei-9-3-3,S9+S10+S11,,,,0,0,12.6601,17.1543,0.6082,14119,0.1,,0,"{""cv"": 4, ""criterion"": ""mse"", ""validation_held_out"": ""S1+S2+S3""}",019ad93,2026-09-29T04:12:21+00:00,"bootstrap_mae_ci=[12.4676,12.8363]"
reproduction,s,asis,papagei-9-3-3,S9+S10+S12,,,,0,0,14.1186,17.9036,0.5662,13552,0.1,,0,"{""cv"": 4, ""criterion"": ""mse"", ""validation_held_out"": ""S1+S2+S3""}",019ad93,2026-09-29T04:12:22+00:00,"bootstrap_mae_ci=[13.9372,14.3035]"
reproduction,s,asis,papagei-9-3-3,S9+S10+S13,,,,0,0,11.5902,15.4353,0.6652,14163,0.1,,0,"{""cv"": 4, ""criterion"": ""mse"", ""validation_held_out"": ""S1+S2+S3""}",019ad93,2026-09-29T04:12:23+00:00,"bootstrap_mae_ci=[11.4326,11.7601]"
reproduction,s,asis,papagei-9-3-3,S9+S10+S14,,,,0,0,11.4024,15.2219,0.6239,14074,0.1,,0,"{""cv"": 4, ""criterion"": ""mse"", ""validation_held_out"": ""S1+S2+S3""}",019ad93,2026-09-29T04:12:23+00:00,"bootstrap_mae_ci=[11.2243,11.5557]"
reproduction,s,asis,papagei-9-3-3,S9+S10+S15,,,,0,0,12.4367,16.2514,0.5854,13564,0.1,,0,"{""cv"": 4, ""criterion"": ""mse"", ""validation_held_out"": ""S1+S2+S3""}",019ad93,2026-09-29T04:12:24+00:00,"bootstrap_mae_ci=[12.2556,12.6174]"
reproduction,s,asis,papagei-9-3-3,S9+S11+S12,,,,0,0,14.6855,18.6854,0.6303,12752,0.1,,0,"{""cv"": 4, ""criterion"": ""mse"", ""validation_held_out"": ""S1+S2+S3""}",019ad93,2026-09-29T04:12:25+00:00,"bootstrap_mae_ci=[14.5003,14.8884]"
reproduction,s,asis,papagei-9-3-3,S9+S11+S13,,,,0,0,12.3763,16.6891,0.6936,13363,0.1,,0,"{""cv"": 4, ""criterion"": ""mse"", ""validation_held_out"": ""S1+S2+S3""}",019ad93,2026-09-29T04:12:25+00:00,"bootstrap_mae_ci=[12.1708,12.5601]"
reproduction,s,asis,papagei-9-3-3,S9+S11+S14,,,,0,0,12.323,16.6147,0.67,13274,0.1,,0,"{""cv"": 4, ""criterion"": ""mse"", ""validation_held_out"": ""S1+S2+S3""}",019ad93,2026-09-29T04:12:26+00:00,"bootstrap_mae_ci=[12.1523,12.5045]"
reproduction,s,asis,papagei-9-3-3,S9+S11+S15,,,,0,0,13.1659,17.3652,0.6535,12764,0.1,,0,"{""cv"": 4, ""criterion"": ""mse"", ""validation_held_out"": ""S1+S2+S3""}",019ad93,2026-09-29T04:12:27+00:00,"bootstrap_mae_ci=[12.9699,13.3419]"
reproduction,s,asis,papagei-9-3-3,S9+S12+S13,,,,0,0,14.0802,17.6436,0.6873,12796,0.1,,0,"{""cv"": 4, ""criterion"": ""mse"", ""validation_held_out"": ""S1+S2+S3""}",019ad93,2026-09-29T04:12:27+00:00,"bootstrap_mae_ci=[13.9107,14.2695]"
reproduction,s,asis,papagei-9-3-3,S9+S12+S14,,,,0,0,13.9599,17.6634,0.6324,12707,0.1,,0,"{""cv"": 4, ""criterion"": ""mse"", ""validation_held_out"": ""S1+S2+S3""}",019ad93,2026-09-29T04:12:28+00:00,"bootstrap_mae_ci=[13.7593,14.1427]"
reproduction,s,asis,papagei-9-3-3,S9+S12+S15,,,,0,0,15.6152,19.0353,0.5933,12197,0.1,,0,"{""cv"": 4, ""criterion"": ""mse"", ""validation_held_out"": ""S1+S2+S3""}",019ad93,2026-09-29T04:12:29+00:00,"bootstrap_mae_ci=[15.4232,15.8200]"
reproduction,s,asis,papagei-9-3-3,S9+S13+S14,,,,0,0,11.0503,14.6375,0.7232,13318,0.1,,0,"{""cv"": 4, ""criterion"": ""mse"", ""validation_held_out"": ""S1+S2+S3""}",019ad93,2026-09-29T04:12:29+00:00,"bootstrap_mae_ci=[10.9011,11.2037]"
reproduction,s,asis,papagei-9-3-3,S9+S13+S15,,,,0,0,12.193,15.7038,0.7038,12808,0.1,,0,"{""cv"": 4, ""criterion"": ""mse"", ""validation_held_out"": ""S1+S2+S3""}",019ad93,2026-09-29T04:12:30+00:00,"bootstrap_mae_ci=[12.0272,12.3729]"
reproduction,s,asis,papagei-9-3-3,S9+S14+S15,,,,0,0,11.942,15.515,0.6614,12719,0.1,,0,"{""cv"": 4, ""criterion"": ""mse"", ""validation_held_out"": ""S1+S2+S3""}",019ad93,2026-09-29T04:12:30+00:00,"bootstrap_mae_ci=[11.7649,12.1191]"
reproduction,s,asis,papagei-9-3-3,S10+S11+S12,,,,0,0,12.9275,17.1347,0.6442,13796,0.1,,0,"{""cv"": 4, ""criterion"": ""mse"", ""validation_held_out"": ""S1+S2+S3""}",019ad93,2026-09-29T04:12:31+00:00,"bootstrap_mae_ci=[12.7439,13.1029]"
reproduction,s,asis,papagei-9-3-3,S10+S11+S13,,,,0,0,11.0915,15.5416,0.7049,14407,0.1,,0,"{""cv"": 4, ""criterion"": ""mse"", ""validation_held_out"": ""S1+S2+S3""}",019ad93,2026-09-29T04:12:32+00:00,"bootstrap_mae_ci=[10.9135,11.2622]"
reproduction,s,asis,papagei-9-3-3,S10+S11+S14,,,,0,0,11.0375,15.4165,0.6877,14318,0.1,,0,"{""cv"": 4, ""criterion"": ""mse"", ""validation_held_out"": ""S1+S2+S3""}",019ad93,2026-09-29T04:12:32+00:00,"bootstrap_mae_ci=[10.8473,11.2035]"
reproduction,s,asis,papagei-9-3-3,S10+S11+S15,,,,0,0,11.7505,16.161,0.6623,13808,0.1,,0,"{""cv"": 4, ""criterion"": ""mse"", ""validation_held_out"": ""S1+S2+S3""}",019ad93,2026-09-29T04:12:33+00:00,"bootstrap_mae_ci=[11.5747,11.9309]"
reproduction,s,asis,papagei-9-3-3,S10+S12+S13,,,,0,0,12.3913,15.9958,0.6997,13840,0.1,,0,"{""cv"": 4, ""criterion"": ""mse"", ""validation_held_out"": ""S1+S2+S3""}",019ad93,2026-09-29T04:12:34+00:00,"bootstrap_mae_ci=[12.2332,12.5560]"
reproduction,s,asis,papagei-9-3-3,S10+S12+S14,,,,0,0,12.2519,15.9598,0.6504,13751,0.1,,0,"{""cv"": 4, ""criterion"": ""mse"", ""validation_held_out"": ""S1+S2+S3""}",019ad93,2026-09-29T04:12:34+00:00,"bootstrap_mae_ci=[12.0744,12.4314]"
reproduction,s,asis,papagei-9-3-3,S10+S12+S15,,,,0,0,13.6871,17.2826,0.6015,13241,0.1,,0,"{""cv"": 4, ""criterion"": ""mse"", ""validation_held_out"": ""S1+S2+S3""}",019ad93,2026-09-29T04:12:35+00:00,"bootstrap_mae_ci=[13.4993,13.8804]"
reproduction,s,asis,papagei-9-3-3,S10+S13+S14,,,,0,0,9.8745,13.3502,0.7408,14362,0.1,,0,"{""cv"": 4, ""criterion"": ""mse"", ""validation_held_out"": ""S1+S2+S3""}",019ad93,2026-09-29T04:12:36+00:00,"bootstrap_mae_ci=[9.7165,10.0079]"
reproduction,s,asis,papagei-9-3-3,S10+S13+S15,,,,0,0,10.908,14.4349,0.7146,13852,0.1,,0,"{""cv"": 4, ""criterion"": ""mse"", ""validation_held_out"": ""S1+S2+S3""}",019ad93,2026-09-29T04:12:36+00:00,"bootstrap_mae_ci=[10.7325,11.0796]"
reproduction,s,asis,papagei-9-3-3,S10+S14+S15,,,,0,0,10.6203,14.1693,0.6773,13763,0.1,,0,"{""cv"": 4, ""criterion"": ""mse"", ""validation_held_out"": ""S1+S2+S3""}",019ad93,2026-09-29T04:12:37+00:00,"bootstrap_mae_ci=[10.4521,10.7761]"
reproduction,s,asis,papagei-9-3-3,S11+S12+S13,,,,0,0,12.8972,16.9084,0.7249,13040,0.1,,0,"{""cv"": 4, ""criterion"": ""mse"", ""validation_held_out"": ""S1+S2+S3""}",019ad93,2026-09-29T04:12:37+00:00,"bootstrap_mae_ci=[12.7036,13.0715]"
reproduction,s,asis,papagei-9-3-3,S11+S12+S14,,,,0,0,12.774,16.869,0.6936,12951,0.1,,0,"{""cv"": 4, ""criterion"": ""mse"", ""validation_held_out"": ""S1+S2+S3""}",019ad93,2026-09-29T04:12:38+00:00,"bootstrap_mae_ci=[12.5879,12.9510]"
reproduction,s,asis,papagei-9-3-3,S11+S12+S15,,,,0,0,14.041,17.9372,0.6711,12441,0.1,,0,"{""cv"": 4, ""criterion"": ""mse"", ""validation_held_out"": ""S1+S2+S3""}",019ad93,2026-09-29T04:12:39+00:00,"bootstrap_mae_ci=[13.8552,14.2431]"
reproduction,s,asis,papagei-9-3-3,S11+S13+S14,,,,0,0,10.6967,14.9082,0.7574,13562,0.1,,0,"{""cv"": 4, ""criterion"": ""mse"", ""validation_held_out"": ""S1+S2+S3""}",019ad93,2026-09-29T04:12:39+00:00,"bootstrap_mae_ci=[10.5116,10.8657]"
reproduction,s,asis,papagei-9-3-3,S11+S13+S15,,,,0,0,11.513,15.6654,0.7426,13052,0.1,,0,"{""cv"": 4, ""criterion"": ""mse"", ""validation_held_out"": ""S1+S2+S3""}",019ad93,2026-09-29T04:12:40+00:00,"bootstrap_mae_ci=[11.3340,11.6909]"
reproduction,s,asis,papagei-9-3-3,S11+S14+S15,,,,0,0,11.3562,15.522,0.7245,12963,0.1,,0,"{""cv"": 4, ""criterion"": ""mse"", ""validation_held_out"": ""S1+S2+S3""}",019ad93,2026-09-29T04:12:41+00:00,"bootstrap_mae_ci=[11.1704,11.5332]"
reproduction,s,asis,papagei-9-3-3,S12+S13+S14,,,,0,0,12.1454,15.6475,0.749,12995,0.1,,0,"{""cv"": 4, ""criterion"": ""mse"", ""validation_held_out"": ""S1+S2+S3""}",019ad93,2026-09-29T04:12:41+00:00,"bootstrap_mae_ci=[11.9836,12.2917]"
reproduction,s,asis,papagei-9-3-3,S12+S13+S15,,,,0,0,13.8305,17.1215,0.728,12485,0.1,,0,"{""cv"": 4, ""criterion"": ""mse"", ""validation_held_out"": ""S1+S2+S3""}",019ad93,2026-09-29T04:12:42+00:00,"bootstrap_mae_ci=[13.6564,14.0013]"
reproduction,s,asis,papagei-9-3-3,S12+S14+S15,,,,0,0,13.578,17.0975,0.6746,12396,0.1,,0,"{""cv"": 4, ""criterion"": ""mse"", ""validation_held_out"": ""S1+S2+S3""}",019ad93,2026-09-29T04:12:42+00:00,"bootstrap_mae_ci=[13.3888,13.7513]"
reproduction,s,asis,papagei-9-3-3,S13+S14+S15,,,,0,0,10.3369,13.5575,0.7731,13007,0.1,,0,"{""cv"": 4, ""criterion"": ""mse"", ""validation_held_out"": ""S1+S2+S3""}",019ad93,2026-09-29T04:12:43+00:00,"bootstrap_mae_ci=[10.1818,10.4810]"
A,p,asis,leave-one-subject-out,1,,153.4,153.4,0,0,10.4512,13.636,0.7174,4603,0.001,,0,"{""folds"": 7, ""grouped_by"": ""subject"", ""criterion"": ""mae""}",019ad93,2026-09-29T04:12:45+00:00,
A,p,asis,leave-one-subject-out,2,,136.6,136.6,0,0,13.4593,16.2492,0.5273,4099,0.001,,0,"{""folds"": 7, ""grouped_by"": ""subject"", ""criterion"": ""mae""}",019ad93,2026-09-29T04:12:47+00:00,
A,p,asis,leave-one-subject-out,3,,145.6,145.6,0,0,7.4439,10.1316,0.7861,4367,0.001,,0,"{""folds"": 7, ""grouped_by"": ""subject"", ""criterion"": ""mae""}",019ad93,2026-09-29T04:12:49+00:00,
A,p,asis,leave-one-subject-out,4,,152.4,152.4,0,0,9.1285,11.9326,0.5794,4572,0.001,,0,"{""folds"": 7, ""grouped_by"": ""subject"", ""criterion"": ""mae""}",019ad93,2026-09-29T04:12:50+00:00,
A,p,asis,leave-one-subject-out,5,,155.0,155.0,0,0,24.46,30.809,0.1907,4649,0.001,,0,"{""folds"": 7, ""grouped_by"": ""subject"", ""criterion"": ""mae""}",019ad93,2026-09-29T04:12:52+00:00,
A,p,asis,leave-one-subject-out,6,,87.4,87.4,0,0,17.164,22.5919,0.621,2622,0.001,,0,"{""folds"": 7, ""grouped_by"": ""subject"", ""criterion"": ""mae""}",019ad93,2026-09-29T04:12:54+00:00,
A,p,asis,leave-one-subject-out,7,,155.6,155.6,0,0,7.1375,9.7268,0.8674,4668,0.001,,0,"{""folds"": 7, ""grouped_by"": ""subject"", ""criterion"": ""mae""}",019ad93,2026-09-29T04:12:55+00:00,
A,p,asis,leave-one-subject-out,8,,134.6,134.6,0,0,12.4511,15.8903,0.5771,4037,0.001,,0,"{""folds"": 7, ""grouped_by"": ""subject"", ""criterion"": ""mae""}",019ad93,2026-09-29T04:12:57+00:00,
A,p,asis,leave-one-subject-out,9,,142.6,142.6,0,0,13.7248,17.7337,0.5202,4277,0.001,,0,"{""folds"": 7, ""grouped_by"": ""subject"", ""criterion"": ""mae""}",019ad93,2026-09-29T04:12:58+00:00,
A,p,asis,leave-one-subject-out,10,,177.4,177.4,0,0,9.5986,13.577,0.5727,5321,0.001,,0,"{""folds"": 7, ""grouped_by"": ""subject"", ""criterion"": ""mae""}",019ad93,2026-09-29T04:13:00+00:00,
A,p,asis,leave-one-subject-out,11,,150.7,150.7,0,0,12.9927,18.0855,0.7546,4521,0.001,,0,"{""folds"": 7, ""grouped_by"": ""subject"", ""criterion"": ""mae""}",019ad93,2026-09-29T04:13:01+00:00,
A,p,asis,leave-one-subject-out,12,,131.8,131.8,0,0,12.8445,15.6662,0.7118,3954,0.001,,0,"{""folds"": 7, ""grouped_by"": ""subject"", ""criterion"": ""mae""}",019ad93,2026-09-29T04:13:03+00:00,
A,p,asis,leave-one-subject-out,13,,152.2,152.2,0,0,7.8565,10.835,0.8717,4565,0.001,,0,"{""folds"": 7, ""grouped_by"": ""subject"", ""criterion"": ""mae""}",019ad93,2026-09-29T04:13:05+00:00,
A,p,asis,leave-one-subject-out,14,,149.2,149.2,0,0,7.4734,10.2157,0.8449,4476,0.001,,0,"{""folds"": 7, ""grouped_by"": ""subject"", ""criterion"": ""mae""}",019ad93,2026-09-29T04:13:07+00:00,
A,p,asis,leave-one-subject-out,15,,132.2,132.2,0,0,9.3561,12.758,0.7413,3966,0.001,,0,"{""folds"": 7, ""grouped_by"": ""subject"", ""criterion"": ""mae""}",019ad93,2026-09-29T04:13:09+00:00,
A,p,flipped,leave-one-subject-out,1,,153.4,153.4,0,0,10.4604,13.6686,0.7175,4603,0.001,,0,"{""folds"": 7, ""grouped_by"": ""subject"", ""criterion"": ""mae""}",019ad93,2026-09-29T04:13:11+00:00,
A,p,flipped,leave-one-subject-out,2,,136.6,136.6,0,0,13.0615,15.863,0.554,4099,0.001,,0,"{""folds"": 7, ""grouped_by"": ""subject"", ""criterion"": ""mae""}",019ad93,2026-09-29T04:13:13+00:00,
A,p,flipped,leave-one-subject-out,3,,145.6,145.6,0,0,7.4424,10.1776,0.7843,4367,0.001,,0,"{""folds"": 7, ""grouped_by"": ""subject"", ""criterion"": ""mae""}",019ad93,2026-09-29T04:13:14+00:00,
A,p,flipped,leave-one-subject-out,4,,152.4,152.4,0,0,9.1075,11.9301,0.5838,4572,0.001,,0,"{""folds"": 7, ""grouped_by"": ""subject"", ""criterion"": ""mae""}",019ad93,2026-09-29T04:13:16+00:00,
A,p,flipped,leave-one-subject-out,5,,155.0,155.0,0,0,24.4536,30.86,0.1659,4649,0.001,,0,"{""folds"": 7, ""grouped_by"": ""subject"", ""criterion"": ""mae""}",019ad93,2026-09-29T04:13:17+00:00,
A,p,flipped,leave-one-subject-out,6,,87.4,87.4,0,0,17.1821,22.6242,0.6184,2622,0.001,,0,"{""folds"": 7, ""grouped_by"": ""subject"", ""criterion"": ""mae""}",019ad93,2026-09-29T04:13:19+00:00,
A,p,flipped,leave-one-subject-out,7,,155.6,155.6,0,0,7.0245,9.6477,0.8682,4668,0.001,,0,"{""folds"": 7, ""grouped_by"": ""subject"", ""criterion"": ""mae""}",019ad93,2026-09-29T04:13:21+00:00,
A,p,flipped,leave-one-subject-out,8,,134.6,134.6,0,0,12.549,15.9981,0.582,4037,0.001,,0,"{""folds"": 7, ""grouped_by"": ""subject"", ""criterion"": ""mae""}",019ad93,2026-09-29T04:13:22+00:00,
A,p,flipped,leave-one-subject-out,9,,142.6,142.6,0,0,13.6382,17.6363,0.5298,4277,0.001,,0,"{""folds"": 7, ""grouped_by"": ""subject"", ""criterion"": ""mae""}",019ad93,2026-09-29T04:13:24+00:00,
A,p,flipped,leave-one-subject-out,10,,177.4,177.4,0,0,9.5403,13.5483,0.5675,5321,0.001,,0,"{""folds"": 7, ""grouped_by"": ""subject"", ""criterion"": ""mae""}",019ad93,2026-09-29T04:13:25+00:00,
A,p,flipped,leave-one-subject-out,11,,150.7,150.7,0,0,12.8583,18.0101,0.7557,4521,0.001,,0,"{""folds"": 7, ""grouped_by"": ""subject"", ""criterion"": ""mae""}",019ad93,2026-09-29T04:13:27+00:00,
A,p,flipped,leave-one-subject-out,12,,131.8,131.8,0,0,12.7035,15.5307,0.71,3954,0.001,,0,"{""folds"": 7, ""grouped_by"": ""subject"", ""criterion"": ""mae""}",019ad93,2026-09-29T04:13:28+00:00,
A,p,flipped,leave-one-subject-out,13,,152.2,152.2,0,0,7.797,10.7921,0.873,4565,0.001,,0,"{""folds"": 7, ""grouped_by"": ""subject"", ""criterion"": ""mae""}",019ad93,2026-09-29T04:13:30+00:00,
A,p,flipped,leave-one-subject-out,14,,149.2,149.2,0,0,7.4984,10.2207,0.8452,4476,0.001,,0,"{""folds"": 7, ""grouped_by"": ""subject"", ""criterion"": ""mae""}",019ad93,2026-09-29T04:13:31+00:00,
A,p,flipped,leave-one-subject-out,15,,132.2,132.2,0,0,9.2951,12.6474,0.7473,3966,0.001,,0,"{""folds"": 7, ""grouped_by"": ""subject"", ""criterion"": ""mae""}",019ad93,2026-09-29T04:13:33+00:00,
A,s,asis,leave-one-subject-out,1,,153.4,153.4,0,0,12.7774,15.9946,0.6822,4603,0.001,,0,"{""folds"": 7, ""grouped_by"": ""subject"", ""criterion"": ""mae""}",019ad93,2026-09-29T04:13:35+00:00,
A,s,asis,leave-one-subject-out,2,,136.6,136.6,0,0,12.1885,15.5965,0.5452,4099,0.001,,0,"{""folds"": 7, ""grouped_by"": ""subject"", ""criterion"": ""mae""}",019ad93,2026-09-29T04:13:36+00:00,
A,s,asis,leave-one-subject-out,3,,145.6,145.6,0,0,8.5827,11.2705,0.7254,4367,0.001,,0,"{""folds"": 7, ""grouped_by"": ""subject"", ""criterion"": ""mae""}",019ad93,2026-09-29T04:13:38+00:00,
A,s,asis,leave-one-subject-out,4,,152.4,152.4,0,0,10.308,13.2736,0.5107,4572,0.001,,0,"{""folds"": 7, ""grouped_by"": ""subject"", ""criterion"": ""mae""}",019ad93,2026-09-29T04:13:39+00:00,
A,s,asis,leave-one-subject-out,5,,155.0,155.0,0,0,27.035,33.6405,0.174,4649,0.001,,0,"{""folds"": 7, ""grouped_by"": ""subject"", ""criterion"": ""mae""}",019ad93,2026-09-29T04:13:41+00:00,
A,s,asis,leave-one-subject-out,6,,87.4,87.4,0,0,21.2337,26.8015,0.6371,2622,0.001,,0,"{""folds"": 7, ""grouped_by"": ""subject"", ""criterion"": ""mae""}",019ad93,2026-09-29T04:13:42+00:00,
A,s,asis,leave-one-subject-out,7,,155.6,155.6,0,0,7.9927,10.749,0.8229,4668,0.001,,0,"{""folds"": 7, ""grouped_by"": ""subject"", ""criterion"": ""mae""}",019ad93,2026-09-29T04:13:44+00:00,
A,s,asis,leave-one-subject-out,8,,134.6,134.6,0,0,13.5601,16.778,0.527,4037,0.001,,0,"{""folds"": 7, ""grouped_by"": ""subject"", ""criterion"": ""mae""}",019ad93,2026-09-29T04:13:45+00:00,
A,s,asis,leave-one-subject-out,9,,142.6,142.6,0,0,13.755,17.4853,0.5309,4277,0.001,,0,"{""folds"": 7, ""grouped_by"": ""subject"", ""criterion"": ""mae""}",019ad93,2026-09-29T04:13:47+00:00,
A,s,asis,leave-one-subject-out,10,,177.4,177.4,0,0,9.8055,13.7819,0.568,5321,0.001,,0,"{""folds"": 7, ""grouped_by"": ""subject"", ""criterion"": ""mae""}",019ad93,2026-09-29T04:13:48+00:00,
A,s,asis,leave-one-subject-out,11,,150.7,150.7,0,0,14.4579,19.889,0.7265,4521,0.001,,0,"{""folds"": 7, ""grouped_by"": ""subject"", ""criterion"": ""mae""}",019ad93,2026-09-29T04:13:50+00:00,
A,s,asis,leave-one-subject-out,12,,131.8,131.8,0,0,15.0806,18.0508,0.6696,3954,0.001,,0,"{""folds"": 7, ""grouped_by"": ""subject"", ""criterion"": ""mae""}",019ad93,2026-09-29T04:13:52+00:00,
A,s,asis,leave-one-subject-out,13,,152.2,152.2,0,0,9.0221,12.3116,0.8333,4565,0.001,,0,"{""folds"": 7, ""grouped_by"": ""subject"", ""criterion"": ""mae""}",019ad93,2026-09-29T04:13:53+00:00,
A,s,asis,leave-one-subject-out,14,,149.2,149.2,0,0,8.7778,11.9466,0.7769,4476,0.001,,0,"{""folds"": 7, ""grouped_by"": ""subject"", ""criterion"": ""mae""}",019ad93,2026-09-29T04:13:55+00:00,
A,s,asis,leave-one-subject-out,15,,132.2,132.2,0,0,11.0096,14.3412,0.6723,3966,0.001,,0,"{""folds"": 7, ""grouped_by"": ""subject"", ""criterion"": ""mae""}",019ad93,2026-09-29T04:13:56+00:00,
A,s,flipped,leave-one-subject-out,1,,153.4,153.4,0,0,14.9351,18.0611,0.623,4603,0.001,,0,"{""folds"": 7, ""grouped_by"": ""subject"", ""criterion"": ""mae""}",019ad93,2026-09-29T04:13:58+00:00,
A,s,flipped,leave-one-subject-out,2,,136.6,136.6,0,0,11.4352,14.9083,0.5245,4099,0.01,,0,"{""folds"": 7, ""grouped_by"": ""subject"", ""criterion"": ""mae""}",019ad93,2026-09-29T04:14:00+00:00,
A,s,flipped,leave-one-subject-out,3,,145.6,145.6,0,0,9.0353,12.0666,0.667,4367,0.01,,0,"{""folds"": 7, ""grouped_by"": ""subject"", ""criterion"": ""mae""}",019ad93,2026-09-29T04:14:01+00:00,
A,s,flipped,leave-one-subject-out,4,,152.4,152.4,0,0,9.975,12.8271,0.4859,4572,0.01,,0,"{""folds"": 7, ""grouped_by"": ""subject"", ""criterion"": ""mae""}",019ad93,2026-09-29T04:14:03+00:00,
A,s,flipped,leave-one-subject-out,5,,155.0,155.0,0,0,29.698,36.2964,0.0603,4649,0.01,,0,"{""folds"": 7, ""grouped_by"": ""subject"", ""criterion"": ""mae""}",019ad93,2026-09-29T04:14:04+00:00,
A,s,flipped,leave-one-subject-out,6,,87.4,87.4,0,0,22.8477,29.154,0.4965,2622,0.01,,0,"{""folds"": 7, ""grouped_by"": ""subject"", ""criterion"": ""mae""}",019ad93,2026-09-29T04:14:06+00:00,
A,s,flipped,leave-one-subject-out,7,,155.6,155.6,0,0,7.882,10.9408,0.8131,4668,0.01,,0,"{""folds"": 7, ""grouped_by"": ""subject"", ""criterion"": ""mae""}",019ad93,2026-09-29T04:14:07+00:00,
A,s,flipped,leave-one-subject-out,8,,134.6,134.6,0,0,14.5159,17.8981,0.4354,4037,0.01,,0,"{""folds"": 7, ""grouped_by"": ""subject"", ""criterion"": ""mae""}",019ad93,2026-09-29T04:14:09+00:00,
A,s,flipped,leave-one-subject-out,9,,142.6,142.6,0,0,13.7944,17.6009,0.5115,4277,0.01,,0,"{""folds"": 7, ""grouped_by"": ""subject"", ""criterion"": ""mae""}",019ad93,2026-09-29T04:14:10+00:00,
A,s,flipped,leave-one-subject-out,10,,177.4,177.4,0,0,10.5548,14.2246,0.53,5321,0.01,,0,"{""folds"": 7, ""grouped_by"": ""subject"", ""criterion"": ""mae""}",019ad93,2026-09-29T04:14:12+00:00,
A,s,flipped,leave-one-subject-out,11,,150.7,150.7,0,0,15.4734,21.3144,0.6651,4521,0.01,,0,"{""folds"": 7, ""grouped_by"": ""subject"", ""criterion"": ""mae""}",019ad93,2026-09-29T04:14:13+00:00,
A,s,flipped,leave-one-subject-out,12,,131.8,131.8,0,0,16.3393,19.7311,0.6435,3954,0.001,,0,"{""folds"": 7, ""grouped_by"": ""subject"", ""criterion"": ""mae""}",019ad93,2026-09-29T04:14:15+00:00,
A,s,flipped,leave-one-subject-out,13,,152.2,152.2,0,0,9.9369,14.0,0.7741,4565,0.01,,0,"{""folds"": 7, ""grouped_by"": ""subject"", ""criterion"": ""mae""}",019ad93,2026-09-29T04:14:16+00:00,
A,s,flipped,leave-one-subject-out,14,,149.2,149.2,0,0,9.6251,13.2897,0.7108,4476,0.01,,0,"{""folds"": 7, ""grouped_by"": ""subject"", ""criterion"": ""mae""}",019ad93,2026-09-29T04:14:18+00:00,
A,s,flipped,leave-one-subject-out,15,,132.2,132.2,0,0,11.315,14.8529,0.6439,3966,0.01,,0,"{""folds"": 7, ""grouped_by"": ""subject"", ""criterion"": ""mae""}",019ad93,2026-09-29T04:14:19+00:00,
A-population-size,p,asis,leave-one-subject-out,1,,,,0,0,8.8844,12.367,0.6565,4603,1000.0,,0,"{""population_subjects"": 2, ""folds"": 2}",646e0b9-dirty,2026-09-29T04:23:39+00:00,
A-population-size,p,asis,leave-one-subject-out,1,,,,0,0,13.4053,16.9993,0.6482,4603,0.001,,1,"{""population_subjects"": 2, ""folds"": 2}",646e0b9-dirty,2026-09-29T04:23:40+00:00,
A-population-size,p,asis,leave-one-subject-out,1,,,,0,0,16.3637,20.5844,0.6502,4603,0.001,,2,"{""population_subjects"": 2, ""folds"": 2}",646e0b9-dirty,2026-09-29T04:23:40+00:00,
A-population-size,p,asis,leave-one-subject-out,1,,,,0,0,10.3339,13.5441,0.6936,4603,0.001,,0,"{""population_subjects"": 4, ""folds"": 4}",646e0b9-dirty,2026-09-29T04:23:40+00:00,
A-population-size,p,asis,leave-one-subject-out,1,,,,0,0,19.721,24.2053,0.5817,4603,0.001,,1,"{""population_subjects"": 4, ""folds"": 4}",646e0b9-dirty,2026-09-29T04:23:41+00:00,
A-population-size,p,asis,leave-one-subject-out,1,,,,0,0,13.6555,17.3587,0.6878,4603,0.001,,2,"{""population_subjects"": 4, ""folds"": 4}",646e0b9-dirty,2026-09-29T04:23:41+00:00,
A-population-size,p,asis,leave-one-subject-out,1,,,,0,0,11.7717,14.9318,0.6546,4603,0.001,,0,"{""population_subjects"": 6, ""folds"": 6}",646e0b9-dirty,2026-09-29T04:23:42+00:00,
A-population-size,p,asis,leave-one-subject-out,1,,,,0,0,10.9587,14.1108,0.7186,4603,0.001,,1,"{""population_subjects"": 6, ""folds"": 6}",646e0b9-dirty,2026-09-29T04:23:43+00:00,
A-population-size,p,asis,leave-one-subject-out,1,,,,0,0,10.3928,13.5374,0.7124,4603,0.001,,2,"{""population_subjects"": 6, ""folds"": 6}",646e0b9-dirty,2026-09-29T04:23:43+00:00,
A-population-size,p,asis,leave-one-subject-out,1,,,,0,0,10.9397,14.2969,0.7103,4603,0.001,,0,"{""population_subjects"": 8, ""folds"": 7}",646e0b9-dirty,2026-09-29T04:23:44+00:00,
A-population-size,p,asis,leave-one-subject-out,1,,,,0,0,12.0088,15.2281,0.6997,4603,0.001,,1,"{""population_subjects"": 8, ""folds"": 7}",646e0b9-dirty,2026-09-29T04:23:45+00:00,
A-population-size,p,asis,leave-one-subject-out,1,,,,0,0,10.1704,13.2772,0.7174,4603,0.001,,2,"{""population_subjects"": 8, ""folds"": 7}",646e0b9-dirty,2026-09-29T04:23:46+00:00,
A-population-size,p,asis,leave-one-subject-out,1,,,,0,0,12.8932,16.2727,0.677,4603,0.001,,0,"{""population_subjects"": 10, ""folds"": 7}",646e0b9-dirty,2026-09-29T04:23:47+00:00,
A-population-size,p,asis,leave-one-subject-out,1,,,,0,0,9.6766,12.8525,0.7234,4603,0.001,,1,"{""population_subjects"": 10, ""folds"": 7}",646e0b9-dirty,2026-09-29T04:23:49+00:00,
A-population-size,p,asis,leave-one-subject-out,1,,,,0,0,10.2407,13.4139,0.7083,4603,0.001,,2,"{""population_subjects"": 10, ""folds"": 7}",646e0b9-dirty,2026-09-29T04:23:50+00:00,
A-population-size,p,asis,leave-one-subject-out,1,,,,0,0,10.6674,13.8416,0.7136,4603,0.001,,0,"{""population_subjects"": 12, ""folds"": 7}",646e0b9-dirty,2026-09-29T04:23:51+00:00,
A-population-size,p,asis,leave-one-subject-out,1,,,,0,0,9.9097,13.0765,0.7211,4603,0.001,,1,"{""population_subjects"": 12, ""folds"": 7}",646e0b9-dirty,2026-09-29T04:23:52+00:00,
A-population-size,p,asis,leave-one-subject-out,1,,,,0,0,10.4899,13.7016,0.714,4603,0.001,,2,"{""population_subjects"": 12, ""folds"": 7}",646e0b9-dirty,2026-09-29T04:23:54+00:00,
A-population-size,p,asis,leave-one-subject-out,1,,,,0,0,10.4512,13.636,0.7174,4603,0.001,,0,"{""population_subjects"": 14, ""folds"": 7}",646e0b9-dirty,2026-09-29T04:23:55+00:00,
A-population-size,p,asis,leave-one-subject-out,2,,,,0,0,21.8014,25.7418,0.4793,4099,0.001,,0,"{""population_subjects"": 2, ""folds"": 2}",646e0b9-dirty,2026-09-29T04:23:55+00:00,
A-population-size,p,asis,leave-one-subject-out,2,,,,0,0,11.1644,13.8969,0.5215,4099,100.0,,1,"{""population_subjects"": 2, ""folds"": 2}",646e0b9-dirty,2026-09-29T04:23:55+00:00,
A-population-size,p,asis,leave-one-subject-out,2,,,,0,0,16.9656,20.4468,0.2973,4099,0.001,,2,"{""population_subjects"": 2, ""folds"": 2}",646e0b9-dirty,2026-09-29T04:23:56+00:00,
A-population-size,p,asis,leave-one-subject-out,2,,,,0,0,24.7634,27.6777,0.5038,4099,0.001,,0,"{""population_subjects"": 4, ""folds"": 4}",646e0b9-dirty,2026-09-29T04:23:56+00:00,
A-population-size,p,asis,leave-one-subject-out,2,,,,0,0,16.0149,19.079,0.4148,4099,0.001,,1,"{""population_subjects"": 4, ""folds"": 4}",646e0b9-dirty,2026-09-29T04:23:56+00:00,
A-population-size,p,asis,leave-one-subject-out,2,,,,0,0,12.6053,15.7042,0.4415,4099,0.01,,2,"{""population_subjects"": 4, ""folds"": 4}",646e0b9-dirty,2026-09-29T04:23:57+00:00,
A-population-size,p,asis,leave-one-subject-out,2,,,,0,0,13.9113,16.8983,0.5557,4099,0.001,,0,"{""population_subjects"": 6, ""folds"": 6}",646e0b9-dirty,2026-09-29T04:23:57+00:00,
A-population-size,p,asis,leave-one-subject-out,2,,,,0,0,14.7585,17.7063,0.5581,4099,0.001,,1,"{""population_subjects"": 6, ""folds"": 6}",646e0b9-dirty,2026-09-29T04:23:58+00:00,
A-population-size,p,asis,leave-one-subject-out,2,,,,0,0,19.4229,22.6514,0.5246,4099,0.001,,2,"{""population_subjects"": 6, ""folds"": 6}",646e0b9-dirty,2026-09-29T04:23:59+00:00,
A-population-size,p,asis,leave-one-subject-out,2,,,,0,0,13.9999,16.7799,0.4771,4099,0.001,,0,"{""population_subjects"": 8, ""folds"": 7}",646e0b9-dirty,2026-09-29T04:24:00+00:00,
A-population-size,p,asis,leave-one-subject-out,2,,,,0,0,16.0044,19.0035,0.5165,4099,0.001,,1,"{""population_subjects"": 8, ""folds"": 7}",646e0b9-dirty,2026-09-29T04:24:01+00:00,
A-population-size,p,asis,leave-one-subject-out,2,,,,0,0,16.0509,19.0237,0.5074,4099,0.001,,2,"{""population_subjects"": 8, ""folds"": 7}",646e0b9-dirty,2026-09-29T04:24:01+00:00,
A-population-size,p,asis,leave-one-subject-out,2,,,,0,0,14.4084,17.2991,0.5026,4099,0.001,,0,"{""population_subjects"": 10, ""folds"": 7}",646e0b9-dirty,2026-09-29T04:24:02+00:00,
A-population-size,p,asis,leave-one-subject-out,2,,,,0,0,15.1132,18.0525,0.4926,4099,0.001,,1,"{""population_subjects"": 10, ""folds"": 7}",646e0b9-dirty,2026-09-29T04:24:04+00:00,
A-population-size,p,asis,leave-one-subject-out,2,,,,0,0,14.8926,17.7924,0.468,4099,0.001,,2,"{""population_subjects"": 10, ""folds"": 7}",646e0b9-dirty,2026-09-29T04:24:05+00:00,
A-population-size,p,asis,leave-one-subject-out,2,,,,0,0,13.6121,16.4864,0.5266,4099,0.001,,0,"{""population_subjects"": 12, ""folds"": 7}",646e0b9-dirty,2026-09-29T04:24:06+00:00,
A-population-size,p,asis,leave-one-subject-out,2,,,,0,0,12.931,15.681,0.5435,4099,0.001,,1,"{""population_subjects"": 12, ""folds"": 7}",646e0b9-dirty,2026-09-29T04:24:07+00:00,
A-population-size,p,asis,leave-one-subject-out,2,,,,0,0,13.5783,16.4072,0.5247,4099,0.001,,2,"{""population_subjects"": 12, ""folds"": 7}",646e0b9-dirty,2026-09-29T04:24:09+00:00,
A-population-size,p,asis,leave-one-subject-out,2,,,,0,0,13.4593,16.2492,0.5273,4099,0.001,,0,"{""population_subjects"": 14, ""folds"": 7}",646e0b9-dirty,2026-09-29T04:24:10+00:00,
A-population-size,p,asis,leave-one-subject-out,3,,,,0,0,11.4724,15.1832,0.7125,4367,0.001,,0,"{""population_subjects"": 2, ""folds"": 2}",646e0b9-dirty,2026-09-29T04:24:10+00:00,
A-population-size,p,asis,leave-one-subject-out,3,,,,0,0,10.309,13.2183,0.6497,4367,10000.0,,1,"{""population_subjects"": 2, ""folds"": 2}",646e0b9-dirty,2026-09-29T04:24:10+00:00,
A-population-size,p,asis,leave-one-subject-out,3,,,,0,0,9.6514,12.5861,0.7188,4367,0.001,,2,"{""population_subjects"": 2, ""folds"": 2}",646e0b9-dirty,2026-09-29T04:24:11+00:00,
A-population-size,p,asis,leave-one-subject-out,3,,,,0,0,10.4425,14.9113,0.5829,4367,0.001,,0,"{""population_subjects"": 4, ""folds"": 4}",646e0b9-dirty,2026-09-29T04:24:11+00:00,
A-population-size,p,asis,leave-one-subject-out,3,,,,0,0,8.6282,11.5439,0.7462,4367,0.001,,1,"{""population_subjects"": 4, ""folds"": 4}",646e0b9-dirty,2026-09-29T04:24:11+00:00,
A-population-size,p,asis,leave-one-subject-out,3,,,,0,0,12.1216,15.8089,0.6706,4367,0.001,,2,"{""population_subjects"": 4, ""folds"": 4}",646e0b9-dirty,2026-09-29T04:24:12+00:00,
A-population-size,p,asis,leave-one-subject-out,3,,,,0,0,7.7209,10.9292,0.7787,4367,0.001,,0,"{""population_subjects"": 6, ""folds"": 6}",646e0b9-dirty,2026-09-29T04:24:12+00:00,
A-population-size,p,asis,leave-one-subject-out,3,,,,0,0,8.631,11.3902,0.7707,4367,0.001,,1,"{""population_subjects"": 6, ""folds"": 6}",646e0b9-dirty,2026-09-29T04:24:13+00:00,
A-population-size,p,asis,leave-one-subject-out,3,,,,0,0,8.1606,11.0246,0.7736,4367,0.001,,2,"{""population_subjects"": 6, ""folds"": 6}",646e0b9-dirty,2026-09-29T04:24:13+00:00,
A-population-size,p,asis,leave-one-subject-out,3,,,,0,0,7.3845,10.2291,0.7887,4367,0.001,,0,"{""population_subjects"": 8, ""folds"": 7}",646e0b9-dirty,2026-09-29T04:24:15+00:00,
A-population-size,p,asis,leave-one-subject-out,3,,,,0,0,7.5199,10.193,0.7874,4367,0.001,,1,"{""population_subjects"": 8, ""folds"": 7}",646e0b9-dirty,2026-09-29T04:24:15+00:00,
A-population-size,p,asis,leave-one-subject-out,3,,,,0,0,7.5998,10.4285,0.7742,4367,0.001,,2,"{""population_subjects"": 8, ""folds"": 7}",646e0b9-dirty,2026-09-29T04:24:16+00:00,
A-population-size,p,asis,leave-one-subject-out,3,,,,0,0,7.7335,10.5236,0.7799,4367,0.001,,0,"{""population_subjects"": 10, ""folds"": 7}",646e0b9-dirty,2026-09-29T04:24:17+00:00,
A-population-size,p,asis,leave-one-subject-out,3,,,,0,0,7.5041,10.5711,0.7886,4367,0.001,,1,"{""population_subjects"": 10, ""folds"": 7}",646e0b9-dirty,2026-09-29T04:24:18+00:00,
A-population-size,p,asis,leave-one-subject-out,3,,,,0,0,7.8949,10.8645,0.776,4367,0.001,,2,"{""population_subjects"": 10, ""folds"": 7}",646e0b9-dirty,2026-09-29T04:24:19+00:00,
A-population-size,p,asis,leave-one-subject-out,3,,,,0,0,7.7305,10.7231,0.7821,4367,0.001,,0,"{""population_subjects"": 12, ""folds"": 7}",646e0b9-dirty,2026-09-29T04:24:21+00:00,
A-population-size,p,asis,leave-one-subject-out,3,,,,0,0,7.6609,10.4451,0.7781,4367,0.001,,1,"{""population_subjects"": 12, ""folds"": 7}",646e0b9-dirty,2026-09-29T04:24:22+00:00,
A-population-size,p,asis,leave-one-subject-out,3,,,,0,0,7.5213,10.1715,0.7848,4367,0.001,,2,"{""population_subjects"": 12, ""folds"": 7}",646e0b9-dirty,2026-09-29T04:24:23+00:00,
A-population-size,p,asis,leave-one-subject-out,3,,,,0,0,7.4439,10.1316,0.7861,4367,0.001,,0,"{""population_subjects"": 14, ""folds"": 7}",646e0b9-dirty,2026-09-29T04:24:25+00:00,
A-population-size,p,asis,leave-one-subject-out,4,,,,0,0,12.1736,15.0641,0.5353,4572,0.001,,0,"{""population_subjects"": 2, ""folds"": 2}",646e0b9-dirty,2026-09-29T04:24:25+00:00,
A-population-size,p,asis,leave-one-subject-out,4,,,,0,0,14.1309,17.3232,0.494,4572,0.001,,1,"{""population_subjects"": 2, ""folds"": 2}",646e0b9-dirty,2026-09-29T04:24:25+00:00,
A-population-size,p,asis,leave-one-subject-out,4,,,,0,0,11.2329,13.7634,0.4662,4572,10000.0,,2,"{""population_subjects"": 2, ""folds"": 2}",646e0b9-dirty,2026-09-29T04:24:25+00:00,
A-population-size,p,asis,leave-one-subject-out,4,,,,0,0,8.3322,11.1344,0.5811,4572,0.01,,0,"{""population_subjects"": 4, ""folds"": 4}",646e0b9-dirty,2026-09-29T04:24:26+00:00,
A-population-size,p,asis,leave-one-subject-out,4,,,,0,0,10.3671,13.1247,0.551,4572,0.001,,1,"{""population_subjects"": 4, ""folds"": 4}",646e0b9-dirty,2026-09-29T04:24:26+00:00,
A-population-size,p,asis,leave-one-subject-out,4,,,,0,0,8.2991,11.1816,0.5664,4572,0.001,,2,"{""population_subjects"": 4, ""folds"": 4}",646e0b9-dirty,2026-09-29T04:24:26+00:00,
A-population-size,p,asis,leave-one-subject-out,4,,,,0,0,8.7836,11.5847,0.5503,4572,0.001,,0,"{""population_subjects"": 6, ""folds"": 6}",646e0b9-dirty,2026-09-29T04:24:27+00:00,
A-population-size,p,asis,leave-one-subject-out,4,,,,0,0,10.3268,13.1737,0.5531,4572,0.001,,1,"{""population_subjects"": 6, ""folds"": 6}",646e0b9-dirty,2026-09-29T04:24:28+00:00,
A-population-size,p,asis,leave-one-subject-out,4,,,,0,0,8.6503,11.2781,0.5821,4572,0.001,,2,"{""population_subjects"": 6, ""folds"": 6}",646e0b9-dirty,2026-09-29T04:24:28+00:00,
A-population-size,p,asis,leave-one-subject-out,4,,,,0,0,8.2082,10.9458,0.5962,4572,0.001,,0,"{""population_subjects"": 8, ""folds"": 7}",646e0b9-dirty,2026-09-29T04:24:29+00:00,
A-population-size,p,asis,leave-one-subject-out,4,,,,0,0,10.3911,13.3868,0.5709,4572,0.001,,1,"{""population_subjects"": 8, ""folds"": 7}",646e0b9-dirty,2026-09-29T04:24:30+00:00,
A-population-size,p,asis,leave-one-subject-out,4,,,,0,0,11.2664,14.1343,0.5676,4572,0.001,,2,"{""population_subjects"": 8, ""folds"": 7}",646e0b9-dirty,2026-09-29T04:24:31+00:00,
A-population-size,p,asis,leave-one-subject-out,4,,,,0,0,10.3712,13.2365,0.5484,4572,0.001,,0,"{""population_subjects"": 10, ""folds"": 7}",646e0b9-dirty,2026-09-29T04:24:32+00:00,
A-population-size,p,asis,leave-one-subject-out,4,,,,0,0,9.3088,12.0922,0.5844,4572,0.001,,1,"{""population_subjects"": 10, ""folds"": 7}",646e0b9-dirty,2026-09-29T04:24:33+00:00,
A-population-size,p,asis,leave-one-subject-out,4,,,,0,0,9.1058,11.9518,0.5753,4572,0.001,,2,"{""population_subjects"": 10, ""folds"": 7}",646e0b9-dirty,2026-09-29T04:24:34+00:00,
A-population-size,p,asis,leave-one-subject-out,4,,,,0,0,9.5012,12.284,0.5623,4572,0.001,,0,"{""population_subjects"": 12, ""folds"": 7}",646e0b9-dirty,2026-09-29T04:24:36+00:00,
A-population-size,p,asis,leave-one-subject-out,4,,,,0,0,9.3134,12.1138,0.5822,4572,0.001,,1,"{""population_subjects"": 12, ""folds"": 7}",646e0b9-dirty,2026-09-29T04:24:37+00:00,
A-population-size,p,asis,leave-one-subject-out,4,,,,0,0,9.2989,12.1011,0.5761,4572,0.001,,2,"{""population_subjects"": 12, ""folds"": 7}",646e0b9-dirty,2026-09-29T04:24:38+00:00,
A-population-size,p,asis,leave-one-subject-out,4,,,,0,0,9.1285,11.9326,0.5794,4572,0.001,,0,"{""population_subjects"": 14, ""folds"": 7}",646e0b9-dirty,2026-09-29T04:24:40+00:00,
A-population-size,p,asis,leave-one-subject-out,5,,,,0,0,23.6465,29.9653,0.2185,4649,0.001,,0,"{""population_subjects"": 2, ""folds"": 2}",646e0b9-dirty,2026-09-29T04:24:40+00:00,
A-population-size,p,asis,leave-one-subject-out,5,,,,0,0,32.2727,37.4836,0.216,4649,10000.0,,1,"{""population_subjects"": 2, ""folds"": 2}",646e0b9-dirty,2026-09-29T04:24:40+00:00,
A-population-size,p,asis,leave-one-subject-out,5,,,,0,0,26.7366,33.2842,0.1389,4649,1000.0,,2,"{""population_subjects"": 2, ""folds"": 2}",646e0b9-dirty,2026-09-29T04:24:40+00:00,
A-population-size,p,asis,leave-one-subject-out,5,,,,0,0,22.0048,28.5006,0.2689,4649,0.001,,0,"{""population_subjects"": 4, ""folds"": 4}",646e0b9-dirty,2026-09-29T04:24:41+00:00,
A-population-size,p,asis,leave-one-subject-out,5,,,,0,0,26.8364,33.1317,0.1666,4649,0.01,,1,"{""population_subjects"": 4, ""folds"": 4}",646e0b9-dirty,2026-09-29T04:24:41+00:00,
A-population-size,p,asis,leave-one-subject-out,5,,,,0,0,30.7284,37.013,0.0982,4649,0.001,,2,"{""population_subjects"": 4, ""folds"": 4}",646e0b9-dirty,2026-09-29T04:24:41+00:00,
A-population-size,p,asis,leave-one-subject-out,5,,,,0,0,24.3886,30.9106,0.1773,4649,0.001,,0,"{""population_subjects"": 6, ""folds"": 6}",646e0b9-dirty,2026-09-29T04:24:42+00:00,
A-population-size,p,asis,leave-one-subject-out,5,,,,0,0,25.1013,31.6533,0.2117,4649,0.001,,1,"{""population_subjects"": 6, ""folds"": 6}",646e0b9-dirty,2026-09-29T04:24:43+00:00,
A-population-size,p,asis,leave-one-subject-out,5,,,,0,0,18.6563,24.6404,0.3383,4649,0.001,,2,"{""population_subjects"": 6, ""folds"": 6}",646e0b9-dirty,2026-09-29T04:24:43+00:00,
A-population-size,p,asis,leave-one-subject-out,5,,,,0,0,24.4575,30.5186,0.1247,4649,0.001,,0,"{""population_subjects"": 8, ""folds"": 7}",646e0b9-dirty,2026-09-29T04:24:44+00:00,
A-population-size,p,asis,leave-one-subject-out,5,,,,0,0,23.9646,30.2313,0.2504,4649,0.001,,1,"{""population_subjects"": 8, ""folds"": 7}",646e0b9-dirty,2026-09-29T04:24:45+00:00,
A-population-size,p,asis,leave-one-subject-out,5,,,,0,0,22.2724,28.5735,0.2194,4649,0.001,,2,"{""population_subjects"": 8, ""folds"": 7}",646e0b9-dirty,2026-09-29T04:24:46+00:00,
A-population-size,p,asis,leave-one-subject-out,5,,,,0,0,25.3604,31.5568,0.1344,4649,0.001,,0,"{""population_subjects"": 10, ""folds"": 7}",646e0b9-dirty,2026-09-29T04:24:47+00:00,
A-population-size,p,asis,leave-one-subject-out,5,,,,0,0,28.0473,34.4589,0.1542,4649,0.001,,1,"{""population_subjects"": 10, ""folds"": 7}",646e0b9-dirty,2026-09-29T04:24:48+00:00,
A-population-size,p,asis,leave-one-subject-out,5,,,,0,0,25.1307,31.5431,0.2251,4649,0.001,,2,"{""population_subjects"": 10, ""folds"": 7}",646e0b9-dirty,2026-09-29T04:24:49+00:00,
A-population-size,p,asis,leave-one-subject-out,5,,,,0,0,23.6993,30.1325,0.1862,4649,0.001,,0,"{""population_subjects"": 12, ""folds"": 7}",646e0b9-dirty,2026-09-29T04:24:51+00:00,
A-population-size,p,asis,leave-one-subject-out,5,,,,0,0,23.8641,30.2814,0.1685,4649,0.001,,1,"{""population_subjects"": 12, ""folds"": 7}",646e0b9-dirty,2026-09-29T04:24:52+00:00,
A-population-size,p,asis,leave-one-subject-out,5,,,,0,0,25.2504,31.6883,0.2034,4649,0.001,,2,"{""population_subjects"": 12, ""folds"": 7}",646e0b9-dirty,2026-09-29T04:24:54+00:00,
A-population-size,p,asis,leave-one-subject-out,5,,,,0,0,24.46,30.809,0.1907,4649,0.001,,0,"{""population_subjects"": 14, ""folds"": 7}",646e0b9-dirty,2026-09-29T04:24:56+00:00,
A-population-size,p,asis,leave-one-subject-out,6,,,,0,0,23.2007,29.0232,0.5667,2622,1000.0,,0,"{""population_subjects"": 2, ""folds"": 2}",646e0b9-dirty,2026-09-29T04:24:56+00:00,
A-population-size,p,asis,leave-one-subject-out,6,,,,0,0,26.2858,32.2551,0.5044,2622,1000.0,,1,"{""population_subjects"": 2, ""folds"": 2}",646e0b9-dirty,2026-09-29T04:24:56+00:00,
A-population-size,p,asis,leave-one-subject-out,6,,,,0,0,23.9773,29.893,0.5076,2622,100.0,,2,"{""population_subjects"": 2, ""folds"": 2}",646e0b9-dirty,2026-09-29T04:24:56+00:00,
A-population-size,p,asis,leave-one-subject-out,6,,,,0,0,15.0198,20.0908,0.6442,2622,0.001,,0,"{""population_subjects"": 4, ""folds"": 4}",646e0b9-dirty,2026-09-29T04:24:57+00:00,
A-population-size,p,asis,leave-one-subject-out,6,,,,0,0,21.8018,27.9254,0.5389,2622,0.001,,1,"{""population_subjects"": 4, ""folds"": 4}",646e0b9-dirty,2026-09-29T04:24:57+00:00,
A-population-size,p,asis,leave-one-subject-out,6,,,,0,0,16.5803,21.8146,0.6672,2622,0.001,,2,"{""population_subjects"": 4, ""folds"": 4}",646e0b9-dirty,2026-09-29T04:24:57+00:00,
A-population-size,p,asis,leave-one-subject-out,6,,,,0,0,14.8771,19.9602,0.6715,2622,0.001,,0,"{""population_subjects"": 6, ""folds"": 6}",646e0b9-dirty,2026-09-29T04:24:58+00:00,
A-population-size,p,asis,leave-one-subject-out,6,,,,0,0,15.6395,20.1726,0.5984,2622,0.001,,1,"{""population_subjects"": 6, ""folds"": 6}",646e0b9-dirty,2026-09-29T04:24:59+00:00,
A-population-size,p,asis,leave-one-subject-out,6,,,,0,0,15.3897,20.3022,0.6249,2622,0.001,,2,"{""population_subjects"": 6, ""folds"": 6}",646e0b9-dirty,2026-09-29T04:24:59+00:00,
A-population-size,p,asis,leave-one-subject-out,6,,,,0,0,14.6055,19.5108,0.6884,2622,0.001,,0,"{""population_subjects"": 8, ""folds"": 7}",646e0b9-dirty,2026-09-29T04:25:01+00:00,
A-population-size,p,asis,leave-one-subject-out,6,,,,0,0,25.727,32.2723,0.4093,2622,0.001,,1,"{""population_subjects"": 8, ""folds"": 7}",646e0b9-dirty,2026-09-29T04:25:02+00:00,
A-population-size,p,asis,leave-one-subject-out,6,,,,0,0,15.13,20.1423,0.6507,2622,0.001,,2,"{""population_subjects"": 8, ""folds"": 7}",646e0b9-dirty,2026-09-29T04:25:03+00:00,
A-population-size,p,asis,leave-one-subject-out,6,,,,0,0,16.1717,21.458,0.6567,2622,0.001,,0,"{""population_subjects"": 10, ""folds"": 7}",646e0b9-dirty,2026-09-29T04:25:04+00:00,
A-population-size,p,asis,leave-one-subject-out,6,,,,0,0,18.2229,23.7853,0.6094,2622,0.001,,1,"{""population_subjects"": 10, ""folds"": 7}",646e0b9-dirty,2026-09-29T04:25:05+00:00,
A-population-size,p,asis,leave-one-subject-out,6,,,,0,0,15.8898,20.9917,0.6349,2622,0.001,,2,"{""population_subjects"": 10, ""folds"": 7}",646e0b9-dirty,2026-09-29T04:25:06+00:00,
A-population-size,p,asis,leave-one-subject-out,6,,,,0,0,17.906,23.4982,0.6023,2622,0.001,,0,"{""population_subjects"": 12, ""folds"": 7}",646e0b9-dirty,2026-09-29T04:25:07+00:00,
A-population-size,p,asis,leave-one-subject-out,6,,,,0,0,18.1848,23.7942,0.5821,2622,0.001,,1,"{""population_subjects"": 12, ""folds"": 7}",646e0b9-dirty,2026-09-29T04:25:09+00:00,
A-population-size,p,asis,leave-one-subject-out,6,,,,0,0,17.2064,22.5567,0.607,2622,0.001,,2,"{""population_subjects"": 12, ""folds"": 7}",646e0b9-dirty,2026-09-29T04:25:10+00:00,
A-population-size,p,asis,leave-one-subject-out,6,,,,0,0,17.164,22.5919,0.621,2622,0.001,,0,"{""population_subjects"": 14, ""folds"": 7}",646e0b9-dirty,2026-09-29T04:25:12+00:00,
A-population-size,p,asis,leave-one-subject-out,7,,,,0,0,10.2355,16.1762,0.5829,4668,0.001,,0,"{""population_subjects"": 2, ""folds"": 2}",646e0b9-dirty,2026-09-29T04:25:12+00:00,
A-population-size,p,asis,leave-one-subject-out,7,,,,0,0,9.3044,12.1082,0.787,4668,0.001,,1,"{""population_subjects"": 2, ""folds"": 2}",646e0b9-dirty,2026-09-29T04:25:12+00:00,
A-population-size,p,asis,leave-one-subject-out,7,,,,0,0,8.8517,13.6491,0.7204,4668,0.001,,2,"{""population_subjects"": 2, ""folds"": 2}",646e0b9-dirty,2026-09-29T04:25:12+00:00,
A-population-size,p,asis,leave-one-subject-out,7,,,,0,0,6.9262,9.5566,0.8578,4668,0.001,,0,"{""population_subjects"": 4, ""folds"": 4}",646e0b9-dirty,2026-09-29T04:25:13+00:00,
A-population-size,p,asis,leave-one-subject-out,7,,,,0,0,6.6683,9.7893,0.8592,4668,0.01,,1,"{""population_subjects"": 4, ""folds"": 4}",646e0b9-dirty,2026-09-29T04:25:13+00:00,
A-population-size,p,asis,leave-one-subject-out,7,,,,0,0,6.8479,10.0305,0.8501,4668,0.001,,2,"{""population_subjects"": 4, ""folds"": 4}",646e0b9-dirty,2026-09-29T04:25:13+00:00,
A-population-size,p,asis,leave-one-subject-out,7,,,,0,0,6.753,9.6132,0.8621,4668,0.001,,0,"{""population_subjects"": 6, ""folds"": 6}",646e0b9-dirty,2026-09-29T04:25:14+00:00,
A-population-size,p,asis,leave-one-subject-out,7,,,,0,0,7.2382,9.7841,0.8597,4668,0.001,,1,"{""population_subjects"": 6, ""folds"": 6}",646e0b9-dirty,2026-09-29T04:25:15+00:00,
A-population-size,p,asis,leave-one-subject-out,7,,,,0,0,7.0478,9.4707,0.8724,4668,0.001,,2,"{""population_subjects"": 6, ""folds"": 6}",646e0b9-dirty,2026-09-29T04:25:15+00:00,
A-population-size,p,asis,leave-one-subject-out,7,,,,0,0,7.0068,9.5528,0.8697,4668,0.001,,0,"{""population_subjects"": 8, ""folds"": 7}",646e0b9-dirty,2026-09-29T04:25:16+00:00,
A-population-size,p,asis,leave-one-subject-out,7,,,,0,0,8.3256,11.0472,0.8535,4668,0.001,,1,"{""population_subjects"": 8, ""folds"": 7}",646e0b9-dirty,2026-09-29T04:25:17+00:00,
A-population-size,p,asis,leave-one-subject-out,7,,,,0,0,7.2805,9.9325,0.8683,4668,0.001,,2,"{""population_subjects"": 8, ""folds"": 7}",646e0b9-dirty,2026-09-29T04:25:18+00:00,
A-population-size,p,asis,leave-one-subject-out,7,,,,0,0,8.0153,10.6019,0.8592,4668,0.001,,0,"{""population_subjects"": 10, ""folds"": 7}",646e0b9-dirty,2026-09-29T04:25:19+00:00,
A-population-size,p,asis,leave-one-subject-out,7,,,,0,0,6.5859,9.167,0.8727,4668,0.001,,1,"{""population_subjects"": 10, ""folds"": 7}",646e0b9-dirty,2026-09-29T04:25:20+00:00,
A-population-size,p,asis,leave-one-subject-out,7,,,,0,0,6.5287,9.3245,0.8661,4668,0.001,,2,"{""population_subjects"": 10, ""folds"": 7}",646e0b9-dirty,2026-09-29T04:25:21+00:00,
A-population-size,p,asis,leave-one-subject-out,7,,,,0,0,7.3928,10.0469,0.868,4668,0.001,,0,"{""population_subjects"": 12, ""folds"": 7}",646e0b9-dirty,2026-09-29T04:25:23+00:00,
A-population-size,p,asis,leave-one-subject-out,7,,,,0,0,7.3883,10.0037,0.8642,4668,0.001,,1,"{""population_subjects"": 12, ""folds"": 7}",646e0b9-dirty,2026-09-29T04:25:24+00:00,
A-population-size,p,asis,leave-one-subject-out,7,,,,0,0,7.3883,10.0037,0.8642,4668,0.001,,2,"{""population_subjects"": 12, ""folds"": 7}",646e0b9-dirty,2026-09-29T04:25:25+00:00,
A-population-size,p,asis,leave-one-subject-out,7,,,,0,0,7.1375,9.7268,0.8674,4668,0.001,,0,"{""population_subjects"": 14, ""folds"": 7}",646e0b9-dirty,2026-09-29T04:25:27+00:00,
A-population-size,p,asis,leave-one-subject-out,8,,,,0,0,36.6768,39.8733,0.4125,4037,1000.0,,0,"{""population_subjects"": 2, ""folds"": 2}",646e0b9-dirty,2026-09-29T04:25:27+00:00,
A-population-size,p,asis,leave-one-subject-out,8,,,,0,0,9.8294,13.0748,0.5396,4037,0.001,,1,"{""population_subjects"": 2, ""folds"": 2}",646e0b9-dirty,2026-09-29T04:25:27+00:00,
A-population-size,p,asis,leave-one-subject-out,8,,,,0,0,11.8625,15.0319,0.5697,4037,0.001,,2,"{""population_subjects"": 2, ""folds"": 2}",646e0b9-dirty,2026-09-29T04:25:28+00:00,
A-population-size,p,asis,leave-one-subject-out,8,,,,0,0,10.5085,13.3881,0.5872,4037,0.01,,0,"{""population_subjects"": 4, ""folds"": 4}",646e0b9-dirty,2026-09-29T04:25:28+00:00,
A-population-size,p,asis,leave-one-subject-out,8,,,,0,0,10.0901,12.9636,0.57,4037,0.001,,1,"{""population_subjects"": 4, ""folds"": 4}",646e0b9-dirty,2026-09-29T04:25:28+00:00,
A-population-size,p,asis,leave-one-subject-out,8,,,,0,0,15.6538,19.047,0.5618,4037,0.001,,2,"{""population_subjects"": 4, ""folds"": 4}",646e0b9-dirty,2026-09-29T04:25:29+00:00,
A-population-size,p,asis,leave-one-subject-out,8,,,,0,0,15.3343,19.0247,0.5506,4037,0.001,,0,"{""population_subjects"": 6, ""folds"": 6}",646e0b9-dirty,2026-09-29T04:25:29+00:00,
A-population-size,p,asis,leave-one-subject-out,8,,,,0,0,9.3538,12.0088,0.5884,4037,0.001,,1,"{""population_subjects"": 6, ""folds"": 6}",646e0b9-dirty,2026-09-29T04:25:30+00:00,
A-population-size,p,asis,leave-one-subject-out,8,,,,0,0,13.3651,16.57,0.5769,4037,0.001,,2,"{""population_subjects"": 6, ""folds"": 6}",646e0b9-dirty,2026-09-29T04:25:31+00:00,
A-population-size,p,asis,leave-one-subject-out,8,,,,0,0,14.1591,17.3582,0.5594,4037,0.001,,0,"{""population_subjects"": 8, ""folds"": 7}",646e0b9-dirty,2026-09-29T04:25:32+00:00,
A-population-size,p,asis,leave-one-subject-out,8,,,,0,0,14.8689,18.4795,0.5504,4037,0.001,,1,"{""population_subjects"": 8, ""folds"": 7}",646e0b9-dirty,2026-09-29T04:25:33+00:00,
A-population-size,p,asis,leave-one-subject-out,8,,,,0,0,11.0051,14.0474,0.5872,4037,0.001,,2,"{""population_subjects"": 8, ""folds"": 7}",646e0b9-dirty,2026-09-29T04:25:34+00:00,
A-population-size,p,asis,leave-one-subject-out,8,,,,0,0,10.995,13.9439,0.5924,4037,0.001,,0,"{""population_subjects"": 10, ""folds"": 7}",646e0b9-dirty,2026-09-29T04:25:35+00:00,
A-population-size,p,asis,leave-one-subject-out,8,,,,0,0,12.6277,16.2564,0.5653,4037,0.001,,1,"{""population_subjects"": 10, ""folds"": 7}",646e0b9-dirty,2026-09-29T04:25:36+00:00,
A-population-size,p,asis,leave-one-subject-out,8,,,,0,0,12.6231,16.316,0.5713,4037,0.001,,2,"{""population_subjects"": 10, ""folds"": 7}",646e0b9-dirty,2026-09-29T04:25:37+00:00,
A-population-size,p,asis,leave-one-subject-out,8,,,,0,0,12.7472,16.3017,0.5713,4037,0.001,,0,"{""population_subjects"": 12, ""folds"": 7}",646e0b9-dirty,2026-09-29T04:25:38+00:00,
A-population-size,p,asis,leave-one-subject-out,8,,,,0,0,12.6238,16.0833,0.5746,4037,0.001,,1,"{""population_subjects"": 12, ""folds"": 7}",646e0b9-dirty,2026-09-29T04:25:40+00:00,
A-population-size,p,asis,leave-one-subject-out,8,,,,0,0,13.1279,16.7001,0.5677,4037,0.001,,2,"{""population_subjects"": 12, ""folds"": 7}",646e0b9-dirty,2026-09-29T04:25:41+00:00,
A-population-size,p,asis,leave-one-subject-out,8,,,,0,0,12.4511,15.8903,0.5771,4037,0.001,,0,"{""population_subjects"": 14, ""folds"": 7}",646e0b9-dirty,2026-09-29T04:25:43+00:00,
A-population-size,p,asis,leave-one-subject-out,9,,,,0,0,22.7547,26.9823,0.4034,4277,0.001,,0,"{""population_subjects"": 2, ""folds"": 2}",646e0b9-dirty,2026-09-29T04:25:43+00:00,
A-population-size,p,asis,leave-one-subject-out,9,,,,0,0,13.0692,18.7991,0.4992,4277,10000.0,,1,"{""population_subjects"": 2, ""folds"": 2}",646e0b9-dirty,2026-09-29T04:25:43+00:00,
A-population-size,p,asis,leave-one-subject-out,9,,,,0,0,15.4379,19.327,0.4416,4277,0.001,,2,"{""population_subjects"": 2, ""folds"": 2}",646e0b9-dirty,2026-09-29T04:25:43+00:00,
A-population-size,p,asis,leave-one-subject-out,9,,,,0,0,17.6872,21.959,0.5055,4277,0.001,,0,"{""population_subjects"": 4, ""folds"": 4}",646e0b9-dirty,2026-09-29T04:25:43+00:00,
A-population-size,p,asis,leave-one-subject-out,9,,,,0,0,21.0157,24.9933,0.4565,4277,0.001,,1,"{""population_subjects"": 4, ""folds"": 4}",646e0b9-dirty,2026-09-29T04:25:44+00:00,
A-population-size,p,asis,leave-one-subject-out,9,,,,0,0,12.4486,16.6781,0.5536,4277,0.001,,2,"{""population_subjects"": 4, ""folds"": 4}",646e0b9-dirty,2026-09-29T04:25:44+00:00,
A-population-size,p,asis,leave-one-subject-out,9,,,,0,0,12.7533,16.822,0.541,4277,0.001,,0,"{""population_subjects"": 6, ""folds"": 6}",646e0b9-dirty,2026-09-29T04:25:45+00:00,
A-population-size,p,asis,leave-one-subject-out,9,,,,0,0,15.696,19.8401,0.4868,4277,0.001,,1,"{""population_subjects"": 6, ""folds"": 6}",646e0b9-dirty,2026-09-29T04:25:46+00:00,
A-population-size,p,asis,leave-one-subject-out,9,,,,0,0,13.774,18.2197,0.4807,4277,0.001,,2,"{""population_subjects"": 6, ""folds"": 6}",646e0b9-dirty,2026-09-29T04:25:46+00:00,
A-population-size,p,asis,leave-one-subject-out,9,,,,0,0,12.6557,16.8031,0.5407,4277,0.001,,0,"{""population_subjects"": 8, ""folds"": 7}",646e0b9-dirty,2026-09-29T04:25:47+00:00,
A-population-size,p,asis,leave-one-subject-out,9,,,,0,0,15.1729,18.9792,0.5111,4277,0.001,,1,"{""population_subjects"": 8, ""folds"": 7}",646e0b9-dirty,2026-09-29T04:25:48+00:00,
A-population-size,p,asis,leave-one-subject-out,9,,,,0,0,16.5258,20.5798,0.4838,4277,0.001,,2,"{""population_subjects"": 8, ""folds"": 7}",646e0b9-dirty,2026-09-29T04:25:49+00:00,
A-population-size,p,asis,leave-one-subject-out,9,,,,0,0,13.0495,17.1615,0.527,4277,0.001,,0,"{""population_subjects"": 10, ""folds"": 7}",646e0b9-dirty,2026-09-29T04:25:50+00:00,
A-population-size,p,asis,leave-one-subject-out,9,,,,0,0,12.7131,16.8514,0.5385,4277,0.001,,1,"{""population_subjects"": 10, ""folds"": 7}",646e0b9-dirty,2026-09-29T04:25:51+00:00,
A-population-size,p,asis,leave-one-subject-out,9,,,,0,0,13.7434,17.6695,0.5209,4277,0.001,,2,"{""population_subjects"": 10, ""folds"": 7}",646e0b9-dirty,2026-09-29T04:25:53+00:00,
A-population-size,p,asis,leave-one-subject-out,9,,,,0,0,13.8145,17.8642,0.5153,4277,0.001,,0,"{""population_subjects"": 12, ""folds"": 7}",646e0b9-dirty,2026-09-29T04:25:54+00:00,
A-population-size,p,asis,leave-one-subject-out,9,,,,0,0,13.6759,17.6406,0.5231,4277,0.001,,1,"{""population_subjects"": 12, ""folds"": 7}",646e0b9-dirty,2026-09-29T04:25:56+00:00,
A-population-size,p,asis,leave-one-subject-out,9,,,,0,0,12.5528,16.7423,0.545,4277,0.001,,2,"{""population_subjects"": 12, ""folds"": 7}",646e0b9-dirty,2026-09-29T04:25:57+00:00,
A-population-size,p,asis,leave-one-subject-out,9,,,,0,0,13.7248,17.7337,0.5202,4277,0.001,,0,"{""population_subjects"": 14, ""folds"": 7}",646e0b9-dirty,2026-09-29T04:25:58+00:00,
A-population-size,p,asis,leave-one-subject-out,10,,,,0,0,10.1547,15.1276,0.3724,5321,0.01,,0,"{""population_subjects"": 2, ""folds"": 2}",646e0b9-dirty,2026-09-29T04:25:59+00:00,
A-population-size,p,asis,leave-one-subject-out,10,,,,0,0,10.5923,15.9247,0.3202,5321,10000.0,,1,"{""population_subjects"": 2, ""folds"": 2}",646e0b9-dirty,2026-09-29T04:25:59+00:00,
A-population-size,p,asis,leave-one-subject-out,10,,,,0,0,9.6543,15.0935,0.3459,5321,1000.0,,2,"{""population_subjects"": 2, ""folds"": 2}",646e0b9-dirty,2026-09-29T04:25:59+00:00,
A-population-size,p,asis,leave-one-subject-out,10,,,,0,0,8.8281,13.0451,0.5856,5321,0.001,,0,"{""population_subjects"": 4, ""folds"": 4}",646e0b9-dirty,2026-09-29T04:25:59+00:00,
A-population-size,p,asis,leave-one-subject-out,10,,,,0,0,9.2631,14.0507,0.5099,5321,0.001,,1,"{""population_subjects"": 4, ""folds"": 4}",646e0b9-dirty,2026-09-29T04:26:00+00:00,
A-population-size,p,asis,leave-one-subject-out,10,,,,0,0,9.8578,13.4746,0.5795,5321,0.001,,2,"{""population_subjects"": 4, ""folds"": 4}",646e0b9-dirty,2026-09-29T04:26:00+00:00,
A-population-size,p,asis,leave-one-subject-out,10,,,,0,0,9.5433,13.2921,0.5895,5321,0.001,,0,"{""population_subjects"": 6, ""folds"": 6}",646e0b9-dirty,2026-09-29T04:26:01+00:00,
A-population-size,p,asis,leave-one-subject-out,10,,,,0,0,10.7217,14.233,0.5891,5321,0.001,,1,"{""population_subjects"": 6, ""folds"": 6}",646e0b9-dirty,2026-09-29T04:26:01+00:00,
A-population-size,p,asis,leave-one-subject-out,10,,,,0,0,9.2753,13.5034,0.5535,5321,0.001,,2,"{""population_subjects"": 6, ""folds"": 6}",646e0b9-dirty,2026-09-29T04:26:02+00:00,
A-population-size,p,asis,leave-one-subject-out,10,,,,0,0,9.6328,13.3346,0.5706,5321,0.001,,0,"{""population_subjects"": 8, ""folds"": 7}",646e0b9-dirty,2026-09-29T04:26:03+00:00,
A-population-size,p,asis,leave-one-subject-out,10,,,,0,0,10.7451,14.3318,0.5642,5321,0.001,,1,"{""population_subjects"": 8, ""folds"": 7}",646e0b9-dirty,2026-09-29T04:26:04+00:00,
A-population-size,p,asis,leave-one-subject-out,10,,,,0,0,10.8149,14.7079,0.513,5321,0.001,,2,"{""population_subjects"": 8, ""folds"": 7}",646e0b9-dirty,2026-09-29T04:26:05+00:00,
A-population-size,p,asis,leave-one-subject-out,10,,,,0,0,9.2926,13.3727,0.5558,5321,0.001,,0,"{""population_subjects"": 10, ""folds"": 7}",646e0b9-dirty,2026-09-29T04:26:06+00:00,
A-population-size,p,asis,leave-one-subject-out,10,,,,0,0,10.2431,14.1503,0.5637,5321,0.001,,1,"{""population_subjects"": 10, ""folds"": 7}",646e0b9-dirty,2026-09-29T04:26:07+00:00,
A-population-size,p,asis,leave-one-subject-out,10,,,,0,0,10.3847,14.2347,0.5413,5321,0.001,,2,"{""population_subjects"": 10, ""folds"": 7}",646e0b9-dirty,2026-09-29T04:26:08+00:00,
A-population-size,p,asis,leave-one-subject-out,10,,,,0,0,9.8729,13.7453,0.5645,5321,0.001,,0,"{""population_subjects"": 12, ""folds"": 7}",646e0b9-dirty,2026-09-29T04:26:09+00:00,
A-population-size,p,asis,leave-one-subject-out,10,,,,0,0,9.599,13.4803,0.5806,5321,0.001,,1,"{""population_subjects"": 12, ""folds"": 7}",646e0b9-dirty,2026-09-29T04:26:10+00:00,
A-population-size,p,asis,leave-one-subject-out,10,,,,0,0,9.5481,13.5179,0.5785,5321,0.001,,2,"{""population_subjects"": 12, ""folds"": 7}",646e0b9-dirty,2026-09-29T04:26:12+00:00,
A-population-size,p,asis,leave-one-subject-out,10,,,,0,0,9.5986,13.577,0.5727,5321,0.001,,0,"{""population_subjects"": 14, ""folds"": 7}",646e0b9-dirty,2026-09-29T04:26:13+00:00,
A-population-size,p,asis,leave-one-subject-out,11,,,,0,0,17.7971,24.0517,0.6912,4521,0.001,,0,"{""population_subjects"": 2, ""folds"": 2}",646e0b9-dirty,2026-09-29T04:26:13+00:00,
A-population-size,p,asis,leave-one-subject-out,11,,,,0,0,13.2146,18.4518,0.7455,4521,0.001,,1,"{""population_subjects"": 2, ""folds"": 2}",646e0b9-dirty,2026-09-29T04:26:14+00:00,
A-population-size,p,asis,leave-one-subject-out,11,,,,0,0,13.2146,18.4518,0.7455,4521,0.001,,2,"{""population_subjects"": 2, ""folds"": 2}",646e0b9-dirty,2026-09-29T04:26:14+00:00,
A-population-size,p,asis,leave-one-subject-out,11,,,,0,0,16.2511,22.3703,0.6934,4521,0.001,,0,"{""population_subjects"": 4, ""folds"": 4}",646e0b9-dirty,2026-09-29T04:26:14+00:00,
A-population-size,p,asis,leave-one-subject-out,11,,,,0,0,12.8795,17.1404,0.7716,4521,0.001,,1,"{""population_subjects"": 4, ""folds"": 4}",646e0b9-dirty,2026-09-29T04:26:14+00:00,
A-population-size,p,asis,leave-one-subject-out,11,,,,0,0,14.2971,19.2012,0.7382,4521,0.001,,2,"{""population_subjects"": 4, ""folds"": 4}",646e0b9-dirty,2026-09-29T04:26:15+00:00,
A-population-size,p,asis,leave-one-subject-out,11,,,,0,0,14.8496,19.8222,0.732,4521,0.001,,0,"{""population_subjects"": 6, ""folds"": 6}",646e0b9-dirty,2026-09-29T04:26:15+00:00,
A-population-size,p,asis,leave-one-subject-out,11,,,,0,0,12.5794,17.4228,0.7553,4521,0.001,,1,"{""population_subjects"": 6, ""folds"": 6}",646e0b9-dirty,2026-09-29T04:26:16+00:00,
A-population-size,p,asis,leave-one-subject-out,11,,,,0,0,12.1503,16.8132,0.7658,4521,0.001,,2,"{""population_subjects"": 6, ""folds"": 6}",646e0b9-dirty,2026-09-29T04:26:17+00:00,
A-population-size,p,asis,leave-one-subject-out,11,,,,0,0,13.0755,18.2023,0.7517,4521,0.001,,0,"{""population_subjects"": 8, ""folds"": 7}",646e0b9-dirty,2026-09-29T04:26:18+00:00,
A-population-size,p,asis,leave-one-subject-out,11,,,,0,0,12.7101,17.7003,0.7627,4521,0.001,,1,"{""population_subjects"": 8, ""folds"": 7}",646e0b9-dirty,2026-09-29T04:26:19+00:00,
A-population-size,p,asis,leave-one-subject-out,11,,,,0,0,14.9886,20.9509,0.7338,4521,0.001,,2,"{""population_subjects"": 8, ""folds"": 7}",646e0b9-dirty,2026-09-29T04:26:20+00:00,
A-population-size,p,asis,leave-one-subject-out,11,,,,0,0,13.7255,18.9449,0.7369,4521,0.001,,0,"{""population_subjects"": 10, ""folds"": 7}",646e0b9-dirty,2026-09-29T04:26:21+00:00,
A-population-size,p,asis,leave-one-subject-out,11,,,,0,0,12.7701,17.6424,0.7566,4521,0.001,,1,"{""population_subjects"": 10, ""folds"": 7}",646e0b9-dirty,2026-09-29T04:26:22+00:00,
A-population-size,p,asis,leave-one-subject-out,11,,,,0,0,12.7921,17.9483,0.7525,4521,0.001,,2,"{""population_subjects"": 10, ""folds"": 7}",646e0b9-dirty,2026-09-29T04:26:23+00:00,
A-population-size,p,asis,leave-one-subject-out,11,,,,0,0,12.7114,17.6233,0.7637,4521,0.001,,0,"{""population_subjects"": 12, ""folds"": 7}",646e0b9-dirty,2026-09-29T04:26:24+00:00,
A-population-size,p,asis,leave-one-subject-out,11,,,,0,0,12.805,17.7074,0.7642,4521,0.001,,1,"{""population_subjects"": 12, ""folds"": 7}",646e0b9-dirty,2026-09-29T04:26:26+00:00,
A-population-size,p,asis,leave-one-subject-out,11,,,,0,0,12.8526,17.857,0.7571,4521,0.001,,2,"{""population_subjects"": 12, ""folds"": 7}",646e0b9-dirty,2026-09-29T04:26:27+00:00,
A-population-size,p,asis,leave-one-subject-out,11,,,,0,0,12.9927,18.0855,0.7546,4521,0.001,,0,"{""population_subjects"": 14, ""folds"": 7}",646e0b9-dirty,2026-09-29T04:26:28+00:00,
A-population-size,p,asis,leave-one-subject-out,12,,,,0,0,9.1146,11.8387,0.7009,3954,0.001,,0,"{""population_subjects"": 2, ""folds"": 2}",646e0b9-dirty,2026-09-29T04:26:29+00:00,
A-population-size,p,asis,leave-one-subject-out,12,,,,0,0,12.5394,15.1489,0.6817,3954,0.001,,1,"{""population_subjects"": 2, ""folds"": 2}",646e0b9-dirty,2026-09-29T04:26:29+00:00,
A-population-size,p,asis,leave-one-subject-out,12,,,,0,0,9.2816,12.0952,0.6421,3954,1000.0,,2,"{""population_subjects"": 2, ""folds"": 2}",646e0b9-dirty,2026-09-29T04:26:29+00:00,
A-population-size,p,asis,leave-one-subject-out,12,,,,0,0,11.4858,14.0721,0.7096,3954,0.001,,0,"{""population_subjects"": 4, ""folds"": 4}",646e0b9-dirty,2026-09-29T04:26:29+00:00,
A-population-size,p,asis,leave-one-subject-out,12,,,,0,0,15.6436,18.594,0.6962,3954,0.001,,1,"{""population_subjects"": 4, ""folds"": 4}",646e0b9-dirty,2026-09-29T04:26:30+00:00,
A-population-size,p,asis,leave-one-subject-out,12,,,,0,0,16.5455,20.3456,0.6627,3954,0.001,,2,"{""population_subjects"": 4, ""folds"": 4}",646e0b9-dirty,2026-09-29T04:26:30+00:00,
A-population-size,p,asis,leave-one-subject-out,12,,,,0,0,12.4535,15.6205,0.7093,3954,0.001,,0,"{""population_subjects"": 6, ""folds"": 6}",646e0b9-dirty,2026-09-29T04:26:31+00:00,
A-population-size,p,asis,leave-one-subject-out,12,,,,0,0,14.6011,17.5355,0.6474,3954,0.001,,1,"{""population_subjects"": 6, ""folds"": 6}",646e0b9-dirty,2026-09-29T04:26:32+00:00,
A-population-size,p,asis,leave-one-subject-out,12,,,,0,0,11.1757,13.7218,0.7176,3954,0.001,,2,"{""population_subjects"": 6, ""folds"": 6}",646e0b9-dirty,2026-09-29T04:26:32+00:00,
A-population-size,p,asis,leave-one-subject-out,12,,,,0,0,12.7913,15.7304,0.7072,3954,0.001,,0,"{""population_subjects"": 8, ""folds"": 7}",646e0b9-dirty,2026-09-29T04:26:33+00:00,
A-population-size,p,asis,leave-one-subject-out,12,,,,0,0,9.5113,12.1022,0.7256,3954,0.001,,1,"{""population_subjects"": 8, ""folds"": 7}",646e0b9-dirty,2026-09-29T04:26:34+00:00,
A-population-size,p,asis,leave-one-subject-out,12,,,,0,0,12.738,15.8381,0.7098,3954,0.001,,2,"{""population_subjects"": 8, ""folds"": 7}",646e0b9-dirty,2026-09-29T04:26:35+00:00,
A-population-size,p,asis,leave-one-subject-out,12,,,,0,0,12.2947,15.0625,0.7086,3954,0.001,,0,"{""population_subjects"": 10, ""folds"": 7}",646e0b9-dirty,2026-09-29T04:26:36+00:00,
A-population-size,p,asis,leave-one-subject-out,12,,,,0,0,11.5245,14.1577,0.7155,3954,0.001,,1,"{""population_subjects"": 10, ""folds"": 7}",646e0b9-dirty,2026-09-29T04:26:37+00:00,
A-population-size,p,asis,leave-one-subject-out,12,,,,0,0,13.2874,16.2509,0.707,3954,0.001,,2,"{""population_subjects"": 10, ""folds"": 7}",646e0b9-dirty,2026-09-29T04:26:39+00:00,
A-population-size,p,asis,leave-one-subject-out,12,,,,0,0,12.2465,15.0246,0.7103,3954,0.001,,0,"{""population_subjects"": 12, ""folds"": 7}",646e0b9-dirty,2026-09-29T04:26:40+00:00,
A-population-size,p,asis,leave-one-subject-out,12,,,,0,0,12.9685,15.8397,0.7074,3954,0.001,,1,"{""population_subjects"": 12, ""folds"": 7}",646e0b9-dirty,2026-09-29T04:26:41+00:00,
A-population-size,p,asis,leave-one-subject-out,12,,,,0,0,10.8861,13.4361,0.7273,3954,0.001,,2,"{""population_subjects"": 12, ""folds"": 7}",646e0b9-dirty,2026-09-29T04:26:43+00:00,
A-population-size,p,asis,leave-one-subject-out,12,,,,0,0,12.8445,15.6662,0.7118,3954,0.001,,0,"{""population_subjects"": 14, ""folds"": 7}",646e0b9-dirty,2026-09-29T04:26:44+00:00,
A-population-size,p,asis,leave-one-subject-out,13,,,,0,0,8.3659,12.279,0.8402,4565,1.0,,0,"{""population_subjects"": 2, ""folds"": 2}",646e0b9-dirty,2026-09-29T04:26:44+00:00,
A-population-size,p,asis,leave-one-subject-out,13,,,,0,0,9.2381,14.2738,0.8083,4565,0.001,,1,"{""population_subjects"": 2, ""folds"": 2}",646e0b9-dirty,2026-09-29T04:26:44+00:00,
A-population-size,p,asis,leave-one-subject-out,13,,,,0,0,9.5042,13.421,0.8082,4565,0.001,,2,"{""population_subjects"": 2, ""folds"": 2}",646e0b9-dirty,2026-09-29T04:26:45+00:00,
A-population-size,p,asis,leave-one-subject-out,13,,,,0,0,8.3015,11.3208,0.8584,4565,0.001,,0,"{""population_subjects"": 4, ""folds"": 4}",646e0b9-dirty,2026-09-29T04:26:45+00:00,
A-population-size,p,asis,leave-one-subject-out,13,,,,0,0,8.9185,13.207,0.8279,4565,0.001,,1,"{""population_subjects"": 4, ""folds"": 4}",646e0b9-dirty,2026-09-29T04:26:46+00:00,
A-population-size,p,asis,leave-one-subject-out,13,,,,0,0,9.0798,12.3499,0.8345,4565,0.001,,2,"{""population_subjects"": 4, ""folds"": 4}",646e0b9-dirty,2026-09-29T04:26:46+00:00,
A-population-size,p,asis,leave-one-subject-out,13,,,,0,0,8.1319,11.5462,0.8571,4565,0.001,,0,"{""population_subjects"": 6, ""folds"": 6}",646e0b9-dirty,2026-09-29T04:26:47+00:00,
A-population-size,p,asis,leave-one-subject-out,13,,,,0,0,8.2167,11.7964,0.8511,4565,0.001,,1,"{""population_subjects"": 6, ""folds"": 6}",646e0b9-dirty,2026-09-29T04:26:47+00:00,
A-population-size,p,asis,leave-one-subject-out,13,,,,0,0,8.8516,11.7064,0.8581,4565,0.001,,2,"{""population_subjects"": 6, ""folds"": 6}",646e0b9-dirty,2026-09-29T04:26:48+00:00,
A-population-size,p,asis,leave-one-subject-out,13,,,,0,0,7.857,11.9865,0.8602,4565,0.001,,0,"{""population_subjects"": 8, ""folds"": 7}",646e0b9-dirty,2026-09-29T04:26:49+00:00,
A-population-size,p,asis,leave-one-subject-out,13,,,,0,0,7.9062,11.463,0.8606,4565,0.001,,1,"{""population_subjects"": 8, ""folds"": 7}",646e0b9-dirty,2026-09-29T04:26:50+00:00,
A-population-size,p,asis,leave-one-subject-out,13,,,,0,0,8.3037,11.126,0.8659,4565,0.001,,2,"{""population_subjects"": 8, ""folds"": 7}",646e0b9-dirty,2026-09-29T04:26:51+00:00,
A-population-size,p,asis,leave-one-subject-out,13,,,,0,0,8.1696,11.0302,0.8681,4565,0.001,,0,"{""population_subjects"": 10, ""folds"": 7}",646e0b9-dirty,2026-09-29T04:26:52+00:00,
A-population-size,p,asis,leave-one-subject-out,13,,,,0,0,8.1899,11.0787,0.8674,4565,0.001,,1,"{""population_subjects"": 10, ""folds"": 7}",646e0b9-dirty,2026-09-29T04:26:53+00:00,
A-population-size,p,asis,leave-one-subject-out,13,,,,0,0,8.0701,11.0073,0.8693,4565,0.001,,2,"{""population_subjects"": 10, ""folds"": 7}",646e0b9-dirty,2026-09-29T04:26:55+00:00,
A-population-size,p,asis,leave-one-subject-out,13,,,,0,0,8.1013,11.0,0.8688,4565,0.001,,0,"{""population_subjects"": 12, ""folds"": 7}",646e0b9-dirty,2026-09-29T04:26:56+00:00,
A-population-size,p,asis,leave-one-subject-out,13,,,,0,0,8.0875,10.9784,0.8694,4565,0.001,,1,"{""population_subjects"": 12, ""folds"": 7}",646e0b9-dirty,2026-09-29T04:26:57+00:00,
A-population-size,p,asis,leave-one-subject-out,13,,,,0,0,7.9808,10.9758,0.87,4565,0.001,,2,"{""population_subjects"": 12, ""folds"": 7}",646e0b9-dirty,2026-09-29T04:26:59+00:00,
A-population-size,p,asis,leave-one-subject-out,13,,,,0,0,7.8565,10.835,0.8717,4565,0.001,,0,"{""population_subjects"": 14, ""folds"": 7}",646e0b9-dirty,2026-09-29T04:27:00+00:00,
A-population-size,p,asis,leave-one-subject-out,14,,,,0,0,10.9436,15.8981,0.7526,4476,0.001,,0,"{""population_subjects"": 2, ""folds"": 2}",646e0b9-dirty,2026-09-29T04:27:01+00:00,
A-population-size,p,asis,leave-one-subject-out,14,,,,0,0,9.1623,12.1925,0.8173,4476,0.001,,1,"{""population_subjects"": 2, ""folds"": 2}",646e0b9-dirty,2026-09-29T04:27:01+00:00,
A-population-size,p,asis,leave-one-subject-out,14,,,,0,0,10.1895,14.9761,0.7483,4476,0.001,,2,"{""population_subjects"": 2, ""folds"": 2}",646e0b9-dirty,2026-09-29T04:27:01+00:00,
A-population-size,p,asis,leave-one-subject-out,14,,,,0,0,8.644,11.3978,0.8123,4476,0.001,,0,"{""population_subjects"": 4, ""folds"": 4}",646e0b9-dirty,2026-09-29T04:27:01+00:00,
A-population-size,p,asis,leave-one-subject-out,14,,,,0,0,8.8868,13.2967,0.7976,4476,0.001,,1,"{""population_subjects"": 4, ""folds"": 4}",646e0b9-dirty,2026-09-29T04:27:02+00:00,
A-population-size,p,asis,leave-one-subject-out,14,,,,0,0,10.3801,13.4888,0.7946,4476,0.001,,2,"{""population_subjects"": 4, ""folds"": 4}",646e0b9-dirty,2026-09-29T04:27:02+00:00,
A-population-size,p,asis,leave-one-subject-out,14,,,,0,0,8.2338,11.0621,0.8268,4476,0.001,,0,"{""population_subjects"": 6, ""folds"": 6}",646e0b9-dirty,2026-09-29T04:27:03+00:00,
A-population-size,p,asis,leave-one-subject-out,14,,,,0,0,8.3957,12.3546,0.8199,4476,0.001,,1,"{""population_subjects"": 6, ""folds"": 6}",646e0b9-dirty,2026-09-29T04:27:04+00:00,
A-population-size,p,asis,leave-one-subject-out,14,,,,0,0,8.9324,11.7981,0.8198,4476,0.001,,2,"{""population_subjects"": 6, ""folds"": 6}",646e0b9-dirty,2026-09-29T04:27:04+00:00,
A-population-size,p,asis,leave-one-subject-out,14,,,,0,0,8.0422,10.7928,0.835,4476,0.001,,0,"{""population_subjects"": 8, ""folds"": 7}",646e0b9-dirty,2026-09-29T04:27:05+00:00,
A-population-size,p,asis,leave-one-subject-out,14,,,,0,0,7.6833,10.5393,0.8385,4476,0.001,,1,"{""population_subjects"": 8, ""folds"": 7}",646e0b9-dirty,2026-09-29T04:27:06+00:00,
A-population-size,p,asis,leave-one-subject-out,14,,,,0,0,7.6986,10.5161,0.8348,4476,0.001,,2,"{""population_subjects"": 8, ""folds"": 7}",646e0b9-dirty,2026-09-29T04:27:07+00:00,
A-population-size,p,asis,leave-one-subject-out,14,,,,0,0,7.4992,10.3107,0.8432,4476,0.001,,0,"{""population_subjects"": 10, ""folds"": 7}",646e0b9-dirty,2026-09-29T04:27:09+00:00,
A-population-size,p,asis,leave-one-subject-out,14,,,,0,0,7.7003,10.4607,0.8387,4476,0.001,,1,"{""population_subjects"": 10, ""folds"": 7}",646e0b9-dirty,2026-09-29T04:27:10+00:00,
A-population-size,p,asis,leave-one-subject-out,14,,,,0,0,7.3647,10.1294,0.8445,4476,0.001,,2,"{""population_subjects"": 10, ""folds"": 7}",646e0b9-dirty,2026-09-29T04:27:11+00:00,
A-population-size,p,asis,leave-one-subject-out,14,,,,0,0,7.7247,10.4795,0.8435,4476,0.001,,0,"{""population_subjects"": 12, ""folds"": 7}",646e0b9-dirty,2026-09-29T04:27:12+00:00,
A-population-size,p,asis,leave-one-subject-out,14,,,,0,0,7.5996,10.3027,0.8463,4476,0.001,,1,"{""population_subjects"": 12, ""folds"": 7}",646e0b9-dirty,2026-09-29T04:27:14+00:00,
A-population-size,p,asis,leave-one-subject-out,14,,,,0,0,7.6453,10.3872,0.8424,4476,0.001,,2,"{""population_subjects"": 12, ""folds"": 7}",646e0b9-dirty,2026-09-29T04:27:15+00:00,
A-population-size,p,asis,leave-one-subject-out,14,,,,0,0,7.4734,10.2157,0.8449,4476,0.001,,0,"{""population_subjects"": 14, ""folds"": 7}",646e0b9-dirty,2026-09-29T04:27:17+00:00,
A-population-size,p,asis,leave-one-subject-out,15,,,,0,0,10.54,13.7201,0.6917,3966,0.001,,0,"{""population_subjects"": 2, ""folds"": 2}",646e0b9-dirty,2026-09-29T04:27:17+00:00,
A-population-size,p,asis,leave-one-subject-out,15,,,,0,0,12.931,16.3835,0.5177,3966,10000.0,,1,"{""population_subjects"": 2, ""folds"": 2}",646e0b9-dirty,2026-09-29T04:27:17+00:00,
A-population-size,p,asis,leave-one-subject-out,15,,,,0,0,9.2805,13.4196,0.6916,3966,0.001,,2,"{""population_subjects"": 2, ""folds"": 2}",646e0b9-dirty,2026-09-29T04:27:18+00:00,
A-population-size,p,asis,leave-one-subject-out,15,,,,0,0,10.1788,13.2255,0.7069,3966,0.001,,0,"{""population_subjects"": 4, ""folds"": 4}",646e0b9-dirty,2026-09-29T04:27:18+00:00,
A-population-size,p,asis,leave-one-subject-out,15,,,,0,0,9.1158,12.4656,0.7293,3966,0.01,,1,"{""population_subjects"": 4, ""folds"": 4}",646e0b9-dirty,2026-09-29T04:27:18+00:00,
A-population-size,p,asis,leave-one-subject-out,15,,,,0,0,10.4725,13.6759,0.708,3966,0.001,,2,"{""population_subjects"": 4, ""folds"": 4}",646e0b9-dirty,2026-09-29T04:27:19+00:00,
A-population-size,p,asis,leave-one-subject-out,15,,,,0,0,10.2399,13.5379,0.7228,3966,0.001,,0,"{""population_subjects"": 6, ""folds"": 6}",646e0b9-dirty,2026-09-29T04:27:20+00:00,
A-population-size,p,asis,leave-one-subject-out,15,,,,0,0,9.2414,12.7661,0.7215,3966,0.001,,1,"{""population_subjects"": 6, ""folds"": 6}",646e0b9-dirty,2026-09-29T04:27:20+00:00,
A-population-size,p,asis,leave-one-subject-out,15,,,,0,0,8.7108,12.318,0.7279,3966,0.001,,2,"{""population_subjects"": 6, ""folds"": 6}",646e0b9-dirty,2026-09-29T04:27:21+00:00,
A-population-size,p,asis,leave-one-subject-out,15,,,,0,0,10.6261,14.0586,0.7217,3966,0.001,,0,"{""population_subjects"": 8, ""folds"": 7}",646e0b9-dirty,2026-09-29T04:27:22+00:00,
A-population-size,p,asis,leave-one-subject-out,15,,,,0,0,11.3195,14.8609,0.7262,3966,0.001,,1,"{""population_subjects"": 8, ""folds"": 7}",646e0b9-dirty,2026-09-29T04:27:23+00:00,
A-population-size,p,asis,leave-one-subject-out,15,,,,0,0,8.4753,12.1931,0.7385,3966,0.001,,2,"{""population_subjects"": 8, ""folds"": 7}",646e0b9-dirty,2026-09-29T04:27:24+00:00,
A-population-size,p,asis,leave-one-subject-out,15,,,,0,0,10.2791,13.844,0.7253,3966,0.001,,0,"{""population_subjects"": 10, ""folds"": 7}",646e0b9-dirty,2026-09-29T04:27:25+00:00,
A-population-size,p,asis,leave-one-subject-out,15,,,,0,0,10.1016,13.4526,0.7364,3966,0.001,,1,"{""population_subjects"": 10, ""folds"": 7}",646e0b9-dirty,2026-09-29T04:27:26+00:00,
A-population-size,p,asis,leave-one-subject-out,15,,,,0,0,9.7422,13.2054,0.7328,3966,0.001,,2,"{""population_subjects"": 10, ""folds"": 7}",646e0b9-dirty,2026-09-29T04:27:27+00:00,
A-population-size,p,asis,leave-one-subject-out,15,,,,0,0,9.7857,13.2606,0.7357,3966,0.001,,0,"{""population_subjects"": 12, ""folds"": 7}",646e0b9-dirty,2026-09-29T04:27:28+00:00,
A-population-size,p,asis,leave-one-subject-out,15,,,,0,0,8.8108,12.3782,0.7397,3966,0.001,,1,"{""population_subjects"": 12, ""folds"": 7}",646e0b9-dirty,2026-09-29T04:27:29+00:00,
A-population-size,p,asis,leave-one-subject-out,15,,,,0,0,9.1014,12.5122,0.7431,3966,0.001,,2,"{""population_subjects"": 12, ""folds"": 7}",646e0b9-dirty,2026-09-29T04:27:31+00:00,
A-population-size,p,asis,leave-one-subject-out,15,,,,0,0,9.3561,12.758,0.7413,3966,0.001,,0,"{""population_subjects"": 14, ""folds"": 7}",646e0b9-dirty,2026-09-29T04:27:32+00:00,
A-population-size,s,asis,leave-one-subject-out,1,,,,0,0,9.6027,12.8466,0.6349,4603,100.0,,0,"{""population_subjects"": 2, ""folds"": 2}",646e0b9-dirty,2026-09-29T04:27:33+00:00,
A-population-size,s,asis,leave-one-subject-out,1,,,,0,0,15.4949,19.8051,0.6216,4603,0.001,,1,"{""population_subjects"": 2, ""folds"": 2}",646e0b9-dirty,2026-09-29T04:27:33+00:00,
A-population-size,s,asis,leave-one-subject-out,1,,,,0,0,19.9632,24.8423,0.5959,4603,0.01,,2,"{""population_subjects"": 2, ""folds"": 2}",646e0b9-dirty,2026-09-29T04:27:33+00:00,
A-population-size,s,asis,leave-one-subject-out,1,,,,0,0,11.6571,14.8765,0.6781,4603,0.001,,0,"{""population_subjects"": 4, ""folds"": 4}",646e0b9-dirty,2026-09-29T04:27:33+00:00,
A-population-size,s,asis,leave-one-subject-out,1,,,,0,0,22.1612,26.4607,0.5786,4603,0.001,,1,"{""population_subjects"": 4, ""folds"": 4}",646e0b9-dirty,2026-09-29T04:27:34+00:00,
A-population-size,s,asis,leave-one-subject-out,1,,,,0,0,17.2082,21.0997,0.6406,4603,0.001,,2,"{""population_subjects"": 4, ""folds"": 4}",646e0b9-dirty,2026-09-29T04:27:34+00:00,
A-population-size,s,asis,leave-one-subject-out,1,,,,0,0,12.8956,15.9446,0.6678,4603,0.001,,0,"{""population_subjects"": 6, ""folds"": 6}",646e0b9-dirty,2026-09-29T04:27:35+00:00,
A-population-size,s,asis,leave-one-subject-out,1,,,,0,0,13.4915,16.6356,0.6831,4603,0.01,,1,"{""population_subjects"": 6, ""folds"": 6}",646e0b9-dirty,2026-09-29T04:27:35+00:00,
A-population-size,s,asis,leave-one-subject-out,1,,,,0,0,11.9637,14.9777,0.6891,4603,0.001,,2,"{""population_subjects"": 6, ""folds"": 6}",646e0b9-dirty,2026-09-29T04:27:36+00:00,
A-population-size,s,asis,leave-one-subject-out,1,,,,0,0,13.5496,17.2219,0.6739,4603,0.001,,0,"{""population_subjects"": 8, ""folds"": 7}",646e0b9-dirty,2026-09-29T04:27:37+00:00,
A-population-size,s,asis,leave-one-subject-out,1,,,,0,0,14.8638,18.0611,0.663,4603,0.001,,1,"{""population_subjects"": 8, ""folds"": 7}",646e0b9-dirty,2026-09-29T04:27:38+00:00,
A-population-size,s,asis,leave-one-subject-out,1,,,,0,0,11.8466,14.8583,0.6858,4603,0.001,,2,"{""population_subjects"": 8, ""folds"": 7}",646e0b9-dirty,2026-09-29T04:27:39+00:00,
A-population-size,s,asis,leave-one-subject-out,1,,,,0,0,15.7295,19.0781,0.6616,4603,0.001,,0,"{""population_subjects"": 10, ""folds"": 7}",646e0b9-dirty,2026-09-29T04:27:40+00:00,
A-population-size,s,asis,leave-one-subject-out,1,,,,0,0,11.3809,14.4403,0.6899,4603,0.001,,1,"{""population_subjects"": 10, ""folds"": 7}",646e0b9-dirty,2026-09-29T04:27:41+00:00,
A-population-size,s,asis,leave-one-subject-out,1,,,,0,0,11.8354,14.9985,0.6843,4603,0.001,,2,"{""population_subjects"": 10, ""folds"": 7}",646e0b9-dirty,2026-09-29T04:27:42+00:00,
A-population-size,s,asis,leave-one-subject-out,1,,,,0,0,12.8978,16.0975,0.6814,4603,0.001,,0,"{""population_subjects"": 12, ""folds"": 7}",646e0b9-dirty,2026-09-29T04:27:43+00:00,
A-population-size,s,asis,leave-one-subject-out,1,,,,0,0,12.1272,15.3391,0.683,4603,0.001,,1,"{""population_subjects"": 12, ""folds"": 7}",646e0b9-dirty,2026-09-29T04:27:45+00:00,
A-population-size,s,asis,leave-one-subject-out,1,,,,0,0,12.8567,16.1873,0.6766,4603,0.001,,2,"{""population_subjects"": 12, ""folds"": 7}",646e0b9-dirty,2026-09-29T04:27:46+00:00,
A-population-size,s,asis,leave-one-subject-out,1,,,,0,0,12.7774,15.9946,0.6822,4603,0.001,,0,"{""population_subjects"": 14, ""folds"": 7}",646e0b9-dirty,2026-09-29T04:27:48+00:00,
A-population-size,s,asis,leave-one-subject-out,2,,,,0,0,19.7248,25.4413,0.5137,4099,0.1,,0,"{""population_subjects"": 2, ""folds"": 2}",646e0b9-dirty,2026-09-29T04:27:48+00:00,
A-population-size,s,asis,leave-one-subject-out,2,,,,0,0,10.3179,13.2393,0.5407,4099,1000.0,,1,"{""population_subjects"": 2, ""folds"": 2}",646e0b9-dirty,2026-09-29T04:27:48+00:00,
A-population-size,s,asis,leave-one-subject-out,2,,,,0,0,17.5283,20.6646,0.4371,4099,1.0,,2,"{""population_subjects"": 2, ""folds"": 2}",646e0b9-dirty,2026-09-29T04:27:48+00:00,
A-population-size,s,asis,leave-one-subject-out,2,,,,0,0,24.1373,28.0283,0.5274,4099,0.001,,0,"{""population_subjects"": 4, ""folds"": 4}",646e0b9-dirty,2026-09-29T04:27:48+00:00,
A-population-size,s,asis,leave-one-subject-out,2,,,,0,0,14.1667,17.2828,0.4972,4099,0.001,,1,"{""population_subjects"": 4, ""folds"": 4}",646e0b9-dirty,2026-09-29T04:27:49+00:00,
A-population-size,s,asis,leave-one-subject-out,2,,,,0,0,12.0184,15.3359,0.5023,4099,100.0,,2,"{""population_subjects"": 4, ""folds"": 4}",646e0b9-dirty,2026-09-29T04:27:49+00:00,
A-population-size,s,asis,leave-one-subject-out,2,,,,0,0,13.1002,16.6135,0.5255,4099,0.001,,0,"{""population_subjects"": 6, ""folds"": 6}",646e0b9-dirty,2026-09-29T04:27:50+00:00,
A-population-size,s,asis,leave-one-subject-out,2,,,,0,0,13.8411,17.5918,0.5285,4099,0.001,,1,"{""population_subjects"": 6, ""folds"": 6}",646e0b9-dirty,2026-09-29T04:27:50+00:00,
A-population-size,s,asis,leave-one-subject-out,2,,,,0,0,18.3306,22.7039,0.5285,4099,0.001,,2,"{""population_subjects"": 6, ""folds"": 6}",646e0b9-dirty,2026-09-29T04:27:51+00:00,
A-population-size,s,asis,leave-one-subject-out,2,,,,0,0,12.9742,16.3342,0.5339,4099,0.001,,0,"{""population_subjects"": 8, ""folds"": 7}",646e0b9-dirty,2026-09-29T04:27:52+00:00,
A-population-size,s,asis,leave-one-subject-out,2,,,,0,0,15.864,19.4973,0.5356,4099,0.001,,1,"{""population_subjects"": 8, ""folds"": 7}",646e0b9-dirty,2026-09-29T04:27:53+00:00,
A-population-size,s,asis,leave-one-subject-out,2,,,,0,0,15.5751,19.22,0.5464,4099,0.001,,2,"{""population_subjects"": 8, ""folds"": 7}",646e0b9-dirty,2026-09-29T04:27:54+00:00,
A-population-size,s,asis,leave-one-subject-out,2,,,,0,0,12.8149,16.3181,0.5423,4099,0.001,,0,"{""population_subjects"": 10, ""folds"": 7}",646e0b9-dirty,2026-09-29T04:27:55+00:00,
A-population-size,s,asis,leave-one-subject-out,2,,,,0,0,13.4904,17.0361,0.544,4099,0.001,,1,"{""population_subjects"": 10, ""folds"": 7}",646e0b9-dirty,2026-09-29T04:27:56+00:00,
A-population-size,s,asis,leave-one-subject-out,2,,,,0,0,12.9068,16.3943,0.5357,4099,0.001,,2,"{""population_subjects"": 10, ""folds"": 7}",646e0b9-dirty,2026-09-29T04:27:57+00:00,
A-population-size,s,asis,leave-one-subject-out,2,,,,0,0,12.3964,15.9164,0.5439,4099,0.001,,0,"{""population_subjects"": 12, ""folds"": 7}",646e0b9-dirty,2026-09-29T04:27:58+00:00,
A-population-size,s,asis,leave-one-subject-out,2,,,,0,0,11.5839,14.916,0.5506,4099,0.001,,1,"{""population_subjects"": 12, ""folds"": 7}",646e0b9-dirty,2026-09-29T04:28:00+00:00,
A-population-size,s,asis,leave-one-subject-out,2,,,,0,0,12.3688,15.7875,0.5421,4099,0.001,,2,"{""population_subjects"": 12, ""folds"": 7}",646e0b9-dirty,2026-09-29T04:28:01+00:00,
A-population-size,s,asis,leave-one-subject-out,2,,,,0,0,12.1885,15.5965,0.5452,4099,0.001,,0,"{""population_subjects"": 14, ""folds"": 7}",646e0b9-dirty,2026-09-29T04:28:02+00:00,
A-population-size,s,asis,leave-one-subject-out,3,,,,0,0,13.3915,16.9143,0.6646,4367,100.0,,0,"{""population_subjects"": 2, ""folds"": 2}",646e0b9-dirty,2026-09-29T04:28:02+00:00,
A-population-size,s,asis,leave-one-subject-out,3,,,,0,0,12.147,15.0836,0.675,4367,0.1,,1,"{""population_subjects"": 2, ""folds"": 2}",646e0b9-dirty,2026-09-29T04:28:03+00:00,
A-population-size,s,asis,leave-one-subject-out,3,,,,0,0,11.7259,15.4102,0.6587,4367,0.001,,2,"{""population_subjects"": 2, ""folds"": 2}",646e0b9-dirty,2026-09-29T04:28:03+00:00,
A-population-size,s,asis,leave-one-subject-out,3,,,,0,0,10.3742,13.2713,0.6496,4367,0.001,,0,"{""population_subjects"": 4, ""folds"": 4}",646e0b9-dirty,2026-09-29T04:28:03+00:00,
A-population-size,s,asis,leave-one-subject-out,3,,,,0,0,9.9552,12.9108,0.6765,4367,0.001,,1,"{""population_subjects"": 4, ""folds"": 4}",646e0b9-dirty,2026-09-29T04:28:04+00:00,
A-population-size,s,asis,leave-one-subject-out,3,,,,0,0,13.9936,17.8311,0.6302,4367,0.01,,2,"{""population_subjects"": 4, ""folds"": 4}",646e0b9-dirty,2026-09-29T04:28:04+00:00,
A-population-size,s,asis,leave-one-subject-out,3,,,,0,0,8.9308,12.0634,0.7191,4367,0.001,,0,"{""population_subjects"": 6, ""folds"": 6}",646e0b9-dirty,2026-09-29T04:28:04+00:00,
A-population-size,s,asis,leave-one-subject-out,3,,,,0,0,10.0415,12.9176,0.7072,4367,0.001,,1,"{""population_subjects"": 6, ""folds"": 6}",646e0b9-dirty,2026-09-29T04:28:05+00:00,
A-population-size,s,asis,leave-one-subject-out,3,,,,0,0,8.6244,11.529,0.7136,4367,100.0,,2,"{""population_subjects"": 6, ""folds"": 6}",646e0b9-dirty,2026-09-29T04:28:06+00:00,
A-population-size,s,asis,leave-one-subject-out,3,,,,0,0,8.6911,11.6248,0.7275,4367,0.001,,0,"{""population_subjects"": 8, ""folds"": 7}",646e0b9-dirty,2026-09-29T04:28:07+00:00,
A-population-size,s,asis,leave-one-subject-out,3,,,,0,0,8.9223,11.5795,0.7156,4367,0.001,,1,"{""population_subjects"": 8, ""folds"": 7}",646e0b9-dirty,2026-09-29T04:28:07+00:00,
A-population-size,s,asis,leave-one-subject-out,3,,,,0,0,8.8416,11.6682,0.7109,4367,0.001,,2,"{""population_subjects"": 8, ""folds"": 7}",646e0b9-dirty,2026-09-29T04:28:08+00:00,
A-population-size,s,asis,leave-one-subject-out,3,,,,0,0,8.6154,11.4781,0.7261,4367,0.001,,0,"{""population_subjects"": 10, ""folds"": 7}",646e0b9-dirty,2026-09-29T04:28:09+00:00,
A-population-size,s,asis,leave-one-subject-out,3,,,,0,0,8.8014,11.9046,0.7242,4367,0.001,,1,"{""population_subjects"": 10, ""folds"": 7}",646e0b9-dirty,2026-09-29T04:28:11+00:00,
A-population-size,s,asis,leave-one-subject-out,3,,,,0,0,8.8452,11.8905,0.7224,4367,0.001,,2,"{""population_subjects"": 10, ""folds"": 7}",646e0b9-dirty,2026-09-29T04:28:12+00:00,
A-population-size,s,asis,leave-one-subject-out,3,,,,0,0,8.7182,11.7637,0.7255,4367,0.001,,0,"{""population_subjects"": 12, ""folds"": 7}",646e0b9-dirty,2026-09-29T04:28:13+00:00,
A-population-size,s,asis,leave-one-subject-out,3,,,,0,0,8.7418,11.5368,0.7197,4367,0.001,,1,"{""population_subjects"": 12, ""folds"": 7}",646e0b9-dirty,2026-09-29T04:28:14+00:00,
A-population-size,s,asis,leave-one-subject-out,3,,,,0,0,8.7038,11.3506,0.7258,4367,0.001,,2,"{""population_subjects"": 12, ""folds"": 7}",646e0b9-dirty,2026-09-29T04:28:15+00:00,
A-population-size,s,asis,leave-one-subject-out,3,,,,0,0,8.5827,11.2705,0.7254,4367,0.001,,0,"{""population_subjects"": 14, ""folds"": 7}",646e0b9-dirty,2026-09-29T04:28:17+00:00,
A-population-size,s,asis,leave-one-subject-out,4,,,,0,0,13.2516,16.9523,0.4558,4572,0.001,,0,"{""population_subjects"": 2, ""folds"": 2}",646e0b9-dirty,2026-09-29T04:28:17+00:00,
A-population-size,s,asis,leave-one-subject-out,4,,,,0,0,14.8404,18.5367,0.4288,4572,0.1,,1,"{""population_subjects"": 2, ""folds"": 2}",646e0b9-dirty,2026-09-29T04:28:17+00:00,
A-population-size,s,asis,leave-one-subject-out,4,,,,0,0,11.6015,14.5351,0.4824,4572,100.0,,2,"{""population_subjects"": 2, ""folds"": 2}",646e0b9-dirty,2026-09-29T04:28:17+00:00,
A-population-size,s,asis,leave-one-subject-out,4,,,,0,0,9.4873,12.3269,0.5151,4572,100.0,,0,"{""population_subjects"": 4, ""folds"": 4}",646e0b9-dirty,2026-09-29T04:28:18+00:00,
A-population-size,s,asis,leave-one-subject-out,4,,,,0,0,11.7923,15.0323,0.4914,4572,100.0,,1,"{""population_subjects"": 4, ""folds"": 4}",646e0b9-dirty,2026-09-29T04:28:18+00:00,
A-population-size,s,asis,leave-one-subject-out,4,,,,0,0,9.5811,12.496,0.5139,4572,0.001,,2,"{""population_subjects"": 4, ""folds"": 4}",646e0b9-dirty,2026-09-29T04:28:19+00:00,
A-population-size,s,asis,leave-one-subject-out,4,,,,0,0,9.9966,13.0443,0.5022,4572,0.001,,0,"{""population_subjects"": 6, ""folds"": 6}",646e0b9-dirty,2026-09-29T04:28:19+00:00,
A-population-size,s,asis,leave-one-subject-out,4,,,,0,0,11.2061,14.2924,0.4913,4572,0.001,,1,"{""population_subjects"": 6, ""folds"": 6}",646e0b9-dirty,2026-09-29T04:28:20+00:00,
A-population-size,s,asis,leave-one-subject-out,4,,,,0,0,9.8009,12.7426,0.5019,4572,0.001,,2,"{""population_subjects"": 6, ""folds"": 6}",646e0b9-dirty,2026-09-29T04:28:20+00:00,
A-population-size,s,asis,leave-one-subject-out,4,,,,0,0,9.5471,12.3824,0.5126,4572,0.001,,0,"{""population_subjects"": 8, ""folds"": 7}",646e0b9-dirty,2026-09-29T04:28:21+00:00,
A-population-size,s,asis,leave-one-subject-out,4,,,,0,0,11.9373,15.128,0.4912,4572,0.001,,1,"{""population_subjects"": 8, ""folds"": 7}",646e0b9-dirty,2026-09-29T04:28:22+00:00,
A-population-size,s,asis,leave-one-subject-out,4,,,,0,0,12.7214,15.9739,0.4849,4572,0.001,,2,"{""population_subjects"": 8, ""folds"": 7}",646e0b9-dirty,2026-09-29T04:28:23+00:00,
A-population-size,s,asis,leave-one-subject-out,4,,,,0,0,11.2188,14.4125,0.4975,4572,0.001,,0,"{""population_subjects"": 10, ""folds"": 7}",646e0b9-dirty,2026-09-29T04:28:24+00:00,
A-population-size,s,asis,leave-one-subject-out,4,,,,0,0,10.4777,13.4273,0.5087,4572,0.001,,1,"{""population_subjects"": 10, ""folds"": 7}",646e0b9-dirty,2026-09-29T04:28:25+00:00,
A-population-size,s,asis,leave-one-subject-out,4,,,,0,0,10.2269,13.2085,0.5107,4572,0.001,,2,"{""population_subjects"": 10, ""folds"": 7}",646e0b9-dirty,2026-09-29T04:28:26+00:00,
A-population-size,s,asis,leave-one-subject-out,4,,,,0,0,10.4247,13.4587,0.5075,4572,0.001,,0,"{""population_subjects"": 12, ""folds"": 7}",646e0b9-dirty,2026-09-29T04:28:28+00:00,
A-population-size,s,asis,leave-one-subject-out,4,,,,0,0,10.5342,13.5032,0.5118,4572,0.001,,1,"{""population_subjects"": 12, ""folds"": 7}",646e0b9-dirty,2026-09-29T04:28:29+00:00,
A-population-size,s,asis,leave-one-subject-out,4,,,,0,0,10.3958,13.3748,0.5109,4572,0.001,,2,"{""population_subjects"": 12, ""folds"": 7}",646e0b9-dirty,2026-09-29T04:28:30+00:00,
A-population-size,s,asis,leave-one-subject-out,4,,,,0,0,10.308,13.2736,0.5107,4572,0.001,,0,"{""population_subjects"": 14, ""folds"": 7}",646e0b9-dirty,2026-09-29T04:28:32+00:00,
A-population-size,s,asis,leave-one-subject-out,5,,,,0,0,26.7782,32.9519,0.2472,4649,100.0,,0,"{""population_subjects"": 2, ""folds"": 2}",646e0b9-dirty,2026-09-29T04:28:32+00:00,
A-population-size,s,asis,leave-one-subject-out,5,,,,0,0,33.7096,38.5035,0.3056,4649,10000.0,,1,"{""population_subjects"": 2, ""folds"": 2}",646e0b9-dirty,2026-09-29T04:28:32+00:00,
A-population-size,s,asis,leave-one-subject-out,5,,,,0,0,28.2106,34.4699,0.191,4649,1000.0,,2,"{""population_subjects"": 2, ""folds"": 2}",646e0b9-dirty,2026-09-29T04:28:32+00:00,
A-population-size,s,asis,leave-one-subject-out,5,,,,0,0,25.4703,32.0229,0.2064,4649,0.001,,0,"{""population_subjects"": 4, ""folds"": 4}",646e0b9-dirty,2026-09-29T04:28:33+00:00,
A-population-size,s,asis,leave-one-subject-out,5,,,,0,0,29.1937,35.3338,0.1889,4649,100.0,,1,"{""population_subjects"": 4, ""folds"": 4}",646e0b9-dirty,2026-09-29T04:28:33+00:00,
A-population-size,s,asis,leave-one-subject-out,5,,,,0,0,34.0363,40.1766,0.0865,4649,0.001,,2,"{""population_subjects"": 4, ""folds"": 4}",646e0b9-dirty,2026-09-29T04:28:33+00:00,
A-population-size,s,asis,leave-one-subject-out,5,,,,0,0,27.3059,33.8511,0.1671,4649,0.001,,0,"{""population_subjects"": 6, ""folds"": 6}",646e0b9-dirty,2026-09-29T04:28:34+00:00,
A-population-size,s,asis,leave-one-subject-out,5,,,,0,0,28.4199,34.8746,0.198,4649,0.001,,1,"{""population_subjects"": 6, ""folds"": 6}",646e0b9-dirty,2026-09-29T04:28:35+00:00,
A-population-size,s,asis,leave-one-subject-out,5,,,,0,0,20.5185,26.725,0.3007,4649,0.001,,2,"{""population_subjects"": 6, ""folds"": 6}",646e0b9-dirty,2026-09-29T04:28:35+00:00,
A-population-size,s,asis,leave-one-subject-out,5,,,,0,0,26.5583,33.3426,0.1393,4649,0.001,,0,"{""population_subjects"": 8, ""folds"": 7}",646e0b9-dirty,2026-09-29T04:28:36+00:00,
A-population-size,s,asis,leave-one-subject-out,5,,,,0,0,26.1154,32.3104,0.2637,4649,0.001,,1,"{""population_subjects"": 8, ""folds"": 7}",646e0b9-dirty,2026-09-29T04:28:37+00:00,
A-population-size,s,asis,leave-one-subject-out,5,,,,0,0,24.6854,31.3134,0.1976,4649,0.001,,2,"{""population_subjects"": 8, ""folds"": 7}",646e0b9-dirty,2026-09-29T04:28:38+00:00,
A-population-size,s,asis,leave-one-subject-out,5,,,,0,0,27.9552,34.7413,0.1268,4649,0.001,,0,"{""population_subjects"": 10, ""folds"": 7}",646e0b9-dirty,2026-09-29T04:28:39+00:00,
A-population-size,s,asis,leave-one-subject-out,5,,,,0,0,31.0258,37.3086,0.1407,4649,0.001,,1,"{""population_subjects"": 10, ""folds"": 7}",646e0b9-dirty,2026-09-29T04:28:40+00:00,
A-population-size,s,asis,leave-one-subject-out,5,,,,0,0,28.4728,34.8424,0.1909,4649,0.001,,2,"{""population_subjects"": 10, ""folds"": 7}",646e0b9-dirty,2026-09-29T04:28:42+00:00,
A-population-size,s,asis,leave-one-subject-out,5,,,,0,0,26.4018,33.1512,0.1577,4649,0.001,,0,"{""population_subjects"": 12, ""folds"": 7}",646e0b9-dirty,2026-09-29T04:28:43+00:00,
A-population-size,s,asis,leave-one-subject-out,5,,,,0,0,26.6413,33.3578,0.1564,4649,0.001,,1,"{""population_subjects"": 12, ""folds"": 7}",646e0b9-dirty,2026-09-29T04:28:44+00:00,
A-population-size,s,asis,leave-one-subject-out,5,,,,0,0,27.9778,34.32,0.1964,4649,0.001,,2,"{""population_subjects"": 12, ""folds"": 7}",646e0b9-dirty,2026-09-29T04:28:45+00:00,
A-population-size,s,asis,leave-one-subject-out,5,,,,0,0,27.035,33.6405,0.174,4649,0.001,,0,"{""population_subjects"": 14, ""folds"": 7}",646e0b9-dirty,2026-09-29T04:28:47+00:00,
A-population-size,s,asis,leave-one-subject-out,6,,,,0,0,24.9154,30.4375,0.5914,2622,1000.0,,0,"{""population_subjects"": 2, ""folds"": 2}",646e0b9-dirty,2026-09-29T04:28:47+00:00,
A-population-size,s,asis,leave-one-subject-out,6,,,,0,0,29.6959,34.3846,0.6364,2622,1000.0,,1,"{""population_subjects"": 2, ""folds"": 2}",646e0b9-dirty,2026-09-29T04:28:47+00:00,
A-population-size,s,asis,leave-one-subject-out,6,,,,0,0,26.0902,32.1016,0.5177,2622,100.0,,2,"{""population_subjects"": 2, ""folds"": 2}",646e0b9-dirty,2026-09-29T04:28:47+00:00,
A-population-size,s,asis,leave-one-subject-out,6,,,,0,0,18.2416,23.7521,0.6389,2622,0.001,,0,"{""population_subjects"": 4, ""folds"": 4}",646e0b9-dirty,2026-09-29T04:28:48+00:00,
A-population-size,s,asis,leave-one-subject-out,6,,,,0,0,26.025,31.908,0.5433,2622,0.001,,1,"{""population_subjects"": 4, ""folds"": 4}",646e0b9-dirty,2026-09-29T04:28:48+00:00,
A-population-size,s,asis,leave-one-subject-out,6,,,,0,0,21.0865,26.7567,0.622,2622,0.001,,2,"{""population_subjects"": 4, ""folds"": 4}",646e0b9-dirty,2026-09-29T04:28:49+00:00,
A-population-size,s,asis,leave-one-subject-out,6,,,,0,0,18.4247,23.9354,0.6599,2622,0.001,,0,"{""population_subjects"": 6, ""folds"": 6}",646e0b9-dirty,2026-09-29T04:28:49+00:00,
A-population-size,s,asis,leave-one-subject-out,6,,,,0,0,18.6984,24.2701,0.6364,2622,0.001,,1,"{""population_subjects"": 6, ""folds"": 6}",646e0b9-dirty,2026-09-29T04:28:50+00:00,
A-population-size,s,asis,leave-one-subject-out,6,,,,0,0,18.7149,24.025,0.6623,2622,0.001,,2,"{""population_subjects"": 6, ""folds"": 6}",646e0b9-dirty,2026-09-29T04:28:51+00:00,
A-population-size,s,asis,leave-one-subject-out,6,,,,0,0,18.3282,23.7285,0.6707,2622,0.001,,0,"{""population_subjects"": 8, ""folds"": 7}",646e0b9-dirty,2026-09-29T04:28:52+00:00,
A-population-size,s,asis,leave-one-subject-out,6,,,,0,0,28.4434,33.7144,0.5872,2622,0.001,,1,"{""population_subjects"": 8, ""folds"": 7}",646e0b9-dirty,2026-09-29T04:28:53+00:00,
A-population-size,s,asis,leave-one-subject-out,6,,,,0,0,19.1281,24.5678,0.656,2622,0.001,,2,"{""population_subjects"": 8, ""folds"": 7}",646e0b9-dirty,2026-09-29T04:28:54+00:00,
A-population-size,s,asis,leave-one-subject-out,6,,,,0,0,20.0824,25.5938,0.6463,2622,0.001,,0,"{""population_subjects"": 10, ""folds"": 7}",646e0b9-dirty,2026-09-29T04:28:55+00:00,
A-population-size,s,asis,leave-one-subject-out,6,,,,0,0,22.6634,28.1515,0.6336,2622,0.001,,1,"{""population_subjects"": 10, ""folds"": 7}",646e0b9-dirty,2026-09-29T04:28:56+00:00,
A-population-size,s,asis,leave-one-subject-out,6,,,,0,0,19.6162,25.2511,0.6422,2622,0.001,,2,"{""population_subjects"": 10, ""folds"": 7}",646e0b9-dirty,2026-09-29T04:28:57+00:00,
A-population-size,s,asis,leave-one-subject-out,6,,,,0,0,21.656,27.2647,0.6282,2622,0.001,,0,"{""population_subjects"": 12, ""folds"": 7}",646e0b9-dirty,2026-09-29T04:28:58+00:00,
A-population-size,s,asis,leave-one-subject-out,6,,,,0,0,22.262,27.8282,0.6262,2622,0.001,,1,"{""population_subjects"": 12, ""folds"": 7}",646e0b9-dirty,2026-09-29T04:29:00+00:00,
A-population-size,s,asis,leave-one-subject-out,6,,,,0,0,21.2777,26.8312,0.6356,2622,0.001,,2,"{""population_subjects"": 12, ""folds"": 7}",646e0b9-dirty,2026-09-29T04:29:01+00:00,
A-population-size,s,asis,leave-one-subject-out,6,,,,0,0,21.2337,26.8015,0.6371,2622,0.001,,0,"{""population_subjects"": 14, ""folds"": 7}",646e0b9-dirty,2026-09-29T04:29:03+00:00,
A-population-size,s,asis,leave-one-subject-out,7,,,,0,0,8.7495,11.6432,0.7912,4668,1000.0,,0,"{""population_subjects"": 2, ""folds"": 2}",646e0b9-dirty,2026-09-29T04:29:03+00:00,
A-population-size,s,asis,leave-one-subject-out,7,,,,0,0,9.5285,12.724,0.7596,4668,100.0,,1,"{""population_subjects"": 2, ""folds"": 2}",646e0b9-dirty,2026-09-29T04:29:03+00:00,
A-population-size,s,asis,leave-one-subject-out,7,,,,0,0,9.1196,13.5581,0.7705,4668,1000.0,,2,"{""population_subjects"": 2, ""folds"": 2}",646e0b9-dirty,2026-09-29T04:29:03+00:00,
A-population-size,s,asis,leave-one-subject-out,7,,,,0,0,7.9877,11.1626,0.8069,4668,1000.0,,0,"{""population_subjects"": 4, ""folds"": 4}",646e0b9-dirty,2026-09-29T04:29:04+00:00,
A-population-size,s,asis,leave-one-subject-out,7,,,,0,0,8.3336,11.6559,0.8127,4668,100.0,,1,"{""population_subjects"": 4, ""folds"": 4}",646e0b9-dirty,2026-09-29T04:29:04+00:00,
A-population-size,s,asis,leave-one-subject-out,7,,,,0,0,7.7609,11.3814,0.8131,4668,100.0,,2,"{""population_subjects"": 4, ""folds"": 4}",646e0b9-dirty,2026-09-29T04:29:04+00:00,
A-population-size,s,asis,leave-one-subject-out,7,,,,0,0,7.8198,11.1577,0.8153,4668,0.001,,0,"{""population_subjects"": 6, ""folds"": 6}",646e0b9-dirty,2026-09-29T04:29:05+00:00,
A-population-size,s,asis,leave-one-subject-out,7,,,,0,0,8.0658,10.9086,0.8165,4668,0.001,,1,"{""population_subjects"": 6, ""folds"": 6}",646e0b9-dirty,2026-09-29T04:29:06+00:00,
A-population-size,s,asis,leave-one-subject-out,7,,,,0,0,8.0638,10.8578,0.8238,4668,0.001,,2,"{""population_subjects"": 6, ""folds"": 6}",646e0b9-dirty,2026-09-29T04:29:06+00:00,
A-population-size,s,asis,leave-one-subject-out,7,,,,0,0,8.0758,10.8108,0.823,4668,0.001,,0,"{""population_subjects"": 8, ""folds"": 7}",646e0b9-dirty,2026-09-29T04:29:07+00:00,
A-population-size,s,asis,leave-one-subject-out,7,,,,0,0,8.8643,11.7194,0.8121,4668,0.001,,1,"{""population_subjects"": 8, ""folds"": 7}",646e0b9-dirty,2026-09-29T04:29:08+00:00,
A-population-size,s,asis,leave-one-subject-out,7,,,,0,0,7.9759,10.7597,0.8223,4668,0.001,,2,"{""population_subjects"": 8, ""folds"": 7}",646e0b9-dirty,2026-09-29T04:29:09+00:00,
A-population-size,s,asis,leave-one-subject-out,7,,,,0,0,8.5049,11.3146,0.8199,4668,0.001,,0,"{""population_subjects"": 10, ""folds"": 7}",646e0b9-dirty,2026-09-29T04:29:10+00:00,
A-population-size,s,asis,leave-one-subject-out,7,,,,0,0,7.6869,10.5443,0.824,4668,0.001,,1,"{""population_subjects"": 10, ""folds"": 7}",646e0b9-dirty,2026-09-29T04:29:11+00:00,
A-population-size,s,asis,leave-one-subject-out,7,,,,0,0,7.7677,10.9264,0.8156,4668,0.001,,2,"{""population_subjects"": 10, ""folds"": 7}",646e0b9-dirty,2026-09-29T04:29:12+00:00,
A-population-size,s,asis,leave-one-subject-out,7,,,,0,0,8.3677,11.1,0.819,4668,0.001,,0,"{""population_subjects"": 12, ""folds"": 7}",646e0b9-dirty,2026-09-29T04:29:13+00:00,
A-population-size,s,asis,leave-one-subject-out,7,,,,0,0,8.1337,10.8995,0.8214,4668,0.001,,1,"{""population_subjects"": 12, ""folds"": 7}",646e0b9-dirty,2026-09-29T04:29:15+00:00,
A-population-size,s,asis,leave-one-subject-out,7,,,,0,0,8.1337,10.8995,0.8214,4668,0.001,,2,"{""population_subjects"": 12, ""folds"": 7}",646e0b9-dirty,2026-09-29T04:29:16+00:00,
A-population-size,s,asis,leave-one-subject-out,7,,,,0,0,7.9927,10.749,0.8229,4668,0.001,,0,"{""population_subjects"": 14, ""folds"": 7}",646e0b9-dirty,2026-09-29T04:29:17+00:00,
A-population-size,s,asis,leave-one-subject-out,8,,,,0,0,35.9586,39.1144,0.4006,4037,100.0,,0,"{""population_subjects"": 2, ""folds"": 2}",646e0b9-dirty,2026-09-29T04:29:18+00:00,
A-population-size,s,asis,leave-one-subject-out,8,,,,0,0,10.3357,13.2833,0.5219,4037,0.001,,1,"{""population_subjects"": 2, ""folds"": 2}",646e0b9-dirty,2026-09-29T04:29:18+00:00,
A-population-size,s,asis,leave-one-subject-out,8,,,,0,0,11.7912,14.8662,0.5257,4037,100.0,,2,"{""population_subjects"": 2, ""folds"": 2}",646e0b9-dirty,2026-09-29T04:29:18+00:00,
A-population-size,s,asis,leave-one-subject-out,8,,,,0,0,11.433,14.0889,0.531,4037,100.0,,0,"{""population_subjects"": 4, ""folds"": 4}",646e0b9-dirty,2026-09-29T04:29:18+00:00,
A-population-size,s,asis,leave-one-subject-out,8,,,,0,0,10.1382,12.9366,0.5402,4037,0.001,,1,"{""population_subjects"": 4, ""folds"": 4}",646e0b9-dirty,2026-09-29T04:29:19+00:00,
A-population-size,s,asis,leave-one-subject-out,8,,,,0,0,16.3286,19.8121,0.5124,4037,0.001,,2,"{""population_subjects"": 4, ""folds"": 4}",646e0b9-dirty,2026-09-29T04:29:19+00:00,
A-population-size,s,asis,leave-one-subject-out,8,,,,0,0,16.9015,20.3667,0.4829,4037,0.001,,0,"{""population_subjects"": 6, ""folds"": 6}",646e0b9-dirty,2026-09-29T04:29:20+00:00,
A-population-size,s,asis,leave-one-subject-out,8,,,,0,0,9.9038,12.5172,0.541,4037,0.001,,1,"{""population_subjects"": 6, ""folds"": 6}",646e0b9-dirty,2026-09-29T04:29:20+00:00,
A-population-size,s,asis,leave-one-subject-out,8,,,,0,0,13.9962,17.1708,0.5298,4037,0.001,,2,"{""population_subjects"": 6, ""folds"": 6}",646e0b9-dirty,2026-09-29T04:29:21+00:00,
A-population-size,s,asis,leave-one-subject-out,8,,,,0,0,15.0514,17.9975,0.5109,4037,0.001,,0,"{""population_subjects"": 8, ""folds"": 7}",646e0b9-dirty,2026-09-29T04:29:22+00:00,
A-population-size,s,asis,leave-one-subject-out,8,,,,0,0,15.7773,19.2779,0.4923,4037,0.001,,1,"{""population_subjects"": 8, ""folds"": 7}",646e0b9-dirty,2026-09-29T04:29:23+00:00,
A-population-size,s,asis,leave-one-subject-out,8,,,,0,0,11.8119,14.7679,0.5453,4037,0.001,,2,"{""population_subjects"": 8, ""folds"": 7}",646e0b9-dirty,2026-09-29T04:29:24+00:00,
A-population-size,s,asis,leave-one-subject-out,8,,,,0,0,11.8009,14.6178,0.5412,4037,0.001,,0,"{""population_subjects"": 10, ""folds"": 7}",646e0b9-dirty,2026-09-29T04:29:25+00:00,
A-population-size,s,asis,leave-one-subject-out,8,,,,0,0,13.9472,17.343,0.5159,4037,0.001,,1,"{""population_subjects"": 10, ""folds"": 7}",646e0b9-dirty,2026-09-29T04:29:26+00:00,
A-population-size,s,asis,leave-one-subject-out,8,,,,0,0,14.009,17.43,0.5247,4037,0.001,,2,"{""population_subjects"": 10, ""folds"": 7}",646e0b9-dirty,2026-09-29T04:29:28+00:00,
A-population-size,s,asis,leave-one-subject-out,8,,,,0,0,13.8903,17.2378,0.5238,4037,0.001,,0,"{""population_subjects"": 12, ""folds"": 7}",646e0b9-dirty,2026-09-29T04:29:29+00:00,
A-population-size,s,asis,leave-one-subject-out,8,,,,0,0,13.6923,16.9295,0.5258,4037,0.001,,1,"{""population_subjects"": 12, ""folds"": 7}",646e0b9-dirty,2026-09-29T04:29:30+00:00,
A-population-size,s,asis,leave-one-subject-out,8,,,,0,0,14.0665,17.4551,0.52,4037,0.001,,2,"{""population_subjects"": 12, ""folds"": 7}",646e0b9-dirty,2026-09-29T04:29:32+00:00,
A-population-size,s,asis,leave-one-subject-out,8,,,,0,0,13.5601,16.778,0.527,4037,0.001,,0,"{""population_subjects"": 14, ""folds"": 7}",646e0b9-dirty,2026-09-29T04:29:33+00:00,
A-population-size,s,asis,leave-one-subject-out,9,,,,0,0,22.6285,27.5366,0.4456,4277,0.001,,0,"{""population_subjects"": 2, ""folds"": 2}",646e0b9-dirty,2026-09-29T04:29:33+00:00,
A-population-size,s,asis,leave-one-subject-out,9,,,,0,0,13.6443,19.3889,0.4536,4277,1000.0,,1,"{""population_subjects"": 2, ""folds"": 2}",646e0b9-dirty,2026-09-29T04:29:33+00:00,
A-population-size,s,asis,leave-one-subject-out,9,,,,0,0,15.4136,18.8406,0.4814,4277,100.0,,2,"{""population_subjects"": 2, ""folds"": 2}",646e0b9-dirty,2026-09-29T04:29:34+00:00,
A-population-size,s,asis,leave-one-subject-out,9,,,,0,0,16.9467,21.2045,0.5025,4277,0.001,,0,"{""population_subjects"": 4, ""folds"": 4}",646e0b9-dirty,2026-09-29T04:29:34+00:00,
A-population-size,s,asis,leave-one-subject-out,9,,,,0,0,19.6342,23.8641,0.4505,4277,0.001,,1,"{""population_subjects"": 4, ""folds"": 4}",646e0b9-dirty,2026-09-29T04:29:34+00:00,
A-population-size,s,asis,leave-one-subject-out,9,,,,0,0,13.0708,17.1873,0.5103,4277,100.0,,2,"{""population_subjects"": 4, ""folds"": 4}",646e0b9-dirty,2026-09-29T04:29:35+00:00,
A-population-size,s,asis,leave-one-subject-out,9,,,,0,0,13.0487,17.1946,0.5138,4277,0.001,,0,"{""population_subjects"": 6, ""folds"": 6}",646e0b9-dirty,2026-09-29T04:29:35+00:00,
A-population-size,s,asis,leave-one-subject-out,9,,,,0,0,15.6502,19.4999,0.5133,4277,1.0,,1,"{""population_subjects"": 6, ""folds"": 6}",646e0b9-dirty,2026-09-29T04:29:36+00:00,
A-population-size,s,asis,leave-one-subject-out,9,,,,0,0,14.1149,18.1462,0.5211,4277,0.001,,2,"{""population_subjects"": 6, ""folds"": 6}",646e0b9-dirty,2026-09-29T04:29:37+00:00,
A-population-size,s,asis,leave-one-subject-out,9,,,,0,0,12.9937,17.0227,0.5297,4277,0.001,,0,"{""population_subjects"": 8, ""folds"": 7}",646e0b9-dirty,2026-09-29T04:29:38+00:00,
A-population-size,s,asis,leave-one-subject-out,9,,,,0,0,14.8979,18.475,0.525,4277,0.001,,1,"{""population_subjects"": 8, ""folds"": 7}",646e0b9-dirty,2026-09-29T04:29:39+00:00,
A-population-size,s,asis,leave-one-subject-out,9,,,,0,0,15.9531,19.7694,0.5117,4277,0.001,,2,"{""population_subjects"": 8, ""folds"": 7}",646e0b9-dirty,2026-09-29T04:29:39+00:00,
A-population-size,s,asis,leave-one-subject-out,9,,,,0,0,13.3174,17.2448,0.5278,4277,0.001,,0,"{""population_subjects"": 10, ""folds"": 7}",646e0b9-dirty,2026-09-29T04:29:41+00:00,
A-population-size,s,asis,leave-one-subject-out,9,,,,0,0,12.8952,16.9586,0.5338,4277,0.001,,1,"{""population_subjects"": 10, ""folds"": 7}",646e0b9-dirty,2026-09-29T04:29:42+00:00,
A-population-size,s,asis,leave-one-subject-out,9,,,,0,0,13.8272,17.5245,0.523,4277,0.001,,2,"{""population_subjects"": 10, ""folds"": 7}",646e0b9-dirty,2026-09-29T04:29:43+00:00,
A-population-size,s,asis,leave-one-subject-out,9,,,,0,0,13.877,17.6254,0.5277,4277,0.001,,0,"{""population_subjects"": 12, ""folds"": 7}",646e0b9-dirty,2026-09-29T04:29:44+00:00,
A-population-size,s,asis,leave-one-subject-out,9,,,,0,0,13.878,17.6001,0.5213,4277,0.001,,1,"{""population_subjects"": 12, ""folds"": 7}",646e0b9-dirty,2026-09-29T04:29:45+00:00,
A-population-size,s,asis,leave-one-subject-out,9,,,,0,0,12.9738,17.0408,0.5297,4277,0.001,,2,"{""population_subjects"": 12, ""folds"": 7}",646e0b9-dirty,2026-09-29T04:29:47+00:00,
A-population-size,s,asis,leave-one-subject-out,9,,,,0,0,13.755,17.4853,0.5309,4277,0.001,,0,"{""population_subjects"": 14, ""folds"": 7}",646e0b9-dirty,2026-09-29T04:29:48+00:00,
A-population-size,s,asis,leave-one-subject-out,10,,,,0,0,10.2249,15.596,0.4417,5321,100.0,,0,"{""population_subjects"": 2, ""folds"": 2}",646e0b9-dirty,2026-09-29T04:29:48+00:00,
A-population-size,s,asis,leave-one-subject-out,10,,,,0,0,10.3766,15.4054,0.4995,5321,1000.0,,1,"{""population_subjects"": 2, ""folds"": 2}",646e0b9-dirty,2026-09-29T04:29:48+00:00,
A-population-size,s,asis,leave-one-subject-out,10,,,,0,0,9.511,14.8988,0.4427,5321,0.001,,2,"{""population_subjects"": 2, ""folds"": 2}",646e0b9-dirty,2026-09-29T04:29:49+00:00,
A-population-size,s,asis,leave-one-subject-out,10,,,,0,0,9.1007,13.2045,0.5643,5321,100.0,,0,"{""population_subjects"": 4, ""folds"": 4}",646e0b9-dirty,2026-09-29T04:29:49+00:00,
A-population-size,s,asis,leave-one-subject-out,10,,,,0,0,9.4213,14.1106,0.5343,5321,0.001,,1,"{""population_subjects"": 4, ""folds"": 4}",646e0b9-dirty,2026-09-29T04:29:49+00:00,
A-population-size,s,asis,leave-one-subject-out,10,,,,0,0,10.457,13.9993,0.5671,5321,0.001,,2,"{""population_subjects"": 4, ""folds"": 4}",646e0b9-dirty,2026-09-29T04:29:50+00:00,
A-population-size,s,asis,leave-one-subject-out,10,,,,0,0,9.8639,13.9714,0.5613,5321,0.001,,0,"{""population_subjects"": 6, ""folds"": 6}",646e0b9-dirty,2026-09-29T04:29:50+00:00,
A-population-size,s,asis,leave-one-subject-out,10,,,,0,0,10.992,14.9517,0.5806,5321,0.001,,1,"{""population_subjects"": 6, ""folds"": 6}",646e0b9-dirty,2026-09-29T04:29:51+00:00,
A-population-size,s,asis,leave-one-subject-out,10,,,,0,0,9.8494,13.9789,0.5409,5321,0.001,,2,"{""population_subjects"": 6, ""folds"": 6}",646e0b9-dirty,2026-09-29T04:29:52+00:00,
A-population-size,s,asis,leave-one-subject-out,10,,,,0,0,9.8537,13.748,0.5717,5321,0.001,,0,"{""population_subjects"": 8, ""folds"": 7}",646e0b9-dirty,2026-09-29T04:29:52+00:00,
A-population-size,s,asis,leave-one-subject-out,10,,,,0,0,11.1437,15.0046,0.5687,5321,0.001,,1,"{""population_subjects"": 8, ""folds"": 7}",646e0b9-dirty,2026-09-29T04:29:53+00:00,
A-population-size,s,asis,leave-one-subject-out,10,,,,0,0,10.5435,14.549,0.5616,5321,0.001,,2,"{""population_subjects"": 8, ""folds"": 7}",646e0b9-dirty,2026-09-29T04:29:54+00:00,
A-population-size,s,asis,leave-one-subject-out,10,,,,0,0,9.4795,13.5503,0.5594,5321,0.001,,0,"{""population_subjects"": 10, ""folds"": 7}",646e0b9-dirty,2026-09-29T04:29:55+00:00,
A-population-size,s,asis,leave-one-subject-out,10,,,,0,0,10.3214,14.2797,0.5616,5321,0.001,,1,"{""population_subjects"": 10, ""folds"": 7}",646e0b9-dirty,2026-09-29T04:29:56+00:00,
A-population-size,s,asis,leave-one-subject-out,10,,,,0,0,10.1952,14.1872,0.5635,5321,0.001,,2,"{""population_subjects"": 10, ""folds"": 7}",646e0b9-dirty,2026-09-29T04:29:57+00:00,
A-population-size,s,asis,leave-one-subject-out,10,,,,0,0,10.1164,14.0089,0.5676,5321,0.001,,0,"{""population_subjects"": 12, ""folds"": 7}",646e0b9-dirty,2026-09-29T04:29:59+00:00,
A-population-size,s,asis,leave-one-subject-out,10,,,,0,0,9.956,13.7958,0.5713,5321,0.001,,1,"{""population_subjects"": 12, ""folds"": 7}",646e0b9-dirty,2026-09-29T04:30:00+00:00,
A-population-size,s,asis,leave-one-subject-out,10,,,,0,0,9.7189,13.7693,0.5685,5321,0.001,,2,"{""population_subjects"": 12, ""folds"": 7}",646e0b9-dirty,2026-09-29T04:30:01+00:00,
A-population-size,s,asis,leave-one-subject-out,10,,,,0,0,9.8055,13.7819,0.568,5321,0.001,,0,"{""population_subjects"": 14, ""folds"": 7}",646e0b9-dirty,2026-09-29T04:30:03+00:00,
A-population-size,s,asis,leave-one-subject-out,11,,,,0,0,21.0142,26.4843,0.7295,4521,1000.0,,0,"{""population_subjects"": 2, ""folds"": 2}",646e0b9-dirty,2026-09-29T04:30:03+00:00,
A-population-size,s,asis,leave-one-subject-out,11,,,,0,0,14.6434,20.2753,0.7285,4521,1000.0,,1,"{""population_subjects"": 2, ""folds"": 2}",646e0b9-dirty,2026-09-29T04:30:03+00:00,
A-population-size,s,asis,leave-one-subject-out,11,,,,0,0,14.6434,20.2753,0.7285,4521,1000.0,,2,"{""population_subjects"": 2, ""folds"": 2}",646e0b9-dirty,2026-09-29T04:30:03+00:00,
A-population-size,s,asis,leave-one-subject-out,11,,,,0,0,18.1591,24.2118,0.6814,4521,100.0,,0,"{""population_subjects"": 4, ""folds"": 4}",646e0b9-dirty,2026-09-29T04:30:04+00:00,
A-population-size,s,asis,leave-one-subject-out,11,,,,0,0,13.4906,18.517,0.728,4521,0.01,,1,"{""population_subjects"": 4, ""folds"": 4}",646e0b9-dirty,2026-09-29T04:30:04+00:00,
A-population-size,s,asis,leave-one-subject-out,11,,,,0,0,15.7851,21.2553,0.6943,4521,0.1,,2,"{""population_subjects"": 4, ""folds"": 4}",646e0b9-dirty,2026-09-29T04:30:04+00:00,
A-population-size,s,asis,leave-one-subject-out,11,,,,0,0,15.3659,20.8884,0.7177,4521,0.001,,0,"{""population_subjects"": 6, ""folds"": 6}",646e0b9-dirty,2026-09-29T04:30:05+00:00,
A-population-size,s,asis,leave-one-subject-out,11,,,,0,0,13.8428,19.086,0.7304,4521,0.001,,1,"{""population_subjects"": 6, ""folds"": 6}",646e0b9-dirty,2026-09-29T04:30:06+00:00,
A-population-size,s,asis,leave-one-subject-out,11,,,,0,0,13.6317,18.5959,0.7402,4521,0.001,,2,"{""population_subjects"": 6, ""folds"": 6}",646e0b9-dirty,2026-09-29T04:30:06+00:00,
A-population-size,s,asis,leave-one-subject-out,11,,,,0,0,14.7237,20.12,0.7253,4521,0.001,,0,"{""population_subjects"": 8, ""folds"": 7}",646e0b9-dirty,2026-09-29T04:30:07+00:00,
A-population-size,s,asis,leave-one-subject-out,11,,,,0,0,14.1267,19.474,0.7325,4521,0.001,,1,"{""population_subjects"": 8, ""folds"": 7}",646e0b9-dirty,2026-09-29T04:30:08+00:00,
A-population-size,s,asis,leave-one-subject-out,11,,,,0,0,16.459,22.2848,0.7272,4521,0.001,,2,"{""population_subjects"": 8, ""folds"": 7}",646e0b9-dirty,2026-09-29T04:30:09+00:00,
A-population-size,s,asis,leave-one-subject-out,11,,,,0,0,14.9758,20.6032,0.7118,4521,0.001,,0,"{""population_subjects"": 10, ""folds"": 7}",646e0b9-dirty,2026-09-29T04:30:10+00:00,
A-population-size,s,asis,leave-one-subject-out,11,,,,0,0,14.3163,19.5955,0.7239,4521,0.001,,1,"{""population_subjects"": 10, ""folds"": 7}",646e0b9-dirty,2026-09-29T04:30:11+00:00,
A-population-size,s,asis,leave-one-subject-out,11,,,,0,0,14.0833,19.4919,0.7298,4521,0.001,,2,"{""population_subjects"": 10, ""folds"": 7}",646e0b9-dirty,2026-09-29T04:30:12+00:00,
A-population-size,s,asis,leave-one-subject-out,11,,,,0,0,13.9589,19.3176,0.7282,4521,0.001,,0,"{""population_subjects"": 12, ""folds"": 7}",646e0b9-dirty,2026-09-29T04:30:14+00:00,
A-population-size,s,asis,leave-one-subject-out,11,,,,0,0,14.0881,19.4026,0.7299,4521,0.001,,1,"{""population_subjects"": 12, ""folds"": 7}",646e0b9-dirty,2026-09-29T04:30:15+00:00,
A-population-size,s,asis,leave-one-subject-out,11,,,,0,0,14.4064,19.842,0.7221,4521,0.001,,2,"{""population_subjects"": 12, ""folds"": 7}",646e0b9-dirty,2026-09-29T04:30:16+00:00,
A-population-size,s,asis,leave-one-subject-out,11,,,,0,0,14.4579,19.889,0.7265,4521,0.001,,0,"{""population_subjects"": 14, ""folds"": 7}",646e0b9-dirty,2026-09-29T04:30:18+00:00,
A-population-size,s,asis,leave-one-subject-out,12,,,,0,0,10.5274,12.97,0.6783,3954,10.0,,0,"{""population_subjects"": 2, ""folds"": 2}",646e0b9-dirty,2026-09-29T04:30:18+00:00,
A-population-size,s,asis,leave-one-subject-out,12,,,,0,0,14.9901,17.1722,0.6253,3954,10000.0,,1,"{""population_subjects"": 2, ""folds"": 2}",646e0b9-dirty,2026-09-29T04:30:18+00:00,
A-population-size,s,asis,leave-one-subject-out,12,,,,0,0,9.8117,12.5741,0.6486,3954,1000.0,,2,"{""population_subjects"": 2, ""folds"": 2}",646e0b9-dirty,2026-09-29T04:30:18+00:00,
A-population-size,s,asis,leave-one-subject-out,12,,,,0,0,12.5163,15.1281,0.6842,3954,100.0,,0,"{""population_subjects"": 4, ""folds"": 4}",646e0b9-dirty,2026-09-29T04:30:19+00:00,
A-population-size,s,asis,leave-one-subject-out,12,,,,0,0,16.394,19.3542,0.6559,3954,0.001,,1,"{""population_subjects"": 4, ""folds"": 4}",646e0b9-dirty,2026-09-29T04:30:19+00:00,
A-population-size,s,asis,leave-one-subject-out,12,,,,0,0,20.0972,24.1523,0.6088,3954,0.001,,2,"{""population_subjects"": 4, ""folds"": 4}",646e0b9-dirty,2026-09-29T04:30:19+00:00,
A-population-size,s,asis,leave-one-subject-out,12,,,,0,0,14.3763,17.7111,0.6459,3954,0.001,,0,"{""population_subjects"": 6, ""folds"": 6}",646e0b9-dirty,2026-09-29T04:30:20+00:00,
A-population-size,s,asis,leave-one-subject-out,12,,,,0,0,15.1873,17.9522,0.6586,3954,0.001,,1,"{""population_subjects"": 6, ""folds"": 6}",646e0b9-dirty,2026-09-29T04:30:21+00:00,
A-population-size,s,asis,leave-one-subject-out,12,,,,0,0,12.878,15.6812,0.6685,3954,1.0,,2,"{""population_subjects"": 6, ""folds"": 6}",646e0b9-dirty,2026-09-29T04:30:21+00:00,
A-population-size,s,asis,leave-one-subject-out,12,,,,0,0,15.035,18.204,0.6612,3954,0.001,,0,"{""population_subjects"": 8, ""folds"": 7}",646e0b9-dirty,2026-09-29T04:30:22+00:00,
A-population-size,s,asis,leave-one-subject-out,12,,,,0,0,10.5862,13.1917,0.6928,3954,0.001,,1,"{""population_subjects"": 8, ""folds"": 7}",646e0b9-dirty,2026-09-29T04:30:23+00:00,
A-population-size,s,asis,leave-one-subject-out,12,,,,0,0,15.6411,18.8395,0.6634,3954,0.001,,2,"{""population_subjects"": 8, ""folds"": 7}",646e0b9-dirty,2026-09-29T04:30:24+00:00,
A-population-size,s,asis,leave-one-subject-out,12,,,,0,0,14.4064,17.3604,0.6696,3954,0.001,,0,"{""population_subjects"": 10, ""folds"": 7}",646e0b9-dirty,2026-09-29T04:30:25+00:00,
A-population-size,s,asis,leave-one-subject-out,12,,,,0,0,13.1592,16.0054,0.672,3954,0.001,,1,"{""population_subjects"": 10, ""folds"": 7}",646e0b9-dirty,2026-09-29T04:30:26+00:00,
A-population-size,s,asis,leave-one-subject-out,12,,,,0,0,15.9135,18.9644,0.6634,3954,0.001,,2,"{""population_subjects"": 10, ""folds"": 7}",646e0b9-dirty,2026-09-29T04:30:27+00:00,
A-population-size,s,asis,leave-one-subject-out,12,,,,0,0,14.3615,17.3828,0.6708,3954,0.001,,0,"{""population_subjects"": 12, ""folds"": 7}",646e0b9-dirty,2026-09-29T04:30:29+00:00,
A-population-size,s,asis,leave-one-subject-out,12,,,,0,0,15.2758,18.3697,0.667,3954,0.001,,1,"{""population_subjects"": 12, ""folds"": 7}",646e0b9-dirty,2026-09-29T04:30:30+00:00,
A-population-size,s,asis,leave-one-subject-out,12,,,,0,0,12.2958,14.9235,0.6866,3954,0.001,,2,"{""population_subjects"": 12, ""folds"": 7}",646e0b9-dirty,2026-09-29T04:30:31+00:00,
A-population-size,s,asis,leave-one-subject-out,12,,,,0,0,15.0806,18.0508,0.6696,3954,0.001,,0,"{""population_subjects"": 14, ""folds"": 7}",646e0b9-dirty,2026-09-29T04:30:33+00:00,
A-population-size,s,asis,leave-one-subject-out,13,,,,0,0,9.3097,13.6926,0.792,4565,10.0,,0,"{""population_subjects"": 2, ""folds"": 2}",646e0b9-dirty,2026-09-29T04:30:33+00:00,
A-population-size,s,asis,leave-one-subject-out,13,,,,0,0,9.6461,14.6779,0.7901,4565,10.0,,1,"{""population_subjects"": 2, ""folds"": 2}",646e0b9-dirty,2026-09-29T04:30:33+00:00,
A-population-size,s,asis,leave-one-subject-out,13,,,,0,0,10.8652,14.4533,0.7982,4565,1000.0,,2,"{""population_subjects"": 2, ""folds"": 2}",646e0b9-dirty,2026-09-29T04:30:33+00:00,
A-population-size,s,asis,leave-one-subject-out,13,,,,0,0,9.6265,12.9944,0.8141,4565,1000.0,,0,"{""population_subjects"": 4, ""folds"": 4}",646e0b9-dirty,2026-09-29T04:30:34+00:00,
A-population-size,s,asis,leave-one-subject-out,13,,,,0,0,9.6206,13.7619,0.8077,4565,100.0,,1,"{""population_subjects"": 4, ""folds"": 4}",646e0b9-dirty,2026-09-29T04:30:34+00:00,
A-population-size,s,asis,leave-one-subject-out,13,,,,0,0,9.3932,12.8764,0.8135,4565,100.0,,2,"{""population_subjects"": 4, ""folds"": 4}",646e0b9-dirty,2026-09-29T04:30:35+00:00,
A-population-size,s,asis,leave-one-subject-out,13,,,,0,0,8.8489,12.7432,0.8194,4565,0.001,,0,"{""population_subjects"": 6, ""folds"": 6}",646e0b9-dirty,2026-09-29T04:30:35+00:00,
A-population-size,s,asis,leave-one-subject-out,13,,,,0,0,8.9432,12.7342,0.8235,4565,0.001,,1,"{""population_subjects"": 6, ""folds"": 6}",646e0b9-dirty,2026-09-29T04:30:36+00:00,
A-population-size,s,asis,leave-one-subject-out,13,,,,0,0,10.5943,13.6966,0.819,4565,0.001,,2,"{""population_subjects"": 6, ""folds"": 6}",646e0b9-dirty,2026-09-29T04:30:36+00:00,
A-population-size,s,asis,leave-one-subject-out,13,,,,0,0,8.8129,13.2704,0.8187,4565,0.001,,0,"{""population_subjects"": 8, ""folds"": 7}",646e0b9-dirty,2026-09-29T04:30:37+00:00,
A-population-size,s,asis,leave-one-subject-out,13,,,,0,0,8.7171,12.5193,0.8243,4565,0.001,,1,"{""population_subjects"": 8, ""folds"": 7}",646e0b9-dirty,2026-09-29T04:30:38+00:00,
A-population-size,s,asis,leave-one-subject-out,13,,,,0,0,9.6756,12.7973,0.8277,4565,0.001,,2,"{""population_subjects"": 8, ""folds"": 7}",646e0b9-dirty,2026-09-29T04:30:39+00:00,
A-population-size,s,asis,leave-one-subject-out,13,,,,0,0,9.6282,12.7127,0.8294,4565,0.001,,0,"{""population_subjects"": 10, ""folds"": 7}",646e0b9-dirty,2026-09-29T04:30:40+00:00,
A-population-size,s,asis,leave-one-subject-out,13,,,,0,0,9.1489,12.438,0.8305,4565,0.001,,1,"{""population_subjects"": 10, ""folds"": 7}",646e0b9-dirty,2026-09-29T04:30:41+00:00,
A-population-size,s,asis,leave-one-subject-out,13,,,,0,0,8.9909,12.3518,0.8309,4565,0.001,,2,"{""population_subjects"": 10, ""folds"": 7}",646e0b9-dirty,2026-09-29T04:30:42+00:00,
A-population-size,s,asis,leave-one-subject-out,13,,,,0,0,9.1508,12.397,0.8323,4565,0.001,,0,"{""population_subjects"": 12, ""folds"": 7}",646e0b9-dirty,2026-09-29T04:30:44+00:00,
A-population-size,s,asis,leave-one-subject-out,13,,,,0,0,9.1177,12.3772,0.8327,4565,0.001,,1,"{""population_subjects"": 12, ""folds"": 7}",646e0b9-dirty,2026-09-29T04:30:45+00:00,
A-population-size,s,asis,leave-one-subject-out,13,,,,0,0,8.9234,12.3284,0.8307,4565,0.001,,2,"{""population_subjects"": 12, ""folds"": 7}",646e0b9-dirty,2026-09-29T04:30:46+00:00,
A-population-size,s,asis,leave-one-subject-out,13,,,,0,0,9.0221,12.3116,0.8333,4565,0.001,,0,"{""population_subjects"": 14, ""folds"": 7}",646e0b9-dirty,2026-09-29T04:30:48+00:00,
A-population-size,s,asis,leave-one-subject-out,14,,,,0,0,12.5,17.2463,0.7296,4476,100.0,,0,"{""population_subjects"": 2, ""folds"": 2}",646e0b9-dirty,2026-09-29T04:30:48+00:00,
A-population-size,s,asis,leave-one-subject-out,14,,,,0,0,10.2274,13.5882,0.7468,4476,0.001,,1,"{""population_subjects"": 2, ""folds"": 2}",646e0b9-dirty,2026-09-29T04:30:48+00:00,
A-population-size,s,asis,leave-one-subject-out,14,,,,0,0,12.3154,17.0617,0.7353,4476,1000.0,,2,"{""population_subjects"": 2, ""folds"": 2}",646e0b9-dirty,2026-09-29T04:30:48+00:00,
A-population-size,s,asis,leave-one-subject-out,14,,,,0,0,9.1701,12.4283,0.7534,4476,0.1,,0,"{""population_subjects"": 4, ""folds"": 4}",646e0b9-dirty,2026-09-29T04:30:49+00:00,
A-population-size,s,asis,leave-one-subject-out,14,,,,0,0,10.8239,15.2127,0.7518,4476,100.0,,1,"{""population_subjects"": 4, ""folds"": 4}",646e0b9-dirty,2026-09-29T04:30:49+00:00,
A-population-size,s,asis,leave-one-subject-out,14,,,,0,0,11.2588,14.7627,0.7311,4476,0.1,,2,"{""population_subjects"": 4, ""folds"": 4}",646e0b9-dirty,2026-09-29T04:30:49+00:00,
A-population-size,s,asis,leave-one-subject-out,14,,,,0,0,9.6406,12.97,0.7368,4476,0.001,,0,"{""population_subjects"": 6, ""folds"": 6}",646e0b9-dirty,2026-09-29T04:30:50+00:00,
A-population-size,s,asis,leave-one-subject-out,14,,,,0,0,10.0309,14.3894,0.759,4476,0.001,,1,"{""population_subjects"": 6, ""folds"": 6}",646e0b9-dirty,2026-09-29T04:30:51+00:00,
A-population-size,s,asis,leave-one-subject-out,14,,,,0,0,10.0272,13.2579,0.7492,4476,0.001,,2,"{""population_subjects"": 6, ""folds"": 6}",646e0b9-dirty,2026-09-29T04:30:51+00:00,
A-population-size,s,asis,leave-one-subject-out,14,,,,0,0,9.3659,12.5414,0.7624,4476,0.001,,0,"{""population_subjects"": 8, ""folds"": 7}",646e0b9-dirty,2026-09-29T04:30:52+00:00,
A-population-size,s,asis,leave-one-subject-out,14,,,,0,0,9.1229,12.5016,0.7775,4476,0.001,,1,"{""population_subjects"": 8, ""folds"": 7}",646e0b9-dirty,2026-09-29T04:30:53+00:00,
A-population-size,s,asis,leave-one-subject-out,14,,,,0,0,8.9748,12.3023,0.7724,4476,0.001,,2,"{""population_subjects"": 8, ""folds"": 7}",646e0b9-dirty,2026-09-29T04:30:54+00:00,
A-population-size,s,asis,leave-one-subject-out,14,,,,0,0,8.9252,12.0846,0.7712,4476,0.001,,0,"{""population_subjects"": 10, ""folds"": 7}",646e0b9-dirty,2026-09-29T04:30:55+00:00,
A-population-size,s,asis,leave-one-subject-out,14,,,,0,0,8.9985,12.1815,0.7703,4476,0.001,,1,"{""population_subjects"": 10, ""folds"": 7}",646e0b9-dirty,2026-09-29T04:30:56+00:00,
A-population-size,s,asis,leave-one-subject-out,14,,,,0,0,8.6469,11.9332,0.7784,4476,0.001,,2,"{""population_subjects"": 10, ""folds"": 7}",646e0b9-dirty,2026-09-29T04:30:57+00:00,
A-population-size,s,asis,leave-one-subject-out,14,,,,0,0,8.9975,12.1242,0.7725,4476,0.001,,0,"{""population_subjects"": 12, ""folds"": 7}",646e0b9-dirty,2026-09-29T04:30:59+00:00,
A-population-size,s,asis,leave-one-subject-out,14,,,,0,0,8.7936,11.9439,0.7798,4476,0.001,,1,"{""population_subjects"": 12, ""folds"": 7}",646e0b9-dirty,2026-09-29T04:31:00+00:00,
A-population-size,s,asis,leave-one-subject-out,14,,,,0,0,8.8659,12.0244,0.7749,4476,0.001,,2,"{""population_subjects"": 12, ""folds"": 7}",646e0b9-dirty,2026-09-29T04:31:01+00:00,
A-population-size,s,asis,leave-one-subject-out,14,,,,0,0,8.7778,11.9466,0.7769,4476,0.001,,0,"{""population_subjects"": 14, ""folds"": 7}",646e0b9-dirty,2026-09-29T04:31:03+00:00,
A-population-size,s,asis,leave-one-subject-out,15,,,,0,0,11.0755,14.2432,0.6576,3966,100.0,,0,"{""population_subjects"": 2, ""folds"": 2}",646e0b9-dirty,2026-09-29T04:31:03+00:00,
A-population-size,s,asis,leave-one-subject-out,15,,,,0,0,12.0774,15.0681,0.636,3966,10000.0,,1,"{""population_subjects"": 2, ""folds"": 2}",646e0b9-dirty,2026-09-29T04:31:03+00:00,
A-population-size,s,asis,leave-one-subject-out,15,,,,0,0,10.1711,14.6094,0.6263,3966,0.001,,2,"{""population_subjects"": 2, ""folds"": 2}",646e0b9-dirty,2026-09-29T04:31:03+00:00,
A-population-size,s,asis,leave-one-subject-out,15,,,,0,0,10.7561,14.1685,0.6592,3966,0.001,,0,"{""population_subjects"": 4, ""folds"": 4}",646e0b9-dirty,2026-09-29T04:31:04+00:00,
A-population-size,s,asis,leave-one-subject-out,15,,,,0,0,10.7689,14.0007,0.6589,3966,100.0,,1,"{""population_subjects"": 4, ""folds"": 4}",646e0b9-dirty,2026-09-29T04:31:04+00:00,
A-population-size,s,asis,leave-one-subject-out,15,,,,0,0,11.2785,14.5346,0.661,3966,0.001,,2,"{""population_subjects"": 4, ""folds"": 4}",646e0b9-dirty,2026-09-29T04:31:05+00:00,
A-population-size,s,asis,leave-one-subject-out,15,,,,0,0,12.2138,15.4667,0.6518,3966,0.001,,0,"{""population_subjects"": 6, ""folds"": 6}",646e0b9-dirty,2026-09-29T04:31:05+00:00,
A-population-size,s,asis,leave-one-subject-out,15,,,,0,0,10.8154,14.2335,0.644,3966,100.0,,1,"{""population_subjects"": 6, ""folds"": 6}",646e0b9-dirty,2026-09-29T04:31:06+00:00,
A-population-size,s,asis,leave-one-subject-out,15,,,,0,0,9.7424,13.3238,0.6717,3966,0.001,,2,"{""population_subjects"": 6, ""folds"": 6}",646e0b9-dirty,2026-09-29T04:31:06+00:00,
A-population-size,s,asis,leave-one-subject-out,15,,,,0,0,12.2397,15.6905,0.6556,3966,0.001,,0,"{""population_subjects"": 8, ""folds"": 7}",646e0b9-dirty,2026-09-29T04:31:07+00:00,
A-population-size,s,asis,leave-one-subject-out,15,,,,0,0,13.3226,16.8843,0.6512,3966,0.001,,1,"{""population_subjects"": 8, ""folds"": 7}",646e0b9-dirty,2026-09-29T04:31:08+00:00,
A-population-size,s,asis,leave-one-subject-out,15,,,,0,0,9.7413,13.4146,0.67,3966,0.001,,2,"{""population_subjects"": 8, ""folds"": 7}",646e0b9-dirty,2026-09-29T04:31:09+00:00,
A-population-size,s,asis,leave-one-subject-out,15,,,,0,0,12.1148,15.463,0.6619,3966,0.001,,0,"{""population_subjects"": 10, ""folds"": 7}",646e0b9-dirty,2026-09-29T04:31:10+00:00,
A-population-size,s,asis,leave-one-subject-out,15,,,,0,0,12.1796,15.3639,0.6641,3966,0.001,,1,"{""population_subjects"": 10, ""folds"": 7}",646e0b9-dirty,2026-09-29T04:31:11+00:00,
A-population-size,s,asis,leave-one-subject-out,15,,,,0,0,11.2103,14.6678,0.667,3966,0.001,,2,"{""population_subjects"": 10, ""folds"": 7}",646e0b9-dirty,2026-09-29T04:31:12+00:00,
A-population-size,s,asis,leave-one-subject-out,15,,,,0,0,11.7189,15.0211,0.6658,3966,0.001,,0,"{""population_subjects"": 12, ""folds"": 7}",646e0b9-dirty,2026-09-29T04:31:14+00:00,
A-population-size,s,asis,leave-one-subject-out,15,,,,0,0,10.1997,13.6745,0.6765,3966,0.001,,1,"{""population_subjects"": 12, ""folds"": 7}",646e0b9-dirty,2026-09-29T04:31:15+00:00,
A-population-size,s,asis,leave-one-subject-out,15,,,,0,0,10.6732,14.0044,0.6765,3966,0.001,,2,"{""population_subjects"": 12, ""folds"": 7}",646e0b9-dirty,2026-09-29T04:31:16+00:00,
A-population-size,s,asis,leave-one-subject-out,15,,,,0,0,11.0096,14.3412,0.6723,3966,0.001,,0,"{""population_subjects"": 14, ""folds"": 7}",646e0b9-dirty,2026-09-29T04:31:18+00:00,
